spec_id,controls,year_filter,party_filter,seat_filter,winnable_threshold,female_coef,female_se,female_p,ci_lower,ci_upper,n
1,minimal,all,all,all,25,0.2122802293154636,0.22385272498875874,0.3429751816709349,-0.22646304950365292,0.6510235081345801,24380
2,minimal,all,all,general,25,0.30587687930611496,0.2513108347422585,0.22355638833001623,-0.18668330571340908,0.798437064325639,19988
3,minimal,all,all,sc,25,0.27272007981843815,0.5958514335107644,0.6471693401923946,-0.8951272699992228,1.440567429636099,3116
4,minimal,all,all,st,25,-0.9282661282750014,0.8764090019203211,0.2895223620619122,-2.645996207765526,0.7894639512155229,1276
5,minimal,all,national,all,25,0.09924303981915097,0.8164896825600109,0.903256656666868,-1.5010473317470117,1.6995334113853138,3636
6,minimal,all,national,general,25,0.013831968745367317,0.9738729342766493,0.9886679844186946,-1.8949239079552085,1.9225878454459433,2750
7,minimal,all,national,sc,25,-0.7569850103885398,2.044244125026976,0.7111584596243731,-4.763629871049008,3.249659850271928,538
8,minimal,all,national,st,25,1.8477128763831576,2.0616948200896243,0.3701402631523498,-2.1931347181052923,5.8885604708716075,348
9,minimal,all,regional,all,25,0.12622265572698335,0.17412909362978762,0.4685257983036386,-0.21506409644800337,0.46750940790197004,20744
10,minimal,all,regional,general,25,0.2532374751143464,0.18435971967459955,0.16956427243903094,-0.10810093564776913,0.614575885876462,17238
11,minimal,all,regional,sc,25,0.37340193844151326,0.5088012673240587,0.46301844603588027,-0.623830220801978,1.3706340976850044,2578
12,minimal,all,regional,st,25,-1.4738786506305068,0.840286154638476,0.07942709455477408,-3.1208092504295744,0.1730519491685607,928
13,minimal,all,independent,all,25,-0.12226636158968317,0.14510326290076445,0.39944312170330876,-0.4066635309144285,0.1621308077350621,12896
14,minimal,all,independent,general,25,0.060981201502370116,0.13592146817101142,0.6536839740526261,-0.20541998083861956,0.3273823838433598,11071
15,minimal,all,independent,sc,25,0.3791030428257439,0.4496962124791019,0.3992170820828763,-0.5022853376173675,1.2604914232688553,1395
16,minimal,all,independent,st,25,-4.162644362244489,1.1296437475761247,0.00022877645521530797,-6.376705422854549,-1.9485833016344283,430
17,minimal,2004,all,all,25,-0.3863833096333935,0.32000887787333043,0.22727261385238795,-1.0135891849981977,0.2408225657314107,5446
18,minimal,2004,all,general,25,-0.41867946591806426,0.3584757156984538,0.24282946162514174,-1.1212789580192535,0.28392002618312484,4484
19,minimal,2004,all,sc,25,0.479265938427898,0.834779337126754,0.565884634276228,-1.1568714973787597,2.115403374234556,703
20,minimal,2004,all,st,25,-1.48153885365351,1.3143727276610897,0.2596650331344492,-4.057662062130919,1.0945843548238987,259
21,minimal,2004,national,all,25,-0.6447997907271088,1.0590543524263738,0.5426272808413088,-2.7205081791531907,1.4309085976989733,851
22,minimal,2004,national,general,25,-0.5569040878364204,1.3165813842173124,0.6723007127603844,-3.1373561836182438,2.0235480079454033,652
23,minimal,2004,national,sc,25,1.9438470330422661,1.7994807470377316,0.28004127014895275,-1.5830704220249197,5.470764488109452,121
24,minimal,2004,regional,all,25,-0.30209755832099555,0.2771209596463432,0.27565638105009516,-0.8452446585890059,0.24104954194701483,4595
25,minimal,2004,regional,general,25,-0.3788722414602012,0.30233192458776875,0.21014511677101277,-0.9714319250289076,0.21368744210850515,3832
26,minimal,2004,regional,sc,25,0.07779793160951137,0.9384242242936128,0.933928882004158,-1.7614797502259074,1.9170756134449303,582
27,minimal,2004,regional,st,25,0.3566093096257918,0.6265527504851569,0.5692469717814451,-0.8714115157396265,1.5846301349912102,181
28,minimal,2004,independent,all,25,-0.17962995591809564,0.10989892040126345,0.10215358070836873,-0.3950278818444062,0.03576797000821491,2389
29,minimal,2004,independent,general,25,-0.13749343629040184,0.11000141279882689,0.21132721035254454,-0.3530922436246259,0.0781053710438222,2068
30,minimal,2004,independent,sc,25,-0.3733027854811573,0.24162421057472455,0.12235289043628185,-0.8468775360005395,0.10027196503822489,262
31,minimal,2009,all,all,25,-0.00828424393141544,0.4256484706913156,0.9844720385186673,-0.8425399165609468,0.8259714286981159,6637
32,minimal,2009,all,general,25,-0.018481382837277786,0.4906601009392659,0.9699536931730718,-0.9801575093290263,0.9431947436544709,5430
33,minimal,2009,all,sc,25,0.30282781011793447,0.8308180791823895,0.7154895082345358,-1.3255457027842958,1.9312013230201648,857
34,minimal,2009,all,st,25,-0.7279560519094095,2.4611376823048277,0.7673978654623165,-5.551697270221252,4.095785166402434,350
35,minimal,2009,national,all,25,-0.019745936346131088,1.6662136874957538,0.9905446647684489,-3.2854647543854854,3.245972881693223,948
36,minimal,2009,national,general,25,-1.031488881636728,2.0330638721686682,0.6119044563761566,-5.016220849356863,2.9532430860834062,717
37,minimal,2009,national,sc,25,0.9895963328994073,2.8518273609900837,0.7285880947119274,-4.599882584767064,6.579075250565879,140
38,minimal,2009,regional,all,25,-0.04150911842212979,0.31656927961326803,0.8956789944859072,-0.6619735050759251,0.5789552682316655,5689
39,minimal,2009,regional,general,25,0.23004605320431784,0.3191349445354293,0.47100638122641714,-0.3954469442933113,0.8555390507019469,4713
40,minimal,2009,regional,sc,25,0.04912558432115663,0.817772726533758,0.9520979582426169,-1.5536795072241316,1.651930675866445,717
41,minimal,2009,regional,st,25,-3.986464439949624,1.4681357356061793,0.006621092590662573,-6.863957606153955,-1.1089712737452935,259
42,minimal,2009,independent,all,25,-0.2897902665162748,0.20507278381182462,0.15762357694437823,-0.6917255369968197,0.11214500396427007,3834
43,minimal,2009,independent,general,25,-0.19073596478559549,0.20353226797349935,0.34869227139379544,-0.5896518797054093,0.20817995013421833,3261
44,minimal,2009,independent,sc,25,0.016170478859055766,0.30014382812245205,0.9570341439932284,-0.5721006144429305,0.604441572161042,439
45,minimal,2014,all,all,25,0.06927041231115684,0.5066545957267944,0.8912511904389587,-0.9237543479150614,1.062295172537375,6242
46,minimal,2014,all,general,25,0.4453702676168659,0.5646000672713366,0.43021468952764974,-0.6612255299038456,1.5519660651375773,5096
47,minimal,2014,all,sc,25,-0.32535605193815315,1.4576408822598184,0.823374188706233,-3.1822796835605867,2.5315675796842805,811
48,minimal,2014,all,st,25,-2.878714125315758,1.4888160211061725,0.05316733035025132,-5.796739906290082,0.03931165565856487,335
49,minimal,2014,national,all,25,-0.446826571634909,1.9659159556858037,0.8202008058264139,-4.299951041411726,3.4062978981419074,955
50,minimal,2014,national,general,25,0.08852045884472096,2.2064267931036077,0.9679979570546112,-4.235996590162559,4.413037507852001,719
51,minimal,2014,national,sc,25,-2.856299410791541,6.397295356287285,0.6552466074782148,-15.394767907579952,9.68216908599687,145
52,minimal,2014,regional,all,25,0.0646662170085264,0.33914697522664095,0.8487816876373147,-0.6000496399013878,0.7293820739184406,5287
53,minimal,2014,regional,general,25,0.38496018085398537,0.3871751486890979,0.3200869795915702,-0.3738891662855868,1.1438095279935576,4377
54,minimal,2014,regional,sc,25,-0.15236455956158196,0.7889008277712858,0.8468530458688766,-1.6985817693671381,1.3938526502439743,666
55,minimal,2014,regional,st,25,-2.4594897726089133,1.392910469399973,0.07744284792564785,-5.189544126321641,0.27056458110381465,244
56,minimal,2014,independent,all,25,-0.17373229371264712,0.2972221269220186,0.5588704770355062,-0.7562769578881964,0.4088123704629022,3230
57,minimal,2014,independent,general,25,0.3167065243725878,0.31131150079724534,0.308996476958596,-0.2934528051631254,0.926865853908301,2769
58,minimal,2014,independent,sc,25,0.09077136080836204,0.09727892420578844,0.3507662341796376,-0.099891827089785,0.2814345487065091,351
59,minimal,2014,independent,st,25,-5.861999134008116,2.0342561133948367,0.0039560814315277035,-9.849067851592423,-1.8749304164238074,110
60,minimal,2019,all,all,25,0.5910979957624285,0.41277009006701926,0.1521360375202084,-0.21791651466428352,1.4001125061891404,6055
61,minimal,2019,all,general,25,0.7514139569644296,0.4641943792835965,0.10550138612266706,-0.15839030825734535,1.6612182221862044,4978
62,minimal,2019,all,sc,25,0.32658003291437365,1.0789581823147774,0.7621330555414519,-1.7881391452473911,2.4412992110761387,745
63,minimal,2019,all,st,25,-0.0878246003932952,1.6177390218722227,0.9567053237767734,-3.258534819647907,3.082885618861316,332
64,minimal,2019,national,all,25,0.3854071755169611,1.3180025247035907,0.7699673296953772,-2.197830304434939,2.9686446554688617,882
65,minimal,2019,national,general,25,0.9202251555918131,1.6279706037393142,0.5718975613472881,-2.270538595627171,4.110988906810797,662
66,minimal,2019,national,sc,25,-5.292984071265595,2.373439260026527,0.02574144307002538,-9.944839540410984,-0.6411286021202063,132
67,minimal,2019,regional,all,25,0.4608054922315311,0.37468780696353365,0.2187575861517741,-0.27356911486329094,1.195180099326353,5173
68,minimal,2019,regional,general,25,0.4664879280679181,0.38622246483505646,0.22711579889323896,-0.29049419302908003,1.2234700491649162,4316
69,minimal,2019,regional,sc,25,1.7350723762557672,1.2908764802503971,0.17891472484038884,-0.7949990335248418,4.265143786036376,613
70,minimal,2019,regional,st,25,-0.9257829047282752,1.3815446019678477,0.5027894923925278,-3.633560567620981,1.7819947581644304,244
71,minimal,2019,independent,all,25,0.22030247916602688,0.3530317674756473,0.5326077618065274,-0.4716270704847607,0.9122320288168144,3443
72,minimal,2019,independent,general,25,0.1820242635818093,0.304570792954538,0.5500789085387803,-0.41492352135189076,0.7789720485155094,2973
73,minimal,2019,independent,sc,25,1.9272162862222275,1.8501509298667451,0.2975723312436144,-1.6990129022798846,5.55344547472434,343
74,minimal,2019,independent,st,25,-1.0180730645957983,1.468140239376689,0.4880309472537985,-3.8955750580281223,1.8594289288365258,127
75,minimal,all,all,all,30,0.19862252634147587,0.22288064266475385,0.37284282785739853,-0.23821550613258308,0.6354605588155349,24380
76,minimal,all,all,general,30,0.28815005923215714,0.24992198817502342,0.2489267968154696,-0.20168803653553402,0.7779881549998483,19988
77,minimal,all,all,sc,30,0.2754990436105372,0.5920534826948984,0.6416966097303427,-0.884904459392972,1.4359025466140463,3116
78,minimal,all,all,st,30,-0.938696129754545,0.8822200913522306,0.2873215351126376,-2.667815735242553,0.7904234757334633,1276
79,minimal,all,national,all,30,-0.0696063137961046,0.8188309480527851,0.9322558728514253,-1.6744854814063515,1.535272853814142,3636
80,minimal,all,national,general,30,-0.16567629282129687,0.9765075311557986,0.8652759022900446,-2.079595884518787,1.7482432988761931,2750
81,minimal,all,national,sc,30,-0.9846926037962647,2.0572257894796673,0.6321871298894801,-5.0167810592433915,3.0473958516508626,538
82,minimal,all,national,st,30,1.8760349679950714,2.0879370350802087,0.36891303679389464,-2.2162464227494807,5.9683163587396235,348
83,minimal,all,regional,all,30,0.13538041079709617,0.17241265158680846,0.4323295262934783,-0.20254217679210101,0.47330299838629336,20744
84,minimal,all,regional,general,30,0.2575099271594787,0.1815441526163334,0.15606163828620023,-0.09831007357237781,0.6133299278913351,17238
85,minimal,all,regional,sc,30,0.5034783800405805,0.5070365380560206,0.3207185107847178,-0.4902949733950923,1.4972517334762534,2578
86,minimal,all,regional,st,30,-1.5866666102186744,0.8560895367032655,0.06382667638982076,-3.2645712696986555,0.09123804926130674,928
87,minimal,all,independent,all,30,-0.1103116570665853,0.1441142010264025,0.4440059344184998,-0.39277030073909946,0.17214698660592886,12896
88,minimal,all,independent,general,30,0.06443210899538208,0.1356984984808352,0.6349166004614957,-0.20153206078321817,0.33039627877398237,11071
89,minimal,all,independent,sc,30,0.3791030428257439,0.4496962124791019,0.3992170820828763,-0.5022853376173675,1.2604914232688553,1395
90,minimal,all,independent,st,30,-4.162644362244489,1.1296437475761247,0.00022877645521530797,-6.376705422854549,-1.9485833016344283,430
91,minimal,2004,all,all,30,-0.3861474274427912,0.320268137484914,0.22793302355885825,-1.013861442308945,0.24156658742336268,5446
92,minimal,2004,all,general,30,-0.41839398456754395,0.35866806278610947,0.24340368589174288,-1.1213704700330693,0.2845825008979814,4484
93,minimal,2004,all,sc,30,0.4925035419444975,0.8348577208835022,0.555240851526721,-1.1437875232023598,2.1287946070913546,703
94,minimal,2004,all,st,30,-1.497604690684318,1.3237640649527396,0.25791918070440134,-4.092134582020028,1.0969252006513923,259
95,minimal,2004,national,all,30,-0.6467737073866199,1.061025841042096,0.5421440757544151,-2.7263461424954487,1.4327987277222087,851
96,minimal,2004,national,general,30,-0.5571370150202994,1.318994960351301,0.6727366500713052,-3.142319633098686,2.0280456030580867,652
97,minimal,2004,national,sc,30,1.9372203207815728,1.802945940821004,0.2826098484718359,-1.5964887893002788,5.470929430863425,121
98,minimal,2004,regional,all,30,-0.30131221490254045,0.2768046903251561,0.2763580037716854,-0.8438394386916092,0.24121500888652825,4595
99,minimal,2004,regional,general,30,-0.37853279062401657,0.3019378839388158,0.20995917807429465,-0.9703201687123304,0.21325458746429726,3832
100,minimal,2004,regional,sc,30,0.07779793160951137,0.9384242242936128,0.933928882004158,-1.7614797502259074,1.9170756134449303,582
101,minimal,2004,regional,st,30,0.3574086936574388,0.6378465586822989,0.5752499510905009,-0.8927475890226813,1.6075649763375588,181
102,minimal,2004,independent,all,30,-0.17962995591809564,0.10989892040126345,0.10215358070836873,-0.3950278818444062,0.03576797000821491,2389
103,minimal,2004,independent,general,30,-0.13749343629040184,0.11000141279882689,0.21132721035254454,-0.3530922436246259,0.0781053710438222,2068
104,minimal,2004,independent,sc,30,-0.3733027854811573,0.24162421057472455,0.12235289043628185,-0.8468775360005395,0.10027196503822489,262
105,minimal,2009,all,all,30,0.006610366300816121,0.42135550182367676,0.9874830331103351,-0.8192312419613914,0.8324519745630237,6637
106,minimal,2009,all,general,30,-0.006616316266362807,0.48585262977037663,0.9891347846778051,-0.9588699724103739,0.9456373398776482,5430
107,minimal,2009,all,sc,30,0.27683279005798433,0.8167512109589679,0.734652039157144,-1.3239701677510685,1.8776357478670371,857
108,minimal,2009,all,st,30,-0.4868136997264024,2.4611006694079367,0.8431990068622166,-5.310482374093377,4.336854974640572,350
109,minimal,2009,national,all,30,0.02728511053751359,1.661265640165499,0.9868959008331712,-3.2287357129407415,3.283305934015769,948
110,minimal,2009,national,general,30,-0.9678859989785611,2.0189092995452564,0.6316467371208909,-4.924875514140251,2.989103516183129,717
111,minimal,2009,national,sc,30,0.8549801347726538,2.8958306768363395,0.7678065682467309,-4.82074369715282,6.530703966698128,140
112,minimal,2009,regional,all,30,-0.029691702416831334,0.3095534343963341,0.9235858112056727,-0.6364052851243285,0.5770218802906659,5689
113,minimal,2009,regional,general,30,0.23706688386565655,0.314727363342881,0.4513025668926085,-0.3797874132356418,0.8539211809669549,4713
114,minimal,2009,regional,sc,30,0.08282069526897434,0.788668244477761,0.9163652146422856,-1.4629406596578676,1.6285820501958161,717
115,minimal,2009,regional,st,30,-3.855770730700087,1.4415697252141118,0.007479550003073657,-6.681195473323048,-1.0303459880771255,259
116,minimal,2009,independent,all,30,-0.2897902665162748,0.20507278381182462,0.15762357694437823,-0.6917255369968197,0.11214500396427007,3834
117,minimal,2009,independent,general,30,-0.19073596478559549,0.20353226797349935,0.34869227139379544,-0.5896518797054093,0.20817995013421833,3261
118,minimal,2009,independent,sc,30,0.016170478859055766,0.30014382812245205,0.9570341439932284,-0.5721006144429305,0.604441572161042,439
119,minimal,2014,all,all,30,0.0694120683278722,0.5031578989036389,0.8902776779907735,-0.9167592920601056,1.05558342871585,6242
120,minimal,2014,all,general,30,0.4127240415980466,0.5613705062292702,0.4622128770087184,-0.687541932594341,1.5129900157904344,5096
121,minimal,2014,all,sc,30,-0.24894519033041523,1.438847668348139,0.8626380195686902,-3.0690347995322003,2.5711444188713695,811
122,minimal,2014,all,st,30,-2.792438506189892,1.5162818494068686,0.06552848232112705,-5.76429632143914,0.17941930905935655,335
123,minimal,2014,national,all,30,-1.0950517079288633,1.9821510928999073,0.5806358189351113,-4.979996461929389,2.7898930460716618,955
124,minimal,2014,national,general,30,-0.6563998781801166,2.250338250765592,0.7705240927810569,-5.066981802713542,3.754182046353309,719
125,minimal,2014,national,sc,30,-3.293280334425407,6.243381669912798,0.5978579250987381,-15.530083549192032,8.943522880341217,145
126,minimal,2014,regional,all,30,0.15821317120516748,0.335110027640856,0.6368389546505496,-0.49859041382913233,0.8150167562394672,5287
127,minimal,2014,regional,general,30,0.43578298312755487,0.37564271154679774,0.24600823131945426,-0.300463202559137,1.1720291688142468,4377
128,minimal,2014,regional,sc,30,0.11180963102870708,0.8329633982515706,0.8932197982945896,-1.5207686299844652,1.7443878920418794,666
129,minimal,2014,regional,st,30,-2.2481351419089854,1.452632883209121,0.1217119161980879,-5.095243275757442,0.5989729919394704,244
130,minimal,2014,independent,all,30,-0.17373229371264712,0.2972221269220186,0.5588704770355062,-0.7562769578881964,0.4088123704629022,3230
131,minimal,2014,independent,general,30,0.3167065243725878,0.31131150079724534,0.308996476958596,-0.2934528051631254,0.926865853908301,2769
132,minimal,2014,independent,sc,30,0.09077136080836204,0.09727892420578844,0.3507662341796376,-0.099891827089785,0.2814345487065091,351
133,minimal,2014,independent,st,30,-5.861999134008116,2.0342561133948367,0.0039560814315277035,-9.849067851592423,-1.8749304164238074,110
134,minimal,2019,all,all,30,0.5927745151192404,0.4117962718655051,0.15001318525356191,-0.2143313467050143,1.399880376943495,6055
135,minimal,2019,all,general,30,0.744676327764138,0.4623541624673283,0.10726282352578365,-0.1615211787740063,1.6508738343022822,4978
136,minimal,2019,all,sc,30,0.3203797146121756,1.0779355473338332,0.7663015910105493,-1.7923351358176083,2.4330945650419595,745
137,minimal,2019,all,st,30,-0.17071395308811654,1.6279974754296516,0.9164858572996635,-3.361530371852365,3.020102465676132,332
138,minimal,2019,national,all,30,0.17893967539282934,1.3275608140087773,0.892779250632227,-2.4230317073510514,2.7809110581367102,882
139,minimal,2019,national,general,30,0.7623762133916249,1.6300555020169505,0.6399994679421286,-2.4324738633629552,3.957226290146205,662
140,minimal,2019,national,sc,30,-5.726234356411217,2.512915048563663,0.022683606738275013,-10.651457347804717,-0.8010113650177164,132
141,minimal,2019,regional,all,30,0.46624988928216893,0.3729866230330181,0.21128327969117744,-0.2647904585777643,1.1972902371421021,5173
142,minimal,2019,regional,general,30,0.45147339500264405,0.38042780855958735,0.23532552741269752,-0.29415140849164567,1.1970981984969338,4316
143,minimal,2019,regional,sc,30,2.0406415460956593,1.2897372221928074,0.11360050303612214,-0.48719695892297654,4.568480051114295,613
144,minimal,2019,regional,st,30,-1.102654313946797,1.526149058776423,0.4699824463067316,-4.093851504188288,1.888542876294694,244
145,minimal,2019,independent,all,30,0.27977156554881094,0.3404080931854233,0.41115027672911675,-0.3874160371405733,0.9469591682381953,3443
146,minimal,2019,independent,general,30,0.18259487651201495,0.304569110790422,0.5488270456685517,-0.41434961144060173,0.7795393644646316,2973
147,minimal,2019,independent,sc,30,1.9272162862222275,1.8501509298667451,0.2975723312436144,-1.6990129022798846,5.55344547472434,343
148,minimal,2019,independent,st,30,-1.0180730645957983,1.468140239376689,0.4880309472537985,-3.8955750580281223,1.8594289288365258,127
149,minimal,all,all,all,35,0.1298507174591793,0.22298164457697128,0.5603389361195472,-0.30718527512519544,0.5668867100435541,24380
150,minimal,all,all,general,35,0.20833679665414379,0.2504647432032151,0.4055213406937015,-0.2825650794212311,0.6992386727295187,19988
151,minimal,all,all,sc,35,0.26930873597187116,0.5904291342550416,0.6483010105919571,-0.8879111025911748,1.426528574534917,3116
152,minimal,all,all,st,35,-0.954458826685388,0.8774899952226461,0.2767210461043472,-2.6743076141159987,0.7653899607452226,1276
153,minimal,all,national,all,35,-0.0866680159761789,0.8186083874550624,0.9156836106658897,-1.6911109728305114,1.5177749408781533,3636
154,minimal,all,national,general,35,-0.2772746885545475,0.9777135096364522,0.7767207490688233,-2.193557954640249,1.639008577531154,2750
155,minimal,all,national,sc,35,-0.36547723376094177,2.0660040457891182,0.8595865135330791,-4.414770755421654,3.683816287899771,538
156,minimal,all,national,st,35,1.81559448574081,2.0251111493721297,0.3699640746943653,-2.1535504317190775,5.784739403200698,348
157,minimal,all,regional,all,35,0.06767818975737463,0.1740478581710984,0.6973884708351501,-0.27344934384431363,0.40880572335906284,20744
158,minimal,all,regional,general,35,0.20115997149411202,0.18421557350883835,0.27484129669910695,-0.159895917974602,0.562215860962826,17238
159,minimal,all,regional,sc,35,0.41078075160856076,0.49989152551768823,0.4112250143616939,-0.5689886345828936,1.3905501378000151,2578
160,minimal,all,regional,st,35,-1.6880009829106286,0.867485100907782,0.051672054196207975,-3.388240537814976,0.012238571993718583,928
161,minimal,all,independent,all,35,-0.11581511071361877,0.145510882478383,0.42607817966755757,-0.40101119972988986,0.1693809783026523,12896
162,minimal,all,independent,general,35,0.05567168361390488,0.13669747637720073,0.6838155907327961,-0.21225044686292335,0.3235938140907331,11071
163,minimal,all,independent,sc,35,0.3791030428257439,0.4496962124791019,0.3992170820828763,-0.5022853376173675,1.2604914232688553,1395
164,minimal,all,independent,st,35,-3.9815135081315254,1.2292402249045749,0.0011994806139685374,-6.390780077292408,-1.5722469389706428,430
165,minimal,2004,all,all,35,-0.39936941660759,0.32248965938356644,0.2155698234620681,-1.0314375343859696,0.23269870117078967,5446
166,minimal,2004,all,general,35,-0.4207201136111579,0.3608051454203917,0.24359056216499364,-1.1278852040718625,0.2864449768495466,4484
167,minimal,2004,all,sc,35,0.38282355025481024,0.8367815475684027,0.6473151440426974,-1.257238145906949,2.0228852464165694,703
168,minimal,2004,all,st,35,-1.7071964799858894,1.3378806191100923,0.20193945222822518,-4.32939430905582,0.9150013490840414,259
169,minimal,2004,national,all,35,-0.6472813343328283,1.060510494816563,0.5416307602805391,-2.725843709400043,1.4312810407343866,851
170,minimal,2004,national,general,35,-0.5570092755627997,1.319337189476931,0.6728872762776892,-3.1428626504018817,2.0288440992762826,652
171,minimal,2004,national,sc,35,1.663910663038185,1.7798444552432753,0.3498589257731167,-1.8245203673219466,5.152341693398316,121
172,minimal,2004,regional,all,35,-0.31425951874819597,0.2796322644870833,0.26108455872482805,-0.862328686058258,0.2338096485618661,4595
173,minimal,2004,regional,general,35,-0.381659187860875,0.3044497451503789,0.20998625188701658,-0.9783697234580158,0.21505134773626572,3832
174,minimal,2004,regional,sc,35,-0.017009855880270264,0.9455176355804511,0.9856468363516899,-1.870190368365422,1.8361706566048814,582
175,minimal,2004,regional,st,35,0.36997742592831956,0.651874668150692,0.5703343586908748,-0.9076734460810361,1.647628297937675,181
176,minimal,2004,independent,all,35,-0.17922659318245587,0.10976343396563096,0.10250175557714382,-0.39435897057453306,0.03590578420962129,2389
177,minimal,2004,independent,general,35,-0.13711164724614017,0.10983162785632565,0.2118917975108915,-0.3523776822079446,0.07815438771566424,2068
178,minimal,2004,independent,sc,35,-0.3733027854811573,0.24162421057472455,0.12235289043628185,-0.8468775360005395,0.10027196503822489,262
179,minimal,2009,all,all,35,-0.12031327192348025,0.42097796793875925,0.7750353679270297,-0.945414927368306,0.7047883835213454,6637
180,minimal,2009,all,general,35,-0.14105104356616135,0.48294606493058984,0.7702378746016826,-1.08760793730546,0.8055058501731371,5430
181,minimal,2009,all,sc,35,0.2959925001663607,0.840519180069789,0.724722497146326,-1.3513948210855622,1.9433798214182834,857
182,minimal,2009,all,st,35,-0.9816020717991323,2.5062917568583756,0.6953130335127837,-5.893843649991167,3.930639506392902,350
183,minimal,2009,national,all,35,-0.15236959094009106,1.6443922665336905,0.9261735772894554,-3.3753192098023135,3.070580027922132,948
184,minimal,2009,national,general,35,-1.2023158365527367,2.0096893894051213,0.5496667732995193,-5.141234659899067,2.736602986793593,717
185,minimal,2009,national,sc,35,1.2808650897070277,2.8855010550731612,0.6571170967568624,-4.3746130555886955,6.936343235002751,140
186,minimal,2009,regional,all,35,-0.10374311084870887,0.3146156967591492,0.7415922692639982,-0.7203785454676164,0.5128923237701986,5689
187,minimal,2009,regional,general,35,0.2019441892512874,0.31261367470144164,0.5182881487202483,-0.4107673542382584,0.8146557327408332,4713
188,minimal,2009,regional,sc,35,-0.012346908594681657,0.8188798319306948,0.9879701097769373,-1.617321886845056,1.5926280696556927,717
189,minimal,2009,regional,st,35,-4.418183922569518,1.9831536212811258,0.025890010510348394,-8.30509359609071,-0.5312742490483249,259
190,minimal,2009,independent,all,35,-0.40238154500845635,0.23478982413018668,0.08656644589814548,-0.8625611442401155,0.05779805422320283,3834
191,minimal,2009,independent,general,35,-0.2365651601719534,0.2139302596059993,0.2688109112804181,-0.6558607642030159,0.18273044385910914,3261
192,minimal,2009,independent,sc,35,0.016170478859055766,0.30014382812245205,0.9570341439932284,-0.5721006144429305,0.604441572161042,439
193,minimal,2014,all,all,35,0.09438678445926048,0.5038427546719403,0.851398913184958,-0.8931268685691925,1.0819004374877135,6242
194,minimal,2014,all,general,35,0.37642196112578996,0.5640408644147367,0.5045380772779055,-0.7290778189359337,1.4819217411875136,5096
195,minimal,2014,all,sc,35,0.05347658910523151,1.448643564037958,0.9705528280982457,-2.7858126228449094,2.8927658010553725,811
196,minimal,2014,all,st,35,-2.766577262944867,1.5058418770527027,0.06617600833018761,-5.717973108380356,0.18481858249062233,335
197,minimal,2014,national,all,35,-0.7310600333529294,1.955095199625838,0.7084597124219978,-4.56297621096672,3.1008561442608604,955
198,minimal,2014,national,general,35,-0.4062994792597159,2.209847066193984,0.8541243510165891,-4.7375201403414255,3.9249211818219933,719
199,minimal,2014,national,sc,35,-1.8698263578914336,6.3073624621016835,0.7668853858425417,-14.232029621050614,10.492376905267747,145
200,minimal,2014,regional,all,35,0.10132051240588714,0.34767973443124967,0.7707308148328329,-0.5801192452338128,0.782760270045587,5287
201,minimal,2014,regional,general,35,0.32722869529763615,0.3981514082175493,0.41115089240361835,-0.4531337252026654,1.1075911157979377,4377
202,minimal,2014,regional,sc,35,0.20503827054510823,0.8305291719796843,0.8050036775918807,-1.4227689946449458,1.832845535735162,666
203,minimal,2014,regional,st,35,-2.145645001120103,1.3995085152665994,0.12524092101730175,-4.888631287099763,0.5973412848595561,244
204,minimal,2014,independent,all,35,-0.16029676769263163,0.29757704897156595,0.5901124004419458,-0.7435370663026128,0.42294353091734954,3230
205,minimal,2014,independent,general,35,0.3167065243725878,0.31131150079724534,0.308996476958596,-0.2934528051631254,0.926865853908301,2769
206,minimal,2014,independent,sc,35,0.09077136080836204,0.09727892420578844,0.3507662341796376,-0.099891827089785,0.2814345487065091,351
207,minimal,2014,independent,st,35,-5.358227046765932,2.0922150318949644,0.0104362116498242,-9.458893157193383,-1.2575609363384812,110
208,minimal,2019,all,all,35,0.515746612903764,0.4122108993661182,0.2108718398072762,-0.2921719038886923,1.3236651296962203,6055
209,minimal,2019,all,general,35,0.6544844601440803,0.46324810628483626,0.15770975404490628,-0.25346514408058174,1.5624340643687424,4978
210,minimal,2019,all,sc,35,0.3220378618193927,1.080890191759052,0.7657507669834996,-1.796467985270942,2.4405437089097273,745
211,minimal,2019,all,st,35,-0.08527950686321639,1.604305288808791,0.9576070890149171,-3.2296600931355766,3.0591010794091433,332
212,minimal,2019,national,all,35,0.4302186066424299,1.3414164179932053,0.7484228533287964,-2.1989092608949794,3.0593464741798395,882
213,minimal,2019,national,general,35,0.9156426581264767,1.6652172324060637,0.5824128020294657,-2.348123143824873,4.179408460077826,662
214,minimal,2019,national,sc,35,-4.833861831917421,2.2745852623823013,0.03357310985268788,-9.29196702595232,-0.375756637882521,132
215,minimal,2019,regional,all,35,0.4144666580225927,0.37510916015666235,0.26919304840221725,-0.32073378615553255,1.1496671022007179,5173
216,minimal,2019,regional,general,35,0.4089291490556365,0.384440739261785,0.28746517293302487,-0.34456085408741566,1.1624191521986886,4316
217,minimal,2019,regional,sc,35,2.0252586525414373,1.2744635224315881,0.11203628236404536,-0.47264395103453083,4.5231612561174055,613
218,minimal,2019,regional,st,35,-1.1680556151944168,1.5329961951239077,0.44609406530278295,-4.172672946074213,1.8365617156853797,244
219,minimal,2019,independent,all,35,0.27977156554881094,0.3404080931854233,0.41115027672911675,-0.3874160371405733,0.9469591682381953,3443
220,minimal,2019,independent,general,35,0.18259487651201495,0.304569110790422,0.5488270456685517,-0.41434961144060173,0.7795393644646316,2973
221,minimal,2019,independent,sc,35,1.9272162862222275,1.8501509298667451,0.2975723312436144,-1.6990129022798846,5.55344547472434,343
222,minimal,2019,independent,st,35,-1.0180730645957983,1.468140239376689,0.4880309472537985,-3.8955750580281223,1.8594289288365258,127
223,minimal,all,all,all,40,0.1106037791594357,0.22378792289980115,0.621140365973075,-0.32801248989920095,0.5492200482180724,24380
224,minimal,all,all,general,40,0.19753985620139825,0.2503031810797431,0.429993754590714,-0.2930453639307057,0.6881250763335022,19988
225,minimal,all,all,sc,40,0.253184503948623,0.5969401398813359,0.6714657761591698,-0.9167966711450973,1.4231656790423433,3116
226,minimal,all,all,st,40,-1.0157985528630102,0.8979498748313159,0.25795327663165457,-2.775747967454639,0.7441508617286186,1276
227,minimal,all,national,all,40,0.12487462264649443,0.8294816428545891,0.8803343567684295,-1.500879523185616,1.750628768478605,3636
228,minimal,all,national,general,40,-0.06507581078726661,0.9890946155084858,0.9475423808294344,-2.0036656344863912,1.873514012911858,2750
229,minimal,all,national,sc,40,-0.02300645606876675,2.1012529409682132,0.9912641981432555,-4.141386542775333,4.0953736306378,538
230,minimal,all,national,st,40,1.8566770438620486,2.0659562471800834,0.3688119188098663,-2.192522794246445,5.905876881970542,348
231,minimal,all,regional,all,40,0.045640357411316904,0.1748800968788735,0.794107270356504,-0.29711833408415067,0.38839904890678445,20744
232,minimal,all,regional,general,40,0.18555614874651463,0.18298713167126152,0.3105639847936752,-0.17309203896344663,0.5442043364564759,17238
233,minimal,all,regional,sc,40,0.37611064161478464,0.5059543027186763,0.45725842983257525,-0.6155415695368969,1.367762852766466,2578
234,minimal,all,regional,st,40,-1.9009401932980483,0.9299920014919947,0.040949665543221984,-3.723691022132678,-0.07818936446341862,928
235,minimal,all,independent,all,40,-0.1937238117583337,0.1603984643212689,0.22713728276011091,-0.5080990250035535,0.12065140148688619,12896
236,minimal,all,independent,general,40,0.05567168361390488,0.13669747637720073,0.6838155907327961,-0.21225044686292335,0.3235938140907331,11071
237,minimal,all,independent,sc,40,0.3791030428257439,0.4496962124791019,0.3992170820828763,-0.5022853376173675,1.2604914232688553,1395
238,minimal,all,independent,st,40,-5.216218159284276,1.6144023639984961,0.0012333545352992623,-8.380388649277652,-2.052047669290901,430
239,minimal,2004,all,all,40,-0.4029951411510214,0.3220011218937451,0.21073995590986427,-1.0341057430442535,0.22811546074221078,5446
240,minimal,2004,all,general,40,-0.41461781209891896,0.3601288632484195,0.24960717920681275,-1.1204574138591714,0.29122178966133355,4484
241,minimal,2004,all,sc,40,0.29708417652532665,0.8345807185664932,0.721864397712098,-1.3386639740565587,1.932832327107212,703
242,minimal,2004,all,st,40,-1.8367408907294294,1.3690292379501978,0.17971357842398605,-4.519988890894133,0.8465071094352743,259
243,minimal,2004,national,all,40,-0.6494635360465657,1.0567368923494018,0.5388232638716888,-2.7206297861861737,1.4217027140930423,851
244,minimal,2004,national,general,40,-0.5499037339285093,1.3091283966911924,0.6744464999588109,-3.115748242581911,2.0159407747248927,652
245,minimal,2004,national,sc,40,1.4484104506403463,1.6739058417846417,0.38688079695577426,-1.8323847127687536,4.729205614049446,121
246,minimal,2004,regional,all,40,-0.31268787665834735,0.2794506033732219,0.26316662459244156,-0.8604009947278497,0.23502524141115494,4595
247,minimal,2004,regional,general,40,-0.38055565826186943,0.3042490092594228,0.21100625846885745,-0.9768727587423315,0.21576144221859261,3832
248,minimal,2004,regional,sc,40,-0.017491729215404855,0.9512066955670537,0.9853285366704407,-1.8818225943801856,1.8468391359493759,582
249,minimal,2004,regional,st,40,0.4319177061710682,0.6523024102668202,0.5078793529589207,-0.8465715249805699,1.7104069373227062,181
250,minimal,2004,independent,all,40,-0.17922659318245587,0.10976343396563096,0.10250175557714382,-0.39435897057453306,0.03590578420962129,2389
251,minimal,2004,independent,general,40,-0.13711164724614017,0.10983162785632565,0.2118917975108915,-0.3523776822079446,0.07815438771566424,2068
252,minimal,2004,independent,sc,40,-0.3733027854811573,0.24162421057472455,0.12235289043628185,-0.8468775360005395,0.10027196503822489,262
253,minimal,2009,all,all,40,-0.2508160894121715,0.42235022833712044,0.5526070487873898,-1.0786073258151956,0.5769751469908527,6637
254,minimal,2009,all,general,40,-0.19133897649135193,0.48028740271063247,0.690346904831455,-1.1326849880324767,0.7500070350497728,5430
255,minimal,2009,all,sc,40,0.42799304309970826,0.7854008540709256,0.5857976727628187,-1.1113643443063046,1.9673504305057212,857
256,minimal,2009,all,st,40,-2.770598276158208,2.6675385887300727,0.29897463778524935,-7.998877837439954,2.457681285123538,350
257,minimal,2009,national,all,40,0.07616044425698598,1.6423518186422639,0.9630131195978114,-3.1427899702257096,3.295110858739682,948
258,minimal,2009,national,general,40,-0.747069745399374,2.023784975754667,0.7120197811144793,-4.713615410331787,3.2194759195330396,717
259,minimal,2009,national,sc,40,1.7442216845197545,2.7270198280776,0.522427960348561,-3.6006389636389518,7.08908233267846,140
260,minimal,2009,regional,all,40,-0.24365752882721253,0.3193701511272523,0.4455042856678464,-0.8696115227737411,0.3822964651193161,5689
261,minimal,2009,regional,general,40,0.10098119320800752,0.3014098474068028,0.7376028262663875,-0.4897712522950394,0.6917336387110544,4713
262,minimal,2009,regional,sc,40,-0.0007590821129059304,0.7465941397508337,0.9991887696920271,-1.4640567070932038,1.4625385428673918,717
263,minimal,2009,regional,st,40,-6.018506874075995,2.9784301912172766,0.043311073746220244,-11.856122779328604,-0.18089096882338662,259
264,minimal,2009,independent,all,40,-0.7123617708201663,0.3345839486372338,0.03324621379637036,-1.3681342599543438,-0.05658928168598876,3834
265,minimal,2009,independent,general,40,-0.2365651601719534,0.2139302596059993,0.2688109112804181,-0.6558607642030159,0.18273044385910914,3261
266,minimal,2009,independent,sc,40,0.016170478859055766,0.30014382812245205,0.9570341439932284,-0.5721006144429305,0.604441572161042,439
267,minimal,2014,all,all,40,0.14929265697513258,0.5170060694594428,0.7727621067142022,-0.8640206189539889,1.162605932904254,6242
268,minimal,2014,all,general,40,0.43935397208262716,0.5771755389557562,0.4465293906007779,-0.69188929702815,1.5705972411934044,5096
269,minimal,2014,all,sc,40,-0.03252138395287202,1.5321496306473568,0.9830653865029974,-3.0354794789480377,2.9704367110422933,811
270,minimal,2014,all,st,40,-2.5319864842250497,1.536303564259156,0.09933154067585706,-5.5430861394935125,0.47911317104341267,335
271,minimal,2014,national,all,40,-0.05118202014632231,2.0556532693886966,0.9801361808644466,-4.080188392850181,3.9778243525575365,955
272,minimal,2014,national,general,40,-0.010908056688071432,2.3024020991447585,0.99621988814886,-4.523533248941217,4.501717135565074,719
273,minimal,2014,national,sc,40,0.0844069548526682,6.967257018208592,0.9903340211852929,-13.5711658718701,13.739979781575435,145
274,minimal,2014,regional,all,40,0.09814066788766458,0.36365239446575953,0.7872564675810274,-0.614604928156977,0.8108862639323062,5287
275,minimal,2014,regional,general,40,0.39089166239909273,0.41318220278711204,0.34412229507501935,-0.41893057411657203,1.2007138989147574,4377
276,minimal,2014,regional,sc,40,-0.22676780110511063,0.9080388500068657,0.8027933806516377,-2.0064912436817357,1.5529556414715142,666
277,minimal,2014,regional,st,40,-2.3072380066773746,1.4133263209159175,0.1025767619515434,-5.077306694075071,0.4628306807203222,244
278,minimal,2014,independent,all,40,-0.16029676769263163,0.29757704897156595,0.5901124004419458,-0.7435370663026128,0.42294353091734954,3230
279,minimal,2014,independent,general,40,0.3167065243725878,0.31131150079724534,0.308996476958596,-0.2934528051631254,0.926865853908301,2769
280,minimal,2014,independent,sc,40,0.09077136080836204,0.09727892420578844,0.3507662341796376,-0.099891827089785,0.2814345487065091,351
281,minimal,2014,independent,st,40,-5.358227046765932,2.0922150318949644,0.0104362116498242,-9.458893157193383,-1.2575609363384812,110
282,minimal,2019,all,all,40,0.5588648031474909,0.41024915113484617,0.1731167734088399,-0.2452087577649371,1.3629383640599189,6055
283,minimal,2019,all,general,40,0.7015533495877118,0.46148886918127924,0.12846182228105332,-0.20294821327371204,1.6060549124491357,4978
284,minimal,2019,all,sc,40,0.3296764277851698,1.0739961474420197,0.7588719970027435,-1.7753173407359586,2.434670196306298,745
285,minimal,2019,all,st,40,0.27725731721242797,1.6066793220278328,0.8629930225661196,-2.871776288667356,3.426290923092212,332
286,minimal,2019,national,all,40,0.5237811496521559,1.3373896729897907,0.6953209914754443,-2.097454442703634,3.1450167420079462,882
287,minimal,2019,national,general,40,0.9274384598864961,1.65656128676115,0.57557655756392,-2.319362000348687,4.174238920121679,662
288,minimal,2019,national,sc,40,-4.773470571142308,2.232151297544368,0.03247563853901598,-9.148406722373618,-0.39853441991099725,132
289,minimal,2019,regional,all,40,0.46414011207846995,0.3677448714980966,0.2069036970923679,-0.25662659155710965,1.1849068157140494,5173
290,minimal,2019,regional,general,40,0.4218246947297088,0.3775041152604427,0.2638215279138788,-0.31806977519641627,1.1617191646558338,4316
291,minimal,2019,regional,sc,40,2.1984592095473228,1.254218633699302,0.07962747362224788,-0.2597641412423437,4.656682560336989,613
292,minimal,2019,regional,st,40,-0.6461393501125706,1.4809111529717462,0.6626103554222038,-3.54867187424088,2.2563931740157384,244
293,minimal,2019,independent,all,40,0.27977156554881094,0.3404080931854233,0.41115027672911675,-0.3874160371405733,0.9469591682381953,3443
294,minimal,2019,independent,general,40,0.18259487651201495,0.304569110790422,0.5488270456685517,-0.41434961144060173,0.7795393644646316,2973
295,minimal,2019,independent,sc,40,1.9272162862222275,1.8501509298667451,0.2975723312436144,-1.6990129022798846,5.55344547472434,343
296,minimal,2019,independent,st,40,-1.0180730645957983,1.468140239376689,0.4880309472537985,-3.8955750580281223,1.8594289288365258,127
297,year,all,all,all,25,0.16535979532642056,0.221588778385137,0.45551867297826265,-0.2689462296866756,0.5996658203395167,24380
298,year,all,all,general,25,0.26347406772151005,0.24904833701535778,0.2900903582507194,-0.22465170323818479,0.7515998386812048,19988
299,year,all,all,sc,25,0.29465753796399397,0.5880663610700926,0.616327691643669,-0.8579313502529149,1.4472464261809028,3116
300,year,all,all,st,25,-1.1821482575425792,0.8678130778793106,0.1731299467534464,-2.883030635498881,0.5187341204137226,1276
301,year,all,national,all,25,-0.19055448318686852,0.7976353268315256,0.8111837053552953,-1.7538909965734937,1.3727820301997569,3636
302,year,all,national,general,25,-0.21833367293980405,0.9451432191940939,0.8173102077985211,-2.070780342792474,1.634112996912866,2750
303,year,all,national,sc,25,-1.018366583959204,2.066897425371667,0.6222224501420431,-5.069411097426236,3.0326779295078277,538
304,year,all,national,st,25,1.406358808540757,2.0746275749881358,0.4978446435114776,-2.6598365197696596,5.472554136851174,348
305,year,all,regional,all,25,0.12334026839546969,0.17271585718435764,0.47515147458564067,-0.21517659124483485,0.4618571280357742,20744
306,year,all,regional,general,25,0.2418283179294733,0.18337463781700108,0.18724720776551151,-0.11757936786992546,0.601236003728872,17238
307,year,all,regional,sc,25,0.4849504890546189,0.5010990530032322,0.3331573968846896,-0.4971856075188439,1.4670865856280817,2578
308,year,all,regional,st,25,-1.5105555995019448,0.8172561403925019,0.06455522734630949,-3.112348200815459,0.09123700181156913,928
309,year,all,independent,all,25,-0.11826908819256911,0.14426166737365165,0.4123167989594839,-0.40101676059462327,0.16447858420948508,12896
310,year,all,independent,general,25,0.058667125725248084,0.1353379192725095,0.6646615605541288,-0.2065903217914598,0.32392457324195595,11071
311,year,all,independent,sc,25,0.4376187139414093,0.4475669615494059,0.32818680303304537,-0.43959641136544947,1.314833839248268,1395
312,year,all,independent,st,25,-3.88190141094456,1.132873864755423,0.0006111969613326349,-6.102293384891889,-1.661509436997231,430
313,year,2004,all,all,25,-0.3863833096333943,0.32000887787333065,0.22727261385238717,-1.013589184998199,0.24082256573141037,5446
314,year,2004,all,general,25,-0.4186794659180628,0.35847571569845355,0.24282946162514296,-1.1212789580192515,0.28392002618312584,4484
315,year,2004,all,sc,25,0.47926593842789733,0.834779337126754,0.5658846342762286,-1.1568714973787606,2.115403374234555,703
316,year,2004,all,st,25,-1.4815388536535146,1.3143727276610906,0.2596650331344481,-4.057662062130925,1.0945843548238958,259
317,year,2004,national,all,25,-0.6447997907271072,1.059054352426374,0.54262728084131,-2.7205081791531898,1.4309085976989753,851
318,year,2004,national,general,25,-0.5569040878364202,1.3165813842173129,0.6723007127603846,-3.1373561836182446,2.0235480079454042,652
319,year,2004,national,sc,25,1.943847033042265,1.7994807470377305,0.28004127014895275,-1.5830704220249185,5.470764488109449,121
320,year,2004,regional,all,25,-0.3020975583209958,0.27712095964634303,0.2756563810500945,-0.8452446585890059,0.24104954194701428,4595
321,year,2004,regional,general,25,-0.3788722414602015,0.3023319245877686,0.2101451167710121,-0.9714319250289075,0.21368744210850454,3832
322,year,2004,regional,sc,25,0.07779793160951123,0.938424224293614,0.9339288820041582,-1.76147975022591,1.9170756134449325,582
323,year,2004,regional,st,25,0.3566093096257898,0.6265527504851576,0.5692469717814477,-0.8714115157396298,1.5846301349912095,181
324,year,2004,independent,all,25,-0.1796299559180951,0.10989892040126334,0.10215358070836943,-0.3950278818444054,0.035767970008215216,2389
325,year,2004,independent,general,25,-0.13749343629040167,0.1100014127988269,0.2113272103525451,-0.35309224362462577,0.0781053710438224,2068
326,year,2004,independent,sc,25,-0.3733027854811573,0.24162421057472455,0.12235289043628185,-0.8468775360005395,0.10027196503822489,262
327,year,2009,all,all,25,0.014504067803720672,0.20500686159891304,0.9435973771404687,-0.38730199751373634,0.41631013312117765,6637
328,year,2009,all,general,25,-0.05713317834911118,2.0190774059907888e-10,0.0,-0.057133178744843076,-0.05713317795337928,5430
329,year,2009,all,sc,25,0.30282781011793647,0.8308180791823886,0.7154895082345338,-1.325545702784292,1.931201323020165,857
330,year,2009,all,st,25,-0.7279560519094157,2.4611376823048285,0.7673978654623147,-5.551697270221261,4.095785166402429,350
331,year,2009,national,all,25,-0.019745936346131532,1.6662136874957534,0.9905446647684487,-3.285464754385485,3.2459728816932216,948
332,year,2009,national,general,25,-1.0314888816367247,2.033063872168667,0.6119044563761575,-5.0162208493568565,2.9532430860834067,717
333,year,2009,national,sc,25,0.9895963328994093,2.8518273609900846,0.728588094711927,-4.599882584767064,6.579075250565882,140
334,year,2009,regional,all,25,-0.041511450164653546,0.14945348394962996,0.7812004488130974,-0.33443489606996324,0.2514119957406562,5689
335,year,2009,regional,general,25,0.23004056833167827,6.698186942017991e-11,0.0,0.23004056820039623,0.2300405684629603,4713
336,year,2009,regional,sc,25,0.04912558432115807,0.8177727265337579,0.9520979582426154,-1.55367950722413,1.651930675866446,717
337,year,2009,regional,st,25,-3.9864644399496196,1.4681357356061802,0.006621092590662673,-6.863957606153952,-1.1089712737452873,259
338,year,2009,independent,all,25,-0.28979026651627027,0.20507278381182484,0.1576235769443851,-0.6917255369968156,0.11214500396427501,3834
339,year,2009,independent,general,25,-0.18786286208963776,9.380486734160551e-11,0.0,-0.18786286227349192,-0.1878628619057836,3261
340,year,2009,independent,sc,25,0.016170478859055596,0.300143828122452,0.9570341439932288,-0.5721006144429305,0.6044415721610418,439
341,year,2014,all,all,25,0.04765711052742265,4.750830248224197e-10,0.0,0.04765710959627703,0.04765711145856827,6242
342,year,2014,all,general,25,0.44537026761687754,0.5646000672713367,0.43021468952763764,-0.6612255299038341,1.5519660651375893,5096
343,year,2014,all,sc,25,-0.3305477813140385,1.3782730676980304e-10,0.0,-0.3305477815841751,-0.3305477810439019,811
344,year,2014,all,st,25,-2.8787141253157573,1.4888160211061716,0.053167330350251264,-5.796739906290078,0.03931165565856398,335
345,year,2014,national,all,25,-0.44682657163488426,1.9659159556858035,0.8202008058264236,-4.2999510414117,3.406297898141932,955
346,year,2014,national,general,25,0.08852045884471563,2.2064267931036055,0.9679979570546131,-4.23599659016256,4.413037507851992,719
347,year,2014,national,sc,25,-2.856299410791548,6.397295356287285,0.6552466074782141,-15.39476790757996,9.682169085996863,145
348,year,2014,regional,all,25,0.06436798762334442,5.726031909481118e-10,0.0,0.06436798650106279,0.06436798874562605,5287
349,year,2014,regional,general,25,0.3842398252262123,4.10755468681887e-10,0.0,0.3842398244211464,0.3842398260312782,4377
350,year,2014,regional,sc,25,-0.15236455956158462,0.7889008277712855,0.8468530458688739,-1.6985817693671401,1.393852650243971,666
351,year,2014,regional,st,25,-2.4594897726089147,1.392910469399973,0.07744284792564768,-5.189544126321643,0.2705645811038133,244
352,year,2014,independent,all,25,-0.173732293712646,0.2972221269220182,0.5588704770355082,-0.7562769578881945,0.40881237046290253,3230
353,year,2014,independent,general,25,0.3167065243725878,0.31131150079724523,0.3089964769585958,-0.29345280516312516,0.9268658539083008,2769
354,year,2014,independent,sc,25,0.09077136080836236,0.09727892420578844,0.3507662341796359,-0.09989182708978468,0.2814345487065094,351
355,year,2014,independent,st,25,-5.861999134008117,2.034256113394836,0.003956081431527682,-9.849067851592423,-1.87493041642381,110
356,year,2019,all,all,25,0.5910597578029472,2.9845349058914886e-09,0.0,0.5910597519533662,0.5910597636525281,6055
357,year,2019,all,general,25,0.7511109888054611,6.077843659490032e-09,0.0,0.7511109768931065,0.7511110007178158,4978
358,year,2019,all,sc,25,0.2805835670809285,0.7657389213764912,0.7140502253883398,-1.2202371403775425,1.7814042745393994,745
359,year,2019,all,st,25,-0.0878246003932952,1.6177390218722232,0.9567053237767734,-3.258534819647908,3.082885618861317,332
360,year,2019,national,all,25,0.3854071755169622,1.3180025247035903,0.7699673296953764,-2.1978303044349374,2.9686446554688617,882
361,year,2019,national,general,25,0.9202251555918155,1.6279706037393145,0.5718975613472871,-2.270538595627169,4.1109889068108,662
362,year,2019,national,sc,25,-5.292984071265593,2.3734392600265273,0.025741443070025422,-9.944839540410982,-0.6411286021202036,132
363,year,2019,regional,all,25,0.4609666144282963,1.557209539337181e-09,0.0,0.4609666113762217,0.4609666174803709,5173
364,year,2019,regional,general,25,0.4663253561676347,1.915555929363635e-09,0.0,0.4663253524132141,0.4663253599220553,4316
365,year,2019,regional,sc,25,1.7350638819431783,5.887935870901454e-12,0.0,1.7350638819316382,1.7350638819547184,613
366,year,2019,regional,st,25,-0.9257829047282796,1.3815446019678508,0.5027894923925268,-3.6335605676209917,1.7819947581644322,244
367,year,2019,independent,all,25,0.21657438328211884,3.2570629414628953e-10,0.0,0.21657438264374623,0.21657438392049144,3443
368,year,2019,independent,general,25,0.1855455994613706,1.1284103070181388e-09,0.0,0.18554559724972702,0.18554560167301415,2973
369,year,2019,independent,sc,25,1.9272162862222275,1.8501509298667456,0.2975723312436146,-1.699012902279885,5.55344547472434,343
370,year,2019,independent,st,25,-1.0180730645957987,1.4681402393766896,0.4880309472537985,-3.895575058028124,1.8594289288365267,127
371,year,all,all,all,30,0.15618191662433123,0.22065086620692126,0.4790547351711637,-0.27628583429880055,0.5886496675474631,24380
372,year,all,all,general,30,0.24870406481425003,0.24768416920270306,0.31532187220650654,-0.23674798636377278,0.7341561159922728,19988
373,year,all,all,sc,30,0.30684636891793016,0.5842950613292381,0.5994743785959638,-0.8383509076319986,1.452043645467859,3116
374,year,all,all,st,30,-1.1693052742874035,0.8737530797048784,0.18081300983312665,-2.88182984188992,0.5432192933151134,1276
375,year,all,national,all,30,-0.3365827142486283,0.8009278401747203,0.6743094080375616,-1.9063724352065328,1.233207006709276,3636
376,year,all,national,general,30,-0.3689889032338748,0.949398950072173,0.6975311768295444,-2.2297766523354747,1.4917988458677254,2750
377,year,all,national,sc,30,-1.2475916152805044,2.07867023408498,0.5483813717312975,-5.321710409822509,2.8265271792614994,538
378,year,all,national,st,30,1.4396763578948584,2.100670685048085,0.4931285821247162,-2.6775625281784716,5.556915243968188,348
379,year,all,regional,all,30,0.13722655026343913,0.17099507572836528,0.42225363717219744,-0.19791763969785595,0.47237074022473424,20744
380,year,all,regional,general,30,0.24889801666407174,0.18054605490245848,0.1680228574977708,-0.10496574849553814,0.6027617818236817,17238
381,year,all,regional,sc,30,0.630356393006163,0.4990847002791265,0.20658023897541822,-0.34783164477589246,1.6085444307882184,2578
382,year,all,regional,st,30,-1.605167805462006,0.8329790431036691,0.053977058243409065,-3.2377767298218347,0.027441118897822747,928
383,year,all,independent,all,30,-0.10593443752651004,0.1432818199662584,0.4596986307405241,-0.38676164429972854,0.17489276924670843,12896
384,year,all,independent,general,30,0.062227181840884285,0.13511511621616423,0.6451219422138266,-0.20259357970974146,0.32704794339151,11071
385,year,all,independent,sc,30,0.4376187139414093,0.4475669615494059,0.32818680303304537,-0.43959641136544947,1.314833839248268,1395
386,year,all,independent,st,30,-3.88190141094456,1.132873864755423,0.0006111969613326349,-6.102293384891889,-1.661509436997231,430
387,year,2004,all,all,30,-0.38614742744279235,0.320268137484914,0.22793302355885703,-1.0138614423089463,0.2415665874233615,5446
388,year,2004,all,general,30,-0.4183939845675439,0.3586680627861096,0.24340368589174288,-1.1213704700330696,0.2845825008979817,4484
389,year,2004,all,sc,30,0.4925035419444982,0.8348577208835025,0.5552408515267206,-1.1437875232023598,2.128794607091356,703
390,year,2004,all,st,30,-1.4976046906843177,1.3237640649527396,0.25791918070440134,-4.092134582020028,1.0969252006513925,259
391,year,2004,national,all,30,-0.6467737073866205,1.061025841042097,0.5421440757544151,-2.726346142495451,1.43279872772221,851
392,year,2004,national,general,30,-0.557137015020299,1.3189949603513014,0.6727366500713057,-3.142319633098686,2.0280456030580885,652
393,year,2004,national,sc,30,1.937220320781573,1.802945940821004,0.2826098484718359,-1.5964887893002786,5.470929430863425,121
394,year,2004,regional,all,30,-0.3013122149025387,0.2768046903251561,0.2763580037716884,-0.8438394386916074,0.24121500888653002,4595
395,year,2004,regional,general,30,-0.37853279062401723,0.3019378839388158,0.20995917807429376,-0.9703201687123311,0.2132545874642966,3832
396,year,2004,regional,sc,30,0.07779793160951123,0.938424224293614,0.9339288820041582,-1.76147975022591,1.9170756134449325,582
397,year,2004,regional,st,30,0.3574086936574359,0.6378465586822997,0.5752499510905046,-0.8927475890226855,1.6075649763375572,181
398,year,2004,independent,all,30,-0.1796299559180951,0.10989892040126334,0.10215358070836943,-0.3950278818444054,0.035767970008215216,2389
399,year,2004,independent,general,30,-0.13749343629040167,0.1100014127988269,0.2113272103525451,-0.35309224362462577,0.0781053710438224,2068
400,year,2004,independent,sc,30,-0.3733027854811573,0.24162421057472455,0.12235289043628185,-0.8468775360005395,0.10027196503822489,262
401,year,2009,all,all,30,0.015395081939054972,7.707623257491e-10,0.0,0.015395080428388573,0.015395083449721372,6637
402,year,2009,all,general,30,0.005617456742083717,0.2570892178151853,0.9825674315683067,-0.4982681509892527,0.5095030644734201,5430
403,year,2009,all,sc,30,0.27683279005798256,0.8167512109589679,0.7346520391571456,-1.3239701677510702,1.8776357478670354,857
404,year,2009,all,st,30,-0.4868136997264,2.461100669407937,0.8431990068622174,-5.310482374093375,4.336854974640575,350
405,year,2009,national,all,30,0.027285110537509594,1.6612656401655004,0.9868959008331731,-3.2287357129407486,3.2833059340157673,948
406,year,2009,national,general,30,-0.9678859989785592,2.0189092995452564,0.6316467371208916,-4.92487551414025,2.989103516183131,717
407,year,2009,national,sc,30,0.8549801347726529,2.8958306768363387,0.767806568246731,-4.820743697152819,6.530703966698125,140
408,year,2009,regional,all,30,-0.029668474568168537,0.15464351397359172,0.8478591143375421,-0.33276419239912486,0.27342724326278783,5689
409,year,2009,regional,general,30,0.23708660537012577,1.898980301870254e-10,0.0,0.23708660499793247,0.23708660574231907,4713
410,year,2009,regional,sc,30,0.08282069526897318,0.788668244477761,0.9163652146422868,-1.4629406596578687,1.628582050195815,717
411,year,2009,regional,st,30,-3.855770730700086,1.4415697252141124,0.007479550003073694,-6.681195473323049,-1.0303459880771233,259
412,year,2009,independent,all,30,-0.28979026651627027,0.20507278381182484,0.1576235769443851,-0.6917255369968156,0.11214500396427501,3834
413,year,2009,independent,general,30,-0.18786286208963776,9.380486734160551e-11,0.0,-0.18786286227349192,-0.1878628619057836,3261
414,year,2009,independent,sc,30,0.016170478859055596,0.300143828122452,0.9570341439932288,-0.5721006144429305,0.6044415721610418,439
415,year,2014,all,all,30,0.05223163838950682,0.3343801402186108,0.8758719340355312,-0.6031413935844235,0.7076046703634372,6242
416,year,2014,all,general,30,0.41272404159805026,0.56137050622927,0.4622128770087143,-0.687541932594337,1.5129900157904375,5096
417,year,2014,all,sc,30,-0.24871658138652164,1.884920556450636e-10,0.0,-0.2487165817559593,-0.248716581017084,811
418,year,2014,all,st,30,-2.792438506189897,1.5162818494068697,0.06552848232112676,-5.764296321439147,0.17941930905935388,335
419,year,2014,national,all,30,-1.09505170792887,1.9821510928999058,0.5806358189351087,-4.979996461929392,2.789893046071652,955
420,year,2014,national,general,30,-0.6563998781801015,2.250338250765593,0.7705240927810622,-5.066981802713529,3.7541820463533258,719
421,year,2014,national,sc,30,-3.2932803344254173,6.243381669912798,0.597857925098737,-15.530083549192042,8.943522880341206,145
422,year,2014,regional,all,30,0.15913232663083463,5.934875742052177e-10,0.0,0.15913232546762035,0.1591323277940489,5287
423,year,2014,regional,general,30,0.43528824074716366,3.9717141774710304e-10,0.0,0.43528823996872196,0.43528824152560536,4377
424,year,2014,regional,sc,30,0.11180963102869998,0.8329633982515696,0.8932197982945962,-1.5207686299844703,1.7443878920418703,666
425,year,2014,regional,st,30,-2.248135141908989,1.4526328832091224,0.1217119161980876,-5.095243275757447,0.5989729919394695,244
426,year,2014,independent,all,30,-0.173732293712646,0.2972221269220182,0.5588704770355082,-0.7562769578881945,0.40881237046290253,3230
427,year,2014,independent,general,30,0.3167065243725878,0.31131150079724523,0.3089964769585958,-0.29345280516312516,0.9268658539083008,2769
428,year,2014,independent,sc,30,0.09077136080836236,0.09727892420578844,0.3507662341796359,-0.09989182708978468,0.2814345487065094,351
429,year,2014,independent,st,30,-5.861999134008117,2.034256113394836,0.003956081431527682,-9.849067851592423,-1.87493041642381,110
430,year,2019,all,all,30,0.5926288389367763,6.514186668451505e-09,0.0,0.5926288261692051,0.5926288517043475,6055
431,year,2019,all,general,30,0.7436231155895765,6.1581431324829944e-09,0.0,0.7436231035198377,0.7436231276593153,4978
432,year,2019,all,sc,30,0.1741234166256893,2.436962793077547e-10,0.0,0.17412341614805338,0.17412341710332524,745
433,year,2019,all,st,30,-0.17071395308811477,1.6279974754296505,0.9164858572996643,-3.361530371852361,3.0201024656761315,332
434,year,2019,national,all,30,0.17893967539282463,1.3275608140087785,0.8927792506322298,-2.4230317073510586,2.7809110581367076,882
435,year,2019,national,general,30,0.7623762133916357,1.6300555020169458,0.6399994679421228,-2.4324738633629357,3.957226290146207,662
436,year,2019,national,sc,30,-5.7262343564112195,2.512915048563665,0.02268360673827508,-10.651457347804724,-0.8010113650177146,132
437,year,2019,regional,all,30,0.46664657971388124,2.5694150855325702e-09,0.0,0.4666465746779202,0.4666465847498423,5173
438,year,2019,regional,general,30,0.45257201119711776,6.780463673352104e-10,0.0,0.4525720098681713,0.4525720125260642,4316
439,year,2019,regional,sc,30,2.0408752224733657,7.315302515724143e-11,0.0,2.0408752223299884,2.040875222616743,613
440,year,2019,regional,st,30,-1.1026543139468,1.526149058776426,0.46998244630673136,-4.093851504188297,1.888542876294697,244
441,year,2019,independent,all,30,0.2820289070209353,6.40015668522194e-10,0.0,0.28202890576652767,0.28202890827534294,3443
442,year,2019,independent,general,30,0.18766219593983532,0.3029289359246755,0.5355919783865113,-0.4060676083475704,0.7813920002272411,2973
443,year,2019,independent,sc,30,1.9272162862222275,1.8501509298667456,0.2975723312436146,-1.699012902279885,5.55344547472434,343
444,year,2019,independent,st,30,-1.0180730645957987,1.4681402393766896,0.4880309472537985,-3.895575058028124,1.8594289288365267,127
445,year,all,all,all,35,0.08334308013612882,0.22085575004228997,0.7059028780086977,-0.34952623572534003,0.5162123959975977,24380
446,year,all,all,general,35,0.16619955910056894,0.24829257169458935,0.5032595854808,-0.32044493904965543,0.6528440572507933,19988
447,year,all,all,sc,35,0.28843443314770084,0.5839318013954695,0.621339895273787,-0.8560508670150151,1.4329197333104169,3116
448,year,all,all,st,35,-1.1924012898253316,0.8693181235073307,0.17017203160972816,-2.8962335030076423,0.5114309233569792,1276
449,year,all,national,all,35,-0.34584393137263825,0.8018764123188178,0.6662551147701421,-1.9174928195697116,1.2258049568244351,3636
450,year,all,national,general,35,-0.46425984022542294,0.9515693744447689,0.6256287569474817,-2.3293015429284787,1.400781862477633,2750
451,year,all,national,sc,35,-0.6533969440689225,2.0908724253711117,0.7546608134038357,-4.751431594064213,3.444637705926368,538
452,year,all,national,st,35,1.4602588651373645,2.0374315725433703,0.4735496366148161,-2.533033638012448,5.453551368287177,348
453,year,all,regional,all,35,0.06339512873008489,0.17273572127661962,0.7136141857642861,-0.2751606638156387,0.4019509212758085,20744
454,year,all,regional,general,35,0.18946273452344048,0.18323497949850812,0.30114186365993445,-0.16967122600157059,0.5485966950484515,17238
455,year,all,regional,sc,35,0.5110932345145907,0.49345423297740176,0.30032066871206176,-0.45605929013995383,1.4782457591691351,2578
456,year,all,regional,st,35,-1.739789198714885,0.8425147724653983,0.038923427775770944,-3.391087809190024,-0.08849058823974598,928
457,year,all,independent,all,35,-0.11197360469053087,0.14463327619356048,0.4388185694008345,-0.3954496169959438,0.17150240761488206,12896
458,year,all,independent,general,35,0.053236962451980625,0.1361211680990699,0.6957234639426919,-0.21355562455571891,0.32002954945968015,11071
459,year,all,independent,sc,35,0.4376187139414093,0.4475669615494059,0.32818680303304537,-0.43959641136544947,1.314833839248268,1395
460,year,all,independent,st,35,-3.7210696925392486,1.2254860214375234,0.0023941896030744672,-6.1229781581140745,-1.3191612269644222,430
461,year,2004,all,all,35,-0.39936941660759023,0.3224896593835661,0.21556982346206743,-1.0314375343859692,0.23269870117078878,5446
462,year,2004,all,general,35,-0.42072011361115735,0.36080514542039127,0.24359056216499353,-1.1278852040718612,0.2864449768495464,4484
463,year,2004,all,sc,35,0.3828235502548104,0.8367815475684022,0.6473151440426971,-1.257238145906948,2.0228852464165685,703
464,year,2004,all,st,35,-1.70719647998589,1.337880619110092,0.20193945222822485,-4.329394309055821,0.9150013490840403,259
465,year,2004,national,all,35,-0.6472813343328285,1.0605104948165625,0.5416307602805387,-2.7258437094000425,1.4312810407343854,851
466,year,2004,national,general,35,-0.5570092755627996,1.3193371894769312,0.6728872762776894,-3.142862650401882,2.028844099276283,652
467,year,2004,national,sc,35,1.6639106630381861,1.7798444552432762,0.3498589257731165,-1.8245203673219472,5.15234169339832,121
468,year,2004,regional,all,35,-0.3142595187481964,0.27963226448708317,0.26108455872482716,-0.8623286860582582,0.23380964856186542,4595
469,year,2004,regional,general,35,-0.38165918786087527,0.3044497451503788,0.20998625188701603,-0.9783697234580158,0.21505134773626522,3832
470,year,2004,regional,sc,35,-0.01700985588027064,0.9455176355804507,0.9856468363516896,-1.8701903683654215,1.83617065660488,582
471,year,2004,regional,st,35,0.3699774259283179,0.6518746681506918,0.5703343586908765,-0.9076734460810374,1.6476282979376733,181
472,year,2004,independent,all,35,-0.179226593182456,0.109763433965631,0.10250175557714371,-0.3943589705745333,0.03590578420962123,2389
473,year,2004,independent,general,35,-0.13711164724614014,0.1098316278563257,0.21189179751089193,-0.35237768220794463,0.07815438771566438,2068
474,year,2004,independent,sc,35,-0.3733027854811573,0.24162421057472455,0.12235289043628185,-0.8468775360005395,0.10027196503822489,262
475,year,2009,all,all,35,-0.08896814015935854,1.1110102516387194e-09,0.0,-0.08896814233689862,-0.08896813798181846,6637
476,year,2009,all,general,35,-0.12673810333031044,2.062155991278339e-10,0.0,-0.12673810373448557,-0.1267381029261353,5430
477,year,2009,all,sc,35,0.29599250016635964,0.8405191800697883,0.7247224971463266,-1.3513948210855617,1.9433798214182811,857
478,year,2009,all,st,35,-0.9816020717991392,2.506291756858375,0.6953130335127817,-5.893843649991172,3.9306395063928945,350
479,year,2009,national,all,35,-0.15236959094009395,1.6443922665336907,0.9261735772894539,-3.375319209802317,3.070580027922129,948
480,year,2009,national,general,35,-1.2023158365527418,2.0096893894051213,0.5496667732995175,-5.141234659899071,2.736602986793588,717
481,year,2009,national,sc,35,1.280865089707021,2.8855010550731603,0.6571170967568639,-4.374613055588701,6.9363432350027425,140
482,year,2009,regional,all,35,-0.10381802184848396,0.24736045738002355,0.6747021502799153,-0.5886356095126851,0.38099956581571726,5689
483,year,2009,regional,general,35,0.20159739432821286,1.3542883602074046e-10,0.0,0.2015973940627772,0.2015973945936485,4713
484,year,2009,regional,sc,35,-0.012346908594682461,0.818879831930695,0.9879701097769366,-1.6173218868450574,1.5926280696556923,717
485,year,2009,regional,st,35,-4.418183922569508,1.9831536212811263,0.02589001051034875,-8.305093596090702,-0.5312742490483142,259
486,year,2009,independent,all,35,-0.40238154500848,0.2347898241301857,0.0865664458981257,-0.8625611442401373,0.0577980542231773,3834
487,year,2009,independent,general,35,-0.23774294380027505,9.901156293662103e-11,0.0,-0.23774294399433415,-0.23774294360621595,3261
488,year,2009,independent,sc,35,0.016170478859055596,0.300143828122452,0.9570341439932288,-0.5721006144429305,0.6044415721610418,439
489,year,2014,all,all,35,0.10407926788035238,5.279394189794638e-10,0.0,0.10407926684561013,0.10407926891509463,6242
490,year,2014,all,general,35,0.37642196112579795,0.5640408644147373,0.5045380772778969,-0.729077818935927,1.481921741187523,5096
491,year,2014,all,sc,35,0.05177762364348243,5.6808959758745656e-11,0.0,0.05177762353213891,0.05177762375482595,811
492,year,2014,all,st,35,-2.7665772629448675,1.5058418770527022,0.06617600833018747,-5.717973108380356,0.184818582490621,335
493,year,2014,national,all,35,-0.7310600333529288,1.9550951996258377,0.7084597124219978,-4.562976210966718,3.1008561442608604,955
494,year,2014,national,general,35,-0.4062994792597193,2.209847066193983,0.8541243510165879,-4.737520140341427,3.9249211818219885,719
495,year,2014,national,sc,35,-1.8698263578914425,6.307362462101688,0.7668853858425408,-14.232029621050632,10.492376905267747,145
496,year,2014,regional,all,35,0.10151827794510654,0.2833703856585586,0.7201540213399916,-0.45387747223089375,0.6569140281211068,5287
497,year,2014,regional,general,35,0.3275542930867715,3.5128525494074093e-10,0.0,0.327554292398265,0.32755429377527795,4377
498,year,2014,regional,sc,35,0.2050382705451078,0.8305291719796838,0.805003677591881,-1.422768994644945,1.8328455357351605,666
499,year,2014,regional,st,35,-2.1456450011200925,1.399508515266601,0.12524092101730414,-4.888631287099755,0.5973412848595698,244
500,year,2014,independent,all,35,-0.16029676769263126,0.2975770489715656,0.5901124004419461,-0.7435370663026117,0.42294353091734926,3230
501,year,2014,independent,general,35,0.3167065243725878,0.31131150079724523,0.3089964769585958,-0.29345280516312516,0.9268658539083008,2769
502,year,2014,independent,sc,35,0.09077136080836236,0.09727892420578844,0.3507662341796359,-0.09989182708978468,0.2814345487065094,351
503,year,2014,independent,st,35,-5.358227046765935,2.092215031894966,0.01043621164982422,-9.45889315719339,-1.2575609363384812,110
504,year,2019,all,all,35,0.5149060390932987,6.066968213898777e-09,0.0,0.5149060272022595,0.5149060509843378,6055
505,year,2019,all,general,35,0.6541732881892561,3.658577767383464e-09,0.0,0.6541732810185755,0.6541732953599367,4978
506,year,2019,all,sc,35,0.2377237491492599,0.9694477661701333,0.8062894712652531,-1.6623589574370092,2.137806455735529,745
507,year,2019,all,st,35,-0.08527950686321639,1.6043052888087916,0.9576070890149171,-3.2296600931355774,3.059101079409145,332
508,year,2019,national,all,35,0.43021860664242795,1.3414164179932069,0.7484228533287978,-2.1989092608949847,3.0593464741798404,882
509,year,2019,national,general,35,0.9156426581264775,1.6652172324060626,0.5824128020294652,-2.3481231438248704,4.179408460077825,662
510,year,2019,national,sc,35,-4.833861831917417,2.2745852623823017,0.03357310985268805,-9.291967025952317,-0.37575663788251656,132
511,year,2019,regional,all,35,0.4150192999737195,2.653319161613556e-09,0.0,0.4150192947733095,0.4150193051741295,5173
512,year,2019,regional,general,35,0.4096630198519525,7.349983220546602e-10,0.0,0.4096630184113823,0.40966302129252274,4316
513,year,2019,regional,sc,35,2.025157221409141,1.135223138073614,0.07443523956275325,-0.1998392436316836,4.250153686449965,613
514,year,2019,regional,st,35,-1.1680556151944201,1.5329961951239113,0.4460940653027827,-4.172672946074224,1.836561715685383,244
515,year,2019,independent,all,35,0.2820289070209353,6.40015668522194e-10,0.0,0.28202890576652767,0.28202890827534294,3443
516,year,2019,independent,general,35,0.18766219593983532,0.3029289359246755,0.5355919783865113,-0.4060676083475704,0.7813920002272411,2973
517,year,2019,independent,sc,35,1.9272162862222275,1.8501509298667456,0.2975723312436146,-1.699012902279885,5.55344547472434,343
518,year,2019,independent,st,35,-1.0180730645957987,1.4681402393766896,0.4880309472537985,-3.895575058028124,1.8594289288365267,127
519,year,all,all,all,40,0.06421087583184452,0.22150492631360114,0.7719044928082728,-0.3699308021410122,0.4983525538047013,24380
520,year,all,all,general,40,0.15599425684416274,0.24800081235820925,0.5293444474356784,-0.3300784035146033,0.6420669172029287,19988
521,year,all,all,sc,40,0.274945125096336,0.5897428114276314,0.6410638220008558,-0.8809295454432182,1.4308197956358901,3116
522,year,all,all,st,40,-1.265439716582104,0.888162840987247,0.15421980783180153,-3.0062068973238834,0.475327464159675,1276
523,year,all,national,all,40,-0.16662934415819491,0.8093279816949841,0.8368799197460398,-1.752883039960856,1.419624351644466,3636
524,year,all,national,general,40,-0.2807118638358866,0.9593157929279408,0.7698151138160982,-2.160936267775135,1.5995125401033616,2750
525,year,all,national,sc,40,-0.37377417855849326,2.1271476834992673,0.8605169553017389,-4.542907028014863,3.795358670897876,538
526,year,all,national,st,40,1.4350265426418707,2.0488306903641758,0.48366975752242836,-2.580607820892249,5.45066090617599,348
527,year,all,regional,all,40,0.042947401583747415,0.1735012277729177,0.8044952107590192,-0.2971087561246519,0.38300355929214674,20744
528,year,all,regional,general,40,0.17514961792374228,0.1819931234858813,0.33585027011620316,-0.18155034954253568,0.5318495853900203,17238
529,year,all,regional,sc,40,0.48867514314192245,0.4977300362329755,0.3261946325932761,-0.48685780189852573,1.4642080881823707,2578
530,year,all,regional,st,40,-1.9631003890064078,0.9106448306934909,0.031105096690240995,-3.747931459873225,-0.17826931813959046,928
531,year,all,independent,all,40,-0.19058064791855917,0.15963272723398417,0.23252901090349354,-0.5034550440510743,0.12229374821395605,12896
532,year,all,independent,general,40,0.053236962451980625,0.1361211680990699,0.6957234639426919,-0.21355562455571891,0.32002954945968015,11071
533,year,all,independent,sc,40,0.4376187139414093,0.4475669615494059,0.32818680303304537,-0.43959641136544947,1.314833839248268,1395
534,year,all,independent,st,40,-5.123003098862438,1.6363378335269319,0.001743465808750825,-8.330166319115524,-1.915839878609353,430
535,year,2004,all,all,40,-0.4029951411510219,0.3220011218937449,0.2107399559098635,-1.0341057430442537,0.22811546074220995,5446
536,year,2004,all,general,40,-0.4146178120989187,0.36012886324841925,0.24960717920681297,-1.1204574138591707,0.2912217896613334,4484
537,year,2004,all,sc,40,0.29708417652532815,0.8345807185664935,0.7218643977120967,-1.338663974056558,1.932832327107214,703
538,year,2004,all,st,40,-1.8367408907294287,1.3690292379501972,0.17971357842398605,-4.5199888908941315,0.8465071094352736,259
539,year,2004,national,all,40,-0.6494635360465668,1.0567368923494016,0.538823263871688,-2.7206297861861746,1.4217027140930407,851
540,year,2004,national,general,40,-0.5499037339285096,1.3091283966911929,0.6744464999588107,-3.1157482425819123,2.015940774724893,652
541,year,2004,national,sc,40,1.4484104506403463,1.6739058417846424,0.3868807969557744,-1.8323847127687545,4.729205614049447,121
542,year,2004,regional,all,40,-0.31268787665834746,0.27945060337322214,0.26316662459244167,-0.8604009947278501,0.23502524141115527,4595
543,year,2004,regional,general,40,-0.3805556582618695,0.30424900925942266,0.21100625846885712,-0.9768727587423314,0.21576144221859234,3832
544,year,2004,regional,sc,40,-0.01749172921540474,0.9512066955670532,0.9853285366704408,-1.8818225943801843,1.846839135949375,582
545,year,2004,regional,st,40,0.4319177061710657,0.6523024102668206,0.5078793529589234,-0.846571524980573,1.7104069373227044,181
546,year,2004,independent,all,40,-0.179226593182456,0.109763433965631,0.10250175557714371,-0.3943589705745333,0.03590578420962123,2389
547,year,2004,independent,general,40,-0.13711164724614014,0.1098316278563257,0.21189179751089193,-0.35237768220794463,0.07815438771566438,2068
548,year,2004,independent,sc,40,-0.3733027854811573,0.24162421057472455,0.12235289043628185,-0.8468775360005395,0.10027196503822489,262
549,year,2009,all,all,40,-0.2678159064609482,2.7026437781475382e-11,0.0,-0.26781590651391907,-0.26781590640797737,6637
550,year,2009,all,general,40,-0.17327345621967535,3.138888559544488e-10,0.0,-0.1732734568348862,-0.1732734556044645,5430
551,year,2009,all,sc,40,0.42799304309970576,0.7854008540709261,0.5857976727628211,-1.111364344306308,1.9673504305057197,857
552,year,2009,all,st,40,-2.770598276158203,2.6675385887300704,0.2989746377852498,-7.998877837439945,2.4576812851235386,350
553,year,2009,national,all,40,0.07616044425698298,1.6423518186422648,0.9630131195978129,-3.1427899702257145,3.2951108587396805,948
554,year,2009,national,general,40,-0.7470697453993674,2.0237849757546686,0.7120197811144819,-4.713615410331784,3.21947591953305,717
555,year,2009,national,sc,40,1.7442216845197467,2.7270198280775984,0.5224279603485624,-3.6006389636389557,7.08908233267845,140
556,year,2009,regional,all,40,-0.24352761913596907,5.713705086064066e-10,0.0,-0.2435276202558347,-0.24352761801610345,5689
557,year,2009,regional,general,40,0.1005195212151239,0.2664039297024582,0.7059358375103196,-0.42162258634163446,0.6226616287718822,4713
558,year,2009,regional,sc,40,-0.0007590821129054029,0.7465941397508337,0.9991887696920276,-1.4640567070932031,1.4625385428673925,717
559,year,2009,regional,st,40,-6.0185068740761425,2.978430191217281,0.04331107374621547,-11.85612277932876,-0.18089096882352518,259
560,year,2009,independent,all,40,-0.712361770820166,0.33458394863723345,0.03324621379637026,-1.368134259954343,-0.0565892816859892,3834
561,year,2009,independent,general,40,-0.23774294380027505,9.901156293662103e-11,0.0,-0.23774294399433415,-0.23774294360621595,3261
562,year,2009,independent,sc,40,0.016170478859055596,0.300143828122452,0.9570341439932288,-0.5721006144429305,0.6044415721610418,439
563,year,2014,all,all,40,0.17157548823403504,0.4222885555687754,0.6845227976001119,-0.6560948717642061,0.9992458482322761,6242
564,year,2014,all,general,40,0.4393539720826334,0.5771755389557565,0.4465293906007717,-0.6918892970281443,1.570597241193411,5096
565,year,2014,all,sc,40,-0.03266914671881081,1.2153853149601523,0.9785557148630323,-2.4147805913795795,2.349442297941958,811
566,year,2014,all,st,40,-2.5319864842250497,1.536303564259156,0.09933154067585706,-5.5430861394935125,0.47911317104341267,335
567,year,2014,national,all,40,-0.05118202014633258,2.0556532693886984,0.9801361808644427,-4.080188392850195,3.97782435255753,955
568,year,2014,national,general,40,-0.01090805668807876,2.3024020991447585,0.9962198881488575,-4.5235332489412245,4.501717135565067,719
569,year,2014,national,sc,40,0.08440695485268351,6.967257018208597,0.9903340211852911,-13.571165871870095,13.739979781575462,145
570,year,2014,regional,all,40,0.09928187509466455,3.340286402671625e-10,0.0,0.09928187443998045,0.09928187574934864,5287
571,year,2014,regional,general,40,0.3928496905979485,0.38534132536917615,0.3079727837326044,-0.36240542888056737,1.1481048100764644,4377
572,year,2014,regional,sc,40,-0.22676780110510808,0.9080388500068654,0.8027933806516399,-2.0064912436817326,1.5529556414715162,666
573,year,2014,regional,st,40,-2.3072380066773768,1.4133263209159181,0.10257676195154332,-5.077306694075075,0.4628306807203213,244
574,year,2014,independent,all,40,-0.16029676769263126,0.2975770489715656,0.5901124004419461,-0.7435370663026117,0.42294353091734926,3230
575,year,2014,independent,general,40,0.3167065243725878,0.31131150079724523,0.3089964769585958,-0.29345280516312516,0.9268658539083008,2769
576,year,2014,independent,sc,40,0.09077136080836236,0.09727892420578844,0.3507662341796359,-0.09989182708978468,0.2814345487065094,351
577,year,2014,independent,st,40,-5.358227046765935,2.092215031894966,0.01043621164982422,-9.45889315719339,-1.2575609363384812,110
578,year,2019,all,all,40,0.5582006013906164,2.0473138496019107e-09,0.0,0.558200597377955,0.5582006054032779,6055
579,year,2019,all,general,40,0.7006125235860917,7.677702989206938e-09,0.0,0.7006125085380703,0.7006125386341131,4978
580,year,2019,all,sc,40,0.2194980836555527,2.402388964165873e-10,0.0,0.21949808318469313,0.21949808412641228,745
581,year,2019,all,st,40,0.27725731721242963,1.6066793220278315,0.8629930225661188,-2.8717762886673515,3.426290923092211,332
582,year,2019,national,all,40,0.5237811496521553,1.337389672989791,0.6953209914754448,-2.0974544427036355,3.145016742007946,882
583,year,2019,national,general,40,0.9274384598864946,1.6565612867611492,0.5755765575639203,-2.3193620003486863,4.174238920121676,662
584,year,2019,national,sc,40,-4.773470571142301,2.2321512975443656,0.03247563853901606,-9.148406722373608,-0.3985344199109946,132
585,year,2019,regional,all,40,0.4634818552504541,6.911878513860107e-10,0.0,0.4634818538957508,0.4634818566051574,5173
586,year,2019,regional,general,40,0.4207824173760425,6.909896780862133e-10,0.0,0.4207824160217276,0.4207824187303574,4316
587,year,2019,regional,sc,40,2.198611865971921,1.172462051523458,0.060763920811312995,-0.09937152825400197,4.496595260197844,613
588,year,2019,regional,st,40,-0.6461393501125721,1.4809111529717462,0.6626103554222031,-3.548671874240881,2.256393174015737,244
589,year,2019,independent,all,40,0.2820289070209353,6.40015668522194e-10,0.0,0.28202890576652767,0.28202890827534294,3443
590,year,2019,independent,general,40,0.18766219593983532,0.3029289359246755,0.5355919783865113,-0.4060676083475704,0.7813920002272411,2973
591,year,2019,independent,sc,40,1.9272162862222275,1.8501509298667456,0.2975723312436146,-1.699012902279885,5.55344547472434,343
592,year,2019,independent,st,40,-1.0180730645957987,1.4681402393766896,0.4880309472537985,-3.895575058028124,1.8594289288365267,127
593,full,all,all,all,25,0.08335242723078448,0.22007124808991002,0.704872028371857,-0.3479792930582183,0.5146841475197873,24380
594,full,all,all,general,25,0.1396862801343196,0.24688676096655326,0.571535940325793,-0.344202879619874,0.6235754398885132,19988
595,full,all,all,sc,25,0.2705266068671049,0.5885551236313926,0.6457708252328946,-0.8830202383669437,1.4240734521011533,3116
596,full,all,all,st,25,-0.754002142658764,0.8293027178471916,0.36324449319904417,-2.3794056019204417,0.8714013166029138,1276
597,full,all,national,all,25,-0.20153379692014767,0.7987026298224176,0.8007887474672424,-1.766962185729513,1.3638945918892178,3636
598,full,all,national,general,25,-0.24980745688012151,4.4970175349669195e-10,0.0,-0.24980745776152075,-0.24980745599872228,2750
599,full,all,national,sc,25,-0.9659770135290559,2.0783679448594223,0.6420913686242715,-5.039503332076053,3.1075493050179412,538
600,full,all,national,st,25,1.2540628027660028,2.133638997670281,0.5566949235646879,-2.927792788677888,5.435918394209894,348
601,full,all,regional,all,25,0.10721739129302571,0.17348995040630602,0.5365730515110549,-0.23281666318297423,0.44725144576902565,20744
602,full,all,regional,general,25,0.2095770704392532,0.18430645040569388,0.2554914816508085,-0.15165693447432446,0.5708110753528308,17238
603,full,all,regional,sc,25,0.4500196350620552,0.4995783346316759,0.3676952304331145,-0.5291359082725288,1.429175178396639,2578
604,full,all,regional,st,25,-1.1767358585463783,0.816029479079197,0.14929499304144897,-2.776124247864586,0.4226525307718294,928
605,full,all,independent,all,25,-0.08973752885478481,2.6384733691248753e-10,0.0,-0.08973752937191609,-0.08973752833765353,12896
606,full,all,independent,general,25,0.08022898737797506,0.13490513910351784,0.5520395559171017,-0.184180226594286,0.34463820135023615,11071
607,full,all,independent,sc,25,0.4377410783629203,0.4468226009150793,0.32724640813316286,-0.4380151269091489,1.3134972836349896,1395
608,full,all,independent,st,25,-3.505329113360563,1.1366026511486238,0.002042094890991306,-5.733029374344609,-1.277628852376517,430
609,full,2004,all,all,25,-0.24186914189835876,0.3092981979025343,0.434218466601624,-0.8480824702704681,0.36434418647375066,5446
610,full,2004,all,general,25,-0.3343733065806424,0.33765529964503455,0.32203725559048224,-0.9961655330739903,0.3274189199127054,4484
611,full,2004,all,sc,25,0.6795090300346456,0.8742621788888963,0.4370188775618309,-1.0340133536331053,2.3930314137023965,703
612,full,2004,all,st,25,-0.7937784703921869,1.3419499275675804,0.5541779239010776,-3.4239519974807786,1.8363950566964047,259
613,full,2004,national,all,25,-0.44092974428860043,1.020681182832459,0.6657446365112516,-2.4414281023379623,1.5595686137607612,851
614,full,2004,national,general,25,-0.5814684436284581,1.2204529832156723,0.6337633803419407,-2.9735123355556428,1.8105754482987266,652
615,full,2004,national,sc,25,2.185539734270414,1.897097924150369,0.2493031114694949,-1.5327038722100084,5.903783340750836,121
616,full,2004,regional,all,25,-0.1704368466809256,0.2723374182363921,0.5314266443736944,-0.7042083780668759,0.3633346847050246,4595
617,full,2004,regional,general,25,-0.23560205603938275,0.2933666757629471,0.4219183586465376,-0.8105901747989988,0.3393860627202332,3832
618,full,2004,regional,sc,25,0.1871518062268663,0.9674091698165939,0.8466012970869288,-1.7089353249274508,2.0832389373811835,582
619,full,2004,regional,st,25,0.02547546971702733,0.9321601765718985,0.9781969296187016,-1.8015249041863912,1.852475843620446,181
620,full,2004,independent,all,25,-0.11108021220543918,2.707084472904152e-11,0.0,-0.11108021225849705,-0.1110802121523813,2389
621,full,2004,independent,general,25,-0.09203451532730224,1.9666032506682347e-10,0.0,-0.0920345157127494,-0.09203451494185508,2068
622,full,2004,independent,sc,25,-0.3672529406119664,0.24200057466341426,0.12912270048861904,-0.8415653511902547,0.10705946996632187,262
623,full,2009,all,all,25,-0.03239325344627689,4.416763206953141e-11,0.0,-0.032393253532843856,-0.03239325335970992,6637
624,full,2009,all,general,25,-0.013325601507218196,1.4895043242133216e-11,0.0,-0.013325601536411944,-0.013325601478024448,5430
625,full,2009,all,sc,25,0.39763995831707516,0.8325383406094349,0.6329181314569757,-1.2341052050261576,2.029385121660308,857
626,full,2009,all,st,25,-0.07851163340999832,2.0289408823817454,0.9691328658979943,-4.055162689639137,3.8981394228191406,350
627,full,2009,national,all,25,0.053613160030504425,1.6780100011683015,0.9745115728171508,-3.2352260079573805,3.342452328018389,948
628,full,2009,national,general,25,-0.8909489654357239,2.0434997921308464,0.6628427454852297,-4.89613496042727,3.114237029555822,717
629,full,2009,national,sc,25,1.0792643324539068,2.744993617951659,0.6941898384208565,-4.300824296523645,6.45935296143146,140
630,full,2009,regional,all,25,-0.0812080386790258,6.52346146960069e-11,0.0,-0.08120803880688329,-0.08120803855116832,5689
631,full,2009,regional,general,25,0.18830937187299607,6.627881806258514e-11,0.0,0.18830937174309198,0.18830937200290015,4713
632,full,2009,regional,sc,25,0.06227290718424245,0.8348619591749221,0.9405404031451409,-1.5740264648611537,1.6985722792296387,717
633,full,2009,regional,st,25,-3.9299102006299322,1.471266364171594,0.0075601494819035895,-6.813539286071448,-1.0462811151884166,259
634,full,2009,independent,all,25,-0.25556704107313866,0.2042663831552807,0.21088126390028383,-0.655921795309748,0.14478771316347067,3834
635,full,2009,independent,general,25,-0.150932132976141,1.0202901783485369e-11,0.0,-0.1509321329961383,-0.1509321329561437,3261
636,full,2009,independent,sc,25,0.016170478859055423,0.300143828122452,0.9570341439932293,-0.5721006144429307,0.6044415721610416,439
637,full,2014,all,all,25,-0.05296386858495701,0.28397907950902695,0.8520477907939044,-0.6095526367854863,0.5036248996155722,6242
638,full,2014,all,general,25,0.2607614250137314,0.5546679216147483,0.6382680729936651,-0.8263677247308612,1.3478905747583239,5096
639,full,2014,all,sc,25,-0.27894275112754835,1.0070721216885057e-11,0.0,-0.2789427511472866,-0.2789427511078101,811
640,full,2014,all,st,25,-2.74892714780235,1.533588995847245,0.07305615761179853,-5.754706346749897,0.2568520511451968,335
641,full,2014,national,all,25,-0.6560118539031828,1.9770628879235208,0.7400317331807276,-4.530983909404033,3.2189602015976675,955
642,full,2014,national,general,25,-0.14280180569300116,2.219984041564403,0.9487109697280725,-4.4938905734129015,4.2082869620269,719
643,full,2014,national,sc,25,-3.2693393310210035,6.478585423206958,0.613813229804387,-15.967133431272826,9.42845476923082,145
644,full,2014,regional,all,25,0.08535945229007662,4.909441608220727e-11,0.0,0.08535945219385332,0.08535945238629991,5287
645,full,2014,regional,general,25,0.4126028666499191,1.1963903813417243e-10,0.0,0.41260286641543087,0.4126028668844073,4377
646,full,2014,regional,sc,25,-0.21091942932908064,0.7648182133870987,0.782719192693373,-1.7099355822880637,1.2880967236299026,666
647,full,2014,regional,st,25,-2.7699312028248917,1.3465488661036986,0.03968049814832018,-5.409118483811389,-0.13074392183839478,244
648,full,2014,independent,all,25,-0.17595393044311478,0.29752114610342756,0.5542526100680394,-0.7590846614449123,0.40717680055868266,3230
649,full,2014,independent,general,25,0.3151773368655762,1.7937239327712474e-11,0.0,0.3151773368304199,0.3151773369007325,2769
650,full,2014,independent,sc,25,0.08939325720178734,1.237577434653077e-13,0.0,0.08939325720154478,0.0893932572020299,351
651,full,2014,independent,st,25,-6.0784203672459,2.0146112367129723,0.00255148440881574,-10.026985834053022,-2.129854900438777,110
652,full,2019,all,all,25,0.411178377459206,9.515578745651102e-11,0.0,0.41117837727270407,0.4111783776457079,6055
653,full,2019,all,general,25,0.46269423017469125,1.53909540220985e-10,0.0,0.4626942298730341,0.4626942304763484,4978
654,full,2019,all,sc,25,0.27886289642668677,1.143648390201155,0.8073576700475039,-1.9626467593447874,2.520372552198161,745
655,full,2019,all,st,25,0.8075207932861901,1.4604541199359902,0.5803151433373197,-2.0549166828614913,3.669958269433871,332
656,full,2019,national,all,25,0.4756076818472851,1.3174162831705405,0.7180878693170953,-2.106480785813596,3.057696149508166,882
657,full,2019,national,general,25,0.9625383368553264,1.6338465425221964,0.5557780428838,-2.239742042753469,4.164818716464121,662
658,full,2019,national,sc,25,-4.545612212654394,2.50688126430022,0.06979267101261913,-9.459009204201061,0.3677847788922737,132
659,full,2019,regional,all,25,0.36775717040066325,7.261044992963111e-11,0.0,0.36775717025834936,0.36775717054297713,5173
660,full,2019,regional,general,25,0.33865337789174643,5.166947407539278e-11,0.0,0.3386533777904761,0.33865337799301676,4316
661,full,2019,regional,sc,25,1.623958118302462,1.3006263674082725,0.21181252766224168,-0.9252227191609119,4.173138955765836,613
662,full,2019,regional,st,25,-0.1938208819423397,1.3665176948912725,0.8872098492673677,-2.872146348165928,2.4845045842812485,244
663,full,2019,independent,all,25,0.2469372384218616,2.495133975288965e-12,0.0,0.24693723841697124,0.24693723842675197,3443
664,full,2019,independent,general,25,0.19499183638056816,2.9346982317371995e-11,0.0,0.19499183632304914,0.19499183643808718,2973
665,full,2019,independent,sc,25,1.9216424141465829,1.8479945929139956,0.2984082784649408,-1.7003604315896073,5.543645259882773,343
666,full,2019,independent,st,25,-0.01832151543005689,inf,1.0,-inf,inf,127
667,full,all,all,all,30,0.06766789101966744,0.21895414466018678,0.7572831014787457,-0.3614743467800716,0.49681012881940656,24380
668,full,all,all,general,30,0.12442142510064481,0.24509799072861102,0.6117061736345797,-0.3559618094105649,0.6048046596118545,19988
669,full,all,all,sc,30,0.27166368469129665,0.586767932680513,0.6433764219322453,-0.8783803306455317,1.4217077000281249,3116
670,full,all,all,st,30,-0.7340681529751053,0.8461179774390266,0.38562875336844527,-2.3924289154274714,0.9242926094772609,1276
671,full,all,national,all,30,-0.35356284135013105,0.8015243878174353,0.6591311798869712,-1.9245217742028191,1.217396091502557,3636
672,full,all,national,general,30,-0.41464234286874935,4.392071671004973e-10,0.0,-0.4146423437295796,-0.4146423420079191,2750
673,full,all,national,sc,30,-1.199220407473343,2.0888532985801636,0.5658969818453763,-5.293297641678155,2.8948568267314694,538
674,full,all,national,st,30,1.412932460352823,2.15790804804641,0.5126161446879905,-2.816489595767269,5.642354516472915,348
675,full,all,regional,all,30,0.1280800778317669,0.17132947316639302,0.4547220182824525,-0.20771951906458502,0.4638796747281188,20744
676,full,all,regional,general,30,0.2269304632959946,0.18076275956423757,0.20933179299712967,-0.12735803519598426,0.5812189617879735,17238
677,full,all,regional,sc,30,0.6128459715291454,0.4997227422857976,0.22005872341057087,-0.366592605606609,1.5922845486649,2578
678,full,all,regional,st,30,-1.2599195451697685,0.8367059677408155,0.13211616053459374,-2.8998331075914994,0.37999401725196225,928
679,full,all,independent,all,30,-0.07775260141931725,5.315775156403245e-11,0.0,-0.07775260152350454,-0.07775260131512997,12896
680,full,all,independent,general,30,0.08377232518639428,0.13468205726920576,0.5339414502618647,-0.18019965642501,0.34774430679779855,11071
681,full,all,independent,sc,30,0.4377410783629203,0.4468226009150793,0.32724640813316286,-0.4380151269091489,1.3134972836349896,1395
682,full,all,independent,st,30,-3.505329113360563,1.1366026511486238,0.002042094890991306,-5.733029374344609,-1.277628852376517,430
683,full,2004,all,all,30,-0.235557092529227,0.30990058864540115,0.447191620512323,-0.8429510850619757,0.37183690000352176,5446
684,full,2004,all,general,30,-0.328952821264617,0.338517471954652,0.33117718788161665,-0.9924348744332827,0.3345292319040487,4484
685,full,2004,all,sc,30,0.6970042881186711,0.874417582791223,0.4253889497675779,-1.0168226816006969,2.410831257838039,703
686,full,2004,all,st,30,-0.7869783862798037,1.3500652934348585,0.559947991270487,-3.433057738189626,1.8591009656300188,259
687,full,2004,national,all,30,-0.43188366382995486,1.024041352494513,0.6732116225395536,-2.4389678333988867,1.5752005057389769,851
688,full,2004,national,general,30,-0.5763248701561687,1.2248292415095727,0.6379729260919509,-2.9769460707264432,1.8242963304141055,652
689,full,2004,national,sc,30,2.1888248994809727,1.9024359276498692,0.24992233678216613,-1.539881001607819,5.917530800569764,121
690,full,2004,regional,all,30,-0.1647960913740472,0.2719875919527374,0.5445840664002508,-0.6978819758431888,0.36828979309509446,4595
691,full,2004,regional,general,30,-0.2301009270682878,0.2929454761690528,0.43217596444309325,-0.804263509793568,0.3440616556569924,3832
692,full,2004,regional,sc,30,0.1871518062268663,0.9674091698165939,0.8466012970869288,-1.7089353249274508,2.0832389373811835,582
693,full,2004,regional,st,30,0.01913358347319459,0.9856880144127426,0.9845129169254617,-1.9127794247685785,1.9510465917149675,181
694,full,2004,independent,all,30,-0.11108021220543918,2.707084472904152e-11,0.0,-0.11108021225849705,-0.1110802121523813,2389
695,full,2004,independent,general,30,-0.09203451532730224,1.9666032506682347e-10,0.0,-0.0920345157127494,-0.09203451494185508,2068
696,full,2004,independent,sc,30,-0.3672529406119664,0.24200057466341426,0.12912270048861904,-0.8415653511902547,0.10705946996632187,262
697,full,2009,all,all,30,0.027966497665908086,3.4272380061902186e-10,0.0,0.02796649699418178,0.027966498337634392,6637
698,full,2009,all,general,30,-0.042320267156733676,1.5961139247710835e-11,0.0,-0.04232026718801694,-0.042320267125450416,5430
699,full,2009,all,sc,30,0.37222247241989304,0.8195251015685681,0.6496900016781899,-1.2340172110810301,1.9784621559208162,857
700,full,2009,all,st,30,0.2508933042670276,2.0722814313595395,0.9036347533050492,-3.810703667028782,4.312490275562837,350
701,full,2009,national,all,30,0.11460506438777351,1.6733863259733375,0.945398037211594,-3.1651718667417708,3.3943819955173176,948
702,full,2009,national,general,30,-0.7997790621197634,2.028503602425305,0.6933813651422152,-4.775573065383117,3.176014941143591,717
703,full,2009,national,sc,30,0.9883503740640611,2.811400330120091,0.7251750780391788,-4.521893019095336,6.498593767223459,140
704,full,2009,regional,all,30,-0.06680907708777811,1.3536056952900956e-11,0.0,-0.0668090771143083,-0.06680907706124793,5689
705,full,2009,regional,general,30,0.1995510497126597,1.861979965474496e-11,0.0,0.19955104967616555,0.19955104974915383,4713
706,full,2009,regional,sc,30,0.09928724229898227,0.8025868924816727,0.9015456652922326,-1.4737541614290168,1.6723286460269815,717
707,full,2009,regional,st,30,-3.73529473141832,1.458558981575124,0.010438676810063429,-6.594017804632983,-0.8765716582036562,259
708,full,2009,independent,all,30,-0.25556704107313866,0.2042663831552807,0.21088126390028383,-0.655921795309748,0.14478771316347067,3834
709,full,2009,independent,general,30,-0.150932132976141,1.0202901783485369e-11,0.0,-0.1509321329961383,-0.1509321329561437,3261
710,full,2009,independent,sc,30,0.016170478859055423,0.300143828122452,0.9570341439932293,-0.5721006144429307,0.6044415721610416,439
711,full,2014,all,all,30,-0.05207620310159225,6.546777117924829e-11,0.0,-0.05207620322990673,-0.05207620297327777,6242
712,full,2014,all,general,30,0.22948911817414142,0.5530626161498388,0.6781840845385514,-0.8544936906750431,1.313471927023326,5096
713,full,2014,all,sc,30,-0.16274359187364354,2.0975553639544184e-11,0.0,-0.16274359191475488,-0.1627435918325322,811
714,full,2014,all,st,30,-2.630828023243305,1.5855011599975752,0.09705459965454707,-5.73835319428503,0.4766971477984203,335
715,full,2014,national,all,30,-1.3103821382737084,1.9902179267409728,0.5102738227201499,-5.211137596071991,2.5903733195245735,955
716,full,2014,national,general,30,-0.8705312806220832,2.262819570663948,0.7004516424750727,-5.305576142635809,3.5645135813916426,719
717,full,2014,national,sc,30,-3.7801490016283177,6.315582767684726,0.549477555261414,-16.158463767672174,8.59816576441554,145
718,full,2014,regional,all,30,0.1888354581431795,2.818693802772128e-11,0.0,0.18883545808793412,0.1888354581984249,5287
719,full,2014,regional,general,30,0.48087058433519225,1.8443535586831555e-10,0.0,0.4808705839737056,0.4808705846966789,4377
720,full,2014,regional,sc,30,0.11357341697636121,0.8206323356859493,0.889926317689917,-1.4948364055170833,1.7219832394698056,666
721,full,2014,regional,st,30,-2.577871260536045,1.4152869465397289,0.06853881844693686,-5.351782703543579,0.19604018247148813,244
722,full,2014,independent,all,30,-0.17595393044311478,0.29752114610342756,0.5542526100680394,-0.7590846614449123,0.40717680055868266,3230
723,full,2014,independent,general,30,0.3151773368655762,1.7937239327712474e-11,0.0,0.3151773368304199,0.3151773369007325,2769
724,full,2014,independent,sc,30,0.08939325720178734,1.237577434653077e-13,0.0,0.08939325720154478,0.0893932572020299,351
725,full,2014,independent,st,30,-6.0784203672459,2.0146112367129723,0.00255148440881574,-10.026985834053022,-2.129854900438777,110
726,full,2019,all,all,30,0.3339174251995466,6.234512737056924e-11,0.0,0.3339174250773524,0.3339174253217408,6055
727,full,2019,all,general,30,0.4015371715674301,8.914591920502339e-10,0.0,0.40153716982020216,0.401537173314658,4978
728,full,2019,all,sc,30,0.18178062079246393,1.1649603616837856,0.8760013525779756,-2.1014997315245108,2.4650609731094386,745
729,full,2019,all,st,30,0.563735258576447,1.5075150911977424,0.7084415207923769,-2.3909400263217435,3.518410543474637,332
730,full,2019,national,all,30,0.19739688061780014,1.3276502108563168,0.8818050455399231,-2.40474971672759,2.79954347796319,882
731,full,2019,national,general,30,0.7115338209970146,1.6335452415856837,0.6631440675365124,-2.4901560196277073,3.9132236616217364,662
732,full,2019,national,sc,30,-4.990717455537612,2.6204750150276106,0.05684396512660909,-10.126754107378787,0.1453191963035616,132
733,full,2019,regional,all,30,0.36013516902290643,5.674656627246706e-11,0.0,0.36013516891168523,0.36013516913412763,5173
734,full,2019,regional,general,30,0.33087717471064737,3.022911228131474e-11,0.0,0.3308771746513994,0.33087717476989537,4316
735,full,2019,regional,sc,30,1.8331642473230776,1.2991953314934446,0.158244696953441,-0.7132118112866506,4.379540305932806,613
736,full,2019,regional,st,30,-0.5729738384245315,1.5365586356825611,0.7092271718699139,-3.5845734244963534,2.43862574764729,244
737,full,2019,independent,all,30,0.30173310537366005,1.7051570576837277e-12,0.0,0.301733105370318,0.3017331053770021,3443
738,full,2019,independent,general,30,0.19397017794192883,2.0530842015723033e-11,0.0,0.19397017790168913,0.19397017798216853,2973
739,full,2019,independent,sc,30,1.9216424141465829,1.8479945929139956,0.2984082784649408,-1.7003604315896073,5.543645259882773,343
740,full,2019,independent,st,30,-0.01832151543005689,inf,1.0,-inf,inf,127
741,full,all,all,all,35,0.006227959006033193,0.21946484564786592,0.977360722863141,-0.42391523433642603,0.4363711523484924,24380
742,full,all,all,general,35,0.057312436189800094,0.24630471656673902,0.8160027917170714,-0.4254359375033544,0.5400608098829546,19988
743,full,all,all,sc,35,0.27113122683414687,0.5843626057515481,0.642663711570599,-0.874198434350866,1.4164608880191596,3116
744,full,all,all,st,35,-0.8616576769337227,0.8440931150866616,0.3073450359874347,-2.5160497821018026,0.7927344282343569,1276
745,full,all,national,all,35,-0.3627929621044295,0.8017450710500789,0.6509058410372727,-1.9341844261450907,1.2085985019362318,3636
746,full,all,national,general,35,-0.5095843042099727,9.50324129162195e-10,0.0,-0.5095843060725738,-0.5095843023473716,2750
747,full,all,national,sc,35,-0.5795119360092156,2.0999484220667393,0.782575069484962,-4.695335212651742,3.53631134063331,538
748,full,all,national,st,35,1.4563873233302522,2.08614073196835,0.48509892741598504,-2.63237337800974,5.545148024670244,348
749,full,all,regional,all,35,0.06475271130744023,0.17348297063345483,0.7089615601096038,-0.27526766306515105,0.40477308568003156,20744
750,full,all,regional,general,35,0.18005969145222583,0.18410718949993896,0.32806664069901004,-0.1807837692625453,0.5409031521669969,17238
751,full,all,regional,sc,35,0.49135307425351366,0.49344220236668274,0.31936374912702803,-0.4757758708373095,1.4584820193443369,2578
752,full,all,regional,st,35,-1.4830140378882877,0.8457274819353249,0.07950995404266224,-3.1406094432172735,0.1745813674406982,928
753,full,all,independent,all,35,-0.08849312895646352,0.009386678527703085,4.198867454488595e-21,-0.10689068080521703,-0.07009557710771001,12896
754,full,all,independent,general,35,0.07484115818108295,0.135682360540855,0.5812286583037083,-0.19109138181637142,0.3407736981785373,11071
755,full,all,independent,sc,35,0.4377410783629203,0.4468226009150793,0.32724640813316286,-0.4380151269091489,1.3134972836349896,1395
756,full,all,independent,st,35,-3.3648193358908003,1.1948724374557402,0.004861825043398518,-5.7067262794236395,-1.022912392357961,430
757,full,2004,all,all,35,-0.2805612311703463,0.311742555981663,0.36813231855211714,-0.8915654133428674,0.33044295100217475,5446
758,full,2004,all,general,35,-0.3562968370525923,0.3407211896589014,0.2956932069872935,-1.0240980975536802,0.3115044234484956,4484
759,full,2004,all,sc,35,0.5931531466691247,0.8754343890578823,0.49805519102001894,-1.1226667267121502,2.3089730200503995,703
760,full,2004,all,st,35,-1.0191273385804223,1.3079276685014931,0.4358663685541344,-3.5826184632267912,1.544363786065947,259
761,full,2004,national,all,35,-0.4531181992967531,1.0272596929557745,0.6591448678954928,-2.4665102002597457,1.5602738016662392,851
762,full,2004,national,general,35,-0.5922220995110544,1.2337671407113346,0.6312193981313643,-3.0103612606142316,1.8259170615921225,652
763,full,2004,national,sc,35,1.8733855626011027,1.866795912028265,0.31560524562034165,-1.7854671914608995,5.532238316663105,121
764,full,2004,regional,all,35,-0.23749615744979052,0.2734308423370316,0.38507770529259977,-0.7734107606928222,0.2984184457932412,4595
765,full,2004,regional,general,35,-0.2706675557532636,0.2941806038275829,0.3575347458434144,-0.847250944205572,0.30591583269904477,3832
766,full,2004,regional,sc,35,-0.03614400098886626,0.9700064909081535,0.9702764171184663,-1.9373217879389266,1.865033785961194,582
767,full,2004,regional,st,35,0.10686868753911093,0.9879611569524753,0.9138600957818991,-1.8294995982122644,2.0432369732904863,181
768,full,2004,independent,all,35,-0.1106856519434131,1.2616922530513124e-11,0.0,-0.11068565196814181,-0.11068565191868437,2389
769,full,2004,independent,general,35,-0.0923495587709256,9.954294066270286e-11,0.0,-0.09234955896602617,-0.09234955857582502,2068
770,full,2004,independent,sc,35,-0.3672529406119664,0.24200057466341426,0.12912270048861904,-0.8415653511902547,0.10705946996632187,262
771,full,2009,all,all,35,-0.12162814900371235,3.1413756878588383e-11,0.0,-0.12162814906528219,-0.12162814894214252,6637
772,full,2009,all,general,35,-0.09889804915458723,1.6048051208284167e-11,0.0,-0.09889804918604084,-0.09889804912313363,5430
773,full,2009,all,sc,35,0.35050443746901866,0.840474277350597,0.6766552030384709,-1.29679487607048,1.9978037510085174,857
774,full,2009,all,st,35,-0.6709910647637825,2.191832077633216,0.7595037527683083,-4.966902997084486,3.624920867556921,350
775,full,2009,national,all,35,-0.07974710188631662,1.6523337985809032,0.9615063931304328,-3.3182618375431465,3.1587676337705135,948
776,full,2009,national,general,35,-1.064233352988507,2.011944820588547,0.596834915147348,-5.00757274022396,2.879106034246946,717
777,full,2009,national,sc,35,1.431824852404913,2.805541018538409,0.6098020365887717,-4.066934501080189,6.930584205890014,140
778,full,2009,regional,all,35,-0.1210402895582758,2.149472348524383e-11,0.0,-0.12104028960040468,-0.12104028951614691,5689
779,full,2009,regional,general,35,0.18720259267386255,2.3777509389690006e-11,0.0,0.1872025926272595,0.1872025927204656,4713
780,full,2009,regional,sc,35,-0.01088029921907145,0.8229958037783772,0.989451987665485,-1.6239224340522842,1.6021618356141412,717
781,full,2009,regional,st,35,-4.418091915831193,2.0608187087353422,0.0320446848201131,-8.457222363618804,-0.378961468043582,259
782,full,2009,independent,all,35,-0.36796936294110116,0.23409677021957165,0.11598102755820265,-0.8267906014686103,0.09085187558640795,3834
783,full,2009,independent,general,35,-0.19634598483111915,4.911092626759594e-11,0.0,-0.1963459849273748,-0.1963459847348635,3261
784,full,2009,independent,sc,35,0.016170478859055423,0.300143828122452,0.9570341439932293,-0.5721006144429307,0.6044415721610416,439
785,full,2014,all,all,35,0.025165982278923592,2.2802112100336678e-11,0.0,0.025165982234232272,0.025165982323614913,6242
786,full,2014,all,general,35,0.21576710770932184,0.5573741100711507,0.6986720972082301,-0.8766660739451974,1.3082002893638411,5096
787,full,2014,all,sc,35,0.21494747304939654,6.336120191339881e-12,0.0,0.21494747303697798,0.2149474730618151,811
788,full,2014,all,st,35,-2.5460679405726787,1.578567971463605,0.10676683269731549,-5.640004311789796,0.5478684306444386,335
789,full,2014,national,all,35,-0.934665409853195,1.9643456024790182,0.6342060711440665,-4.784712043901704,2.9153812241953148,955
790,full,2014,national,general,35,-0.6200134964263557,2.225087501804449,0.7805158987543817,-4.981104862413279,3.741077869560567,719
791,full,2014,national,sc,35,-2.0326765757683907,6.421654349124877,0.7515966743956096,-14.618887821218152,10.553534669681369,145
792,full,2014,regional,all,35,0.15686632020621671,9.059266072292996e-11,0.0,0.15686632002865836,0.15686632038377507,5287
793,full,2014,regional,general,35,0.41890590026036056,1.1865831854796138e-10,0.0,0.41890590002779454,0.4189059004929266,4377
794,full,2014,regional,sc,35,0.10415079036270775,0.8044323248099068,0.8969848397817464,-1.4725075942645363,1.6808091749899516,666
795,full,2014,regional,st,35,-2.6046773989451504,1.3280842536023159,0.04985231129666172,-5.207674704440449,-0.0016800934498517606,244
796,full,2014,independent,all,35,-0.16704540033204412,5.929816327401906e-11,0.0,-0.16704540044826638,-0.16704540021582187,3230
797,full,2014,independent,general,35,0.3151773368655762,1.7937239327712474e-11,0.0,0.3151773368304199,0.3151773369007325,2769
798,full,2014,independent,sc,35,0.08939325720178734,1.237577434653077e-13,0.0,0.08939325720154478,0.0893932572020299,351
799,full,2014,independent,st,35,-5.981866904579126,2.0322871600898114,0.0032461171492479406,-9.965076544598343,-1.9986572645599092,110
800,full,2019,all,all,35,0.3014694913227777,1.5054813529431976e-10,0.0,0.3014694910277088,0.30146949161784664,6055
801,full,2019,all,general,35,0.36565652578338537,2.375500629426309e-10,0.0,0.3656565253177958,0.36565652624897493,4978
802,full,2019,all,sc,35,0.32490804509775,1.1459588649807508,0.7767743815917467,-1.9211300580289203,2.5709461482244205,745
803,full,2019,all,st,35,0.6445309036457115,1.4751585988592744,0.6621671011149688,-2.246726821603035,3.5357886288944584,332
804,full,2019,national,all,35,0.44337596797659734,1.3359802389186615,0.73998504689707,-2.175097184361196,3.0618491203143905,882
805,full,2019,national,general,35,0.8709178718671926,1.665274387971177,0.6009828755418887,-2.3929599529332957,4.13479569666768,662
806,full,2019,national,sc,35,-4.126332322997024,2.3539447866962036,0.07961169779739907,-8.739979326517403,0.4873146805233546,132
807,full,2019,regional,all,35,0.3285770558755012,6.881879720366089e-11,0.0,0.3285770557406188,0.32857705601038356,5173
808,full,2019,regional,general,35,0.3027432312196089,8.906708024751067e-11,0.0,0.30274323104504064,0.30274323139417714,4316
809,full,2019,regional,sc,35,1.9017764871849072,1.2838999959838524,0.13854004610018164,-0.6146212646945635,4.418174239064378,613
810,full,2019,regional,st,35,-0.6260944080972426,1.5326507199445065,0.6829034749577301,-3.6300346200678604,2.3778458038733747,244
811,full,2019,independent,all,35,0.30173310537366005,1.7051570576837277e-12,0.0,0.301733105370318,0.3017331053770021,3443
812,full,2019,independent,general,35,0.19397017794192883,2.0530842015723033e-11,0.0,0.19397017790168913,0.19397017798216853,2973
813,full,2019,independent,sc,35,1.9216424141465829,1.8479945929139956,0.2984082784649408,-1.7003604315896073,5.543645259882773,343
814,full,2019,independent,st,35,-0.01832151543005689,inf,1.0,-inf,inf,127
815,full,all,all,all,40,0.03304076391852757,0.22074941399349257,0.881020692168794,-0.3996201371170401,0.4657016649540952,24380
816,full,all,all,general,40,0.09776674223684599,0.24631678127035703,0.6914303909746504,-0.3850052778408839,0.5805387623145759,19988
817,full,all,all,sc,40,0.2849830956414088,0.5890487805652013,0.6285262539645533,-0.8695312994036231,1.4394974906864406,3116
818,full,all,all,st,40,-1.0391359473021242,0.8837518901467752,0.23966554626504555,-2.7712578232590017,0.6929859286547535,1276
819,full,all,national,all,40,-0.17175928892579356,0.8088062054030792,0.8318250290034834,-1.756990321988334,1.413471744136747,3636
820,full,all,national,general,40,-0.2957184310327369,1.1073265167288893e-10,0.0,-0.2957184312497689,-0.29571843081570487,2750
821,full,all,national,sc,40,-0.28470553696635537,2.1298843379273023,0.8936620816825602,-4.459202130539806,3.889791056607095,538
822,full,all,national,st,40,1.5400692903360307,2.1128364246940676,0.46605622747121866,-2.6010140072887156,5.681152587960777,348
823,full,all,regional,all,40,0.054628391500545194,0.17448576296084337,0.754218190514184,-0.28735741971770073,0.39661420271879116,20744
824,full,all,regional,general,40,0.1701746539280132,0.18290373197404688,0.35216112744779016,-0.1883100733790858,0.5286593812351122,17238
825,full,all,regional,sc,40,0.4663716103168444,0.4966316302182353,0.34769506905597924,-0.5070084984943108,1.4397517191279996,2578
826,full,all,regional,st,40,-1.77818436467047,0.9249134030998358,0.05453766191389522,-3.5909813235645256,0.03461259422358531,928
827,full,all,independent,all,40,-0.16716515029900364,1.4327179643527083e-10,0.0,-0.1671651505798112,-0.16716515001819607,12896
828,full,all,independent,general,40,0.07484115818108295,0.135682360540855,0.5812286583037083,-0.19109138181637142,0.3407736981785373,11071
829,full,all,independent,sc,40,0.4377410783629203,0.4468226009150793,0.32724640813316286,-0.4380151269091489,1.3134972836349896,1395
830,full,all,independent,st,40,-4.911246557012439,1.6136032929973116,0.0023372549547239496,-8.073850896622403,-1.7486422174024758,430
831,full,2004,all,all,40,-0.2881110780769672,0.3116195299894621,0.3551946183895891,-0.8988741337356121,0.3226519775816778,5446
832,full,2004,all,general,40,-0.36461826515044726,0.3401432991484086,0.28374030422226915,-1.0312868810639617,0.3020503507630672,4484
833,full,2004,all,sc,40,0.522502381035205,0.8683668804539258,0.5473692275914229,-1.1794654300218883,2.2244701920922982,703
834,full,2004,all,st,40,-1.1315786096484275,1.3095656604328674,0.3875401221529159,-3.6982801394872578,1.4351229201904028,259
835,full,2004,national,all,40,-0.49146573042531416,1.0241179267783287,0.6313043773112832,-2.4986999828326666,1.515768521982038,851
836,full,2004,national,general,40,-0.6280667431529836,1.2266910291666517,0.6086504754221873,-3.032336980477994,1.7762034941720266,652
837,full,2004,national,sc,40,1.6642264582812598,1.7495916407802776,0.34149853915206074,-1.7649101453004241,5.093363061862943,121
838,full,2004,regional,all,40,-0.2245325508279183,0.27335533800655765,0.4114216377738963,-0.7602991683025442,0.31123406664670766,4595
839,full,2004,regional,general,40,-0.26544087987631754,0.2942926553254889,0.36707689549414524,-0.8422438852289356,0.31136212547630054,3832
840,full,2004,regional,sc,40,-0.011769311518773796,0.9723452057357059,0.9903426040429343,-1.9175308953009467,1.893992272263399,582
841,full,2004,regional,st,40,0.28402793195158677,0.9170700062360428,0.7567796894250609,-1.51339625157298,2.0814521154761536,181
842,full,2004,independent,all,40,-0.1106856519434131,1.2616922530513124e-11,0.0,-0.11068565196814181,-0.11068565191868437,2389
843,full,2004,independent,general,40,-0.0923495587709256,9.954294066270286e-11,0.0,-0.09234955896602617,-0.09234955857582502,2068
844,full,2004,independent,sc,40,-0.3672529406119664,0.24200057466341426,0.12912270048861904,-0.8415653511902547,0.10705946996632187,262
845,full,2009,all,all,40,-0.1437158034266844,3.7254612430114177e-11,0.0,-0.14371580349970212,-0.1437158033536667,6637
846,full,2009,all,general,40,-0.04488143531686095,1.599519647770773e-11,0.0,-0.04488143534821096,-0.044881435285510946,5430
847,full,2009,all,sc,40,0.5227898651222086,0.8039144268807256,0.5154949920222869,-1.0528534582161724,2.0984331884605893,857
848,full,2009,all,st,40,-2.946670283412049,2.7363192415273874,0.28153668469651416,-8.309757447009686,2.416416880185588,350
849,full,2009,national,all,40,0.1949138829814372,1.6470468995079186,0.9057971327724179,-3.033238720902445,3.423066486865319,948
850,full,2009,national,general,40,-0.5043256280175851,2.023540934097425,0.8031834401258006,-4.470392980091077,3.4617417240559067,717
851,full,2009,national,sc,40,1.9433205306210524,2.6202550524784605,0.4582974850114666,-3.1922850025458396,7.078926063787945,140
852,full,2009,regional,all,40,-0.24736987781146536,4.966367643563757e-11,0.0,-0.24736987790880438,-0.24736987771412633,5689
853,full,2009,regional,general,40,0.08730443175005073,2.0077525421146042e-11,0.0,0.0873044317106995,0.08730443178940196,4713
854,full,2009,regional,sc,40,0.01008423565972067,0.7651941628930374,0.9894852529802846,-1.4896687647909082,1.5098372361103494,717
855,full,2009,regional,st,40,-6.039762884288689,3.1163530727201865,0.05261262852688484,-12.147702669930986,0.06817690135360888,259
856,full,2009,independent,all,40,-0.6777831160858478,0.33411306141709235,0.042498633735165534,-1.332632683227768,-0.02293354894392774,3834
857,full,2009,independent,general,40,-0.19634598483111915,4.911092626759594e-11,0.0,-0.1963459849273748,-0.1963459847348635,3261
858,full,2009,independent,sc,40,0.016170478859055423,0.300143828122452,0.9570341439932293,-0.5721006144429307,0.6044415721610416,439
859,full,2014,all,all,40,0.12765351700357125,6.827771172677729e-11,0.0,0.1276535168697494,0.1276535171373931,6242
860,full,2014,all,general,40,0.3848411934848307,0.5735484928622091,0.5022314647959438,-0.7392931959123273,1.5089755828819889,5096
861,full,2014,all,sc,40,0.06479587712294958,4.230209275651747e-11,0.0,0.064795877040039,0.06479587720586016,811
862,full,2014,all,st,40,-2.2696155092423207,1.5860884407135165,0.15244413809058519,-5.378291729336105,0.8390607108514643,335
863,full,2014,national,all,40,-0.2927457249261175,2.0628573495829956,0.8871489363809941,-4.335871835352541,3.750380385500306,955
864,full,2014,national,general,40,-0.25738992132419886,2.311675576774464,0.9113440058184625,-4.788190795743005,4.273410953094607,719
865,full,2014,national,sc,40,0.04111853356900746,7.053802019595854,0.9953489398762058,-13.784079378914763,13.866316446052776,145
866,full,2014,regional,all,40,0.1779891458153516,1.6641822407508516e-10,0.0,0.17798914548917788,0.17798914614152533,5287
867,full,2014,regional,general,40,0.5102235647144957,6.373109543604601e-11,0.0,0.5102235645895851,0.5102235648394063,4377
868,full,2014,regional,sc,40,-0.37981830248610443,0.8395580023469355,0.6509789061594015,-2.025321750018492,1.2656851450462834,666
869,full,2014,regional,st,40,-2.6685425349007836,1.3370029340515481,0.04594331218235851,-5.289020132866199,-0.04806493693536806,244
870,full,2014,independent,all,40,-0.16704540033204412,5.929816327401906e-11,0.0,-0.16704540044826638,-0.16704540021582187,3230
871,full,2014,independent,general,40,0.3151773368655762,1.7937239327712474e-11,0.0,0.3151773368304199,0.3151773369007325,2769
872,full,2014,independent,sc,40,0.08939325720178734,1.237577434653077e-13,0.0,0.08939325720154478,0.0893932572020299,351
873,full,2014,independent,st,40,-5.981866904579126,2.0322871600898114,0.0032461171492479406,-9.965076544598343,-1.9986572645599092,110
874,full,2019,all,all,40,0.34845587235868813,7.442468806760634e-11,0.0,0.34845587221281843,0.34845587250455784,6055
875,full,2019,all,general,40,0.37535698630656306,9.187202711035266e-11,0.0,0.3753569861264972,0.3753569864866289,4978
876,full,2019,all,sc,40,0.3297226877518233,1.131060920564627,0.7706564840222646,-1.8871159808755644,2.546561356379211,745
877,full,2019,all,st,40,1.2455905916080476,1.5008017033600818,0.4065669715975935,-1.6959266949140785,4.187107878130174,332
878,full,2019,national,all,40,0.6356697652294746,1.3283514190027927,0.6322656558885231,-1.9678511748286742,3.239190705287623,882
879,full,2019,national,general,40,0.9900415061180848,1.6451652390253058,0.5473149372418823,-2.2344231109887436,4.214506123224913,662
880,full,2019,national,sc,40,-4.098726683390843,2.3042376858047886,0.07527620944298555,-8.61494955938815,0.417496192606464,132
881,full,2019,regional,all,40,0.3538672811109575,3.401616598841396e-10,0.0,0.3538672804442529,0.3538672817776621,5173
882,full,2019,regional,general,40,0.26155356543527397,3.463665001418634e-11,0.0,0.2615535653673874,0.26155356550316056,4316
883,full,2019,regional,sc,40,2.088670819624918,1.261648925757002,0.09782134562710534,-0.38411563599245424,4.56145727524229,613
884,full,2019,regional,st,40,-0.10460604384020777,1.465430016150773,0.9430933448131574,-2.9767960973596725,2.7675840096792568,244
885,full,2019,independent,all,40,0.30173310537366005,1.7051570576837277e-12,0.0,0.301733105370318,0.3017331053770021,3443
886,full,2019,independent,general,40,0.19397017794192883,2.0530842015723033e-11,0.0,0.19397017790168913,0.19397017798216853,2973
887,full,2019,independent,sc,40,1.9216424141465829,1.8479945929139956,0.2984082784649408,-1.7003604315896073,5.543645259882773,343
888,full,2019,independent,st,40,-0.01832151543005689,inf,1.0,-inf,inf,127
