spec_id,controls,vote_share_min,year_filter,party_filter,seat_filter,winnable_threshold,n,n_female,female_coef,female_se,female_p,ci_lower,ci_upper,r2
1068,controls+winnable,0.25,2009,national,reserved,40,311,23,-2.2641394796591827,2.3140120734016265,0.32785301272755785,-6.799519803317227,2.2712408439988616,0.16744218234742392
1500,full+winnable,0.25,2009,national,reserved,40,311,23,-2.2641394796591774,2.314012073401624,0.3278530127275584,-6.799519803317216,2.2712408439988616,0.16744218234742392
960,controls+winnable,0.0,2009,national,reserved,40,312,23,-2.258525742385233,2.3130923558509,0.32886149170966206,-6.792103452767903,2.2750519679974373,0.1674822005710902
1392,full+winnable,0.0,2009,national,reserved,40,312,23,-2.2585257423852267,2.313092355850899,0.32886149170966317,-6.792103452767895,2.2750519679974417,0.16748220057108987
1608,full+winnable,0.5,2009,national,reserved,40,305,23,-2.215172035265927,2.3263483544291734,0.34099051910210654,-6.7747310254411275,2.3443869549092735,0.16911857640685235
1176,controls+winnable,0.5,2009,national,reserved,40,305,23,-2.215172035265919,2.326348354429172,0.340990519102108,-6.774731025441117,2.344386954909279,0.16911857640685213
636,year+winnable,0.25,2009,national,reserved,40,311,23,-2.2098712964947804,1.5985707863410604e-11,0.0,-2.209871296526112,-2.209871296463449,0.14696702405161988
528,year+winnable,0.0,2009,national,reserved,40,312,23,-2.1900025329750177,6.124256107676967e-11,0.0,-2.190002533095051,-2.1900025328549844,0.14715650582550865
744,year+winnable,0.5,2009,national,reserved,40,305,23,-2.1850924293548615,2.30297907582564,0.34271662488642907,-6.698848475122455,2.3286636164127317,0.15004816118063946
312,none+winnable,0.5,2009,national,reserved,40,305,23,-2.185092429354852,2.302979075825641,0.3427166248864314,-6.698848475122447,2.3286636164127428,0.15004816118063946
204,none+winnable,0.25,2009,national,reserved,40,311,23,-2.1642930655727075,2.298136527126133,0.34631552637276264,-6.668557890295885,2.3399717591504703,0.15034489249031302
96,none+winnable,0.0,2009,national,reserved,40,312,23,-2.1617620305695167,2.2973652799394424,0.3467179527398214,-6.664515238583602,2.3409911774445695,0.15041862296252873
389,none+winnable,1.0,2004,regional,general,20,614,47,-2.1209057804792595,1.150409992149511,0.06524019856653698,-4.375667932547307,0.13385637158878838,0.010375446364298213
821,year+winnable,1.0,2004,regional,general,20,614,47,-2.1209057804792586,1.1504099921495106,0.06524019856653698,-4.375667932547305,0.13385637158878838,0.010375446364298435
390,none+winnable,1.0,2004,regional,general,30,614,47,-2.110019565894948,1.1560366012692829,0.06796804035998835,-4.375809669192833,0.15577053740293723,0.010828275836517687
822,year+winnable,1.0,2004,regional,general,30,614,47,-2.110019565894947,1.1560366012692835,0.06796804035998864,-4.375809669192834,0.15577053740293945,0.010828275836517687
823,year+winnable,1.0,2004,regional,general,35,614,47,-2.1014220547573976,1.1406104220412172,0.06542160676105392,-4.3369774023492145,0.13413329283441922,0.011154787092727214
391,none+winnable,1.0,2004,regional,general,35,614,47,-2.1014220547573954,1.1406104220412163,0.065421606761054,-4.336977402349211,0.13413329283441966,0.011154787092727214
392,none+winnable,1.0,2004,regional,general,40,614,47,-2.0857211470516552,1.140612783372337,0.0674599980897277,-4.321281122767422,0.1498388286641119,0.011521005799294715
824,year+winnable,1.0,2004,regional,general,40,614,47,-2.085721147051654,1.1406127833723372,0.06745999808972797,-4.321281122767422,0.1498388286641137,0.011521005799294715
1716,full+winnable,1.0,2009,national,reserved,40,272,22,-1.9810156235955632,2.4651597810146306,0.4216249241699159,-6.8126400105208855,2.8506087633297597,0.1696180018934612
1284,controls+winnable,1.0,2009,national,reserved,40,272,22,-1.981015623595554,2.465159781014627,0.42162492416991737,-6.8126400105208695,2.8506087633297614,0.1696180018934612
852,year+winnable,1.0,2009,national,reserved,40,272,22,-1.9609648286413646,2.4107469981747665,0.4159737289007799,-6.685942120901954,2.7640124636192254,0.1475270442907779
420,none+winnable,1.0,2009,national,reserved,40,272,22,-1.9609648286413557,2.4107469981747642,0.41597372890078166,-6.685942120901942,2.76401246361923,0.1475270442907779
819,year+winnable,1.0,2004,regional,all,35,923,72,-1.8689349476345076,0.8280219172619974,0.024001323048879246,-3.491828083877827,-0.24604181139118841,0.010625764599580978
387,none+winnable,1.0,2004,regional,all,35,923,72,-1.8689349476345072,0.8280219172619971,0.024001323048879246,-3.4918280838778264,-0.2460418113911882,0.010625764599580978
1687,full+winnable,1.0,2004,regional,general,35,614,47,-1.854760955827156,1.1567773924351066,0.10884940665204969,-4.1220029831301215,0.41248107147580915,0.029031132081162148
1255,controls+winnable,1.0,2004,regional,general,35,614,47,-1.8547609558271543,1.1567773924351068,0.10884940665205008,-4.12200298313012,0.41248107147581137,0.029031132081162148
388,none+winnable,1.0,2004,regional,all,40,923,72,-1.8535793894588,0.8279622444054824,0.025173845204676637,-3.476355569052495,-0.23080320986510472,0.010723220795001986
820,year+winnable,1.0,2004,regional,all,40,923,72,-1.8535793894587997,0.8279622444054822,0.025173845204676623,-3.4763555690524948,-0.23080320986510494,0.010723220795001986
817,year+winnable,1.0,2004,regional,all,20,923,72,-1.847586632513102,0.8298347494724184,0.02598396951491164,-3.474032854598861,-0.22114041042734334,0.012154617605827589
385,none+winnable,1.0,2004,regional,all,20,923,72,-1.8475866325131007,0.8298347494724186,0.025983969514911807,-3.47403285459886,-0.22114041042734156,0.012154617605827589
1253,controls+winnable,1.0,2004,regional,general,20,614,47,-1.8408020820635123,1.1713580464713853,0.11606399599125794,-4.136621666148622,0.4550175020215981,0.034775955398760994
1685,full+winnable,1.0,2004,regional,general,20,614,47,-1.840802082063511,1.1713580464713855,0.1160639959912583,-4.1366216661486215,0.45501750202159985,0.034775955398760994
1688,full+winnable,1.0,2004,regional,general,40,614,47,-1.8329016998605268,1.157037363153043,0.11316333212923928,-4.100653260407682,0.4348498606866291,0.02936992710226094
1256,controls+winnable,1.0,2004,regional,general,40,614,47,-1.8329016998605265,1.1570373631530442,0.1131633321292396,-4.100653260407684,0.43484986068663156,0.02936992710226094
386,none+winnable,1.0,2004,regional,all,30,923,72,-1.8229151302730027,0.8336191266336772,0.028760910332907064,-3.4567785952987444,-0.1890516652472607,0.012424740470429407
818,year+winnable,1.0,2004,regional,all,30,923,72,-1.8229151302730013,0.8336191266336767,0.028760910332907064,-3.456778595298742,-0.18905166524726047,0.012424740470429518
1254,controls+winnable,1.0,2004,regional,general,30,614,47,-1.8148417292335928,1.1791089097693481,0.12376431702331993,-4.125852726231804,0.4961692677646179,0.03426432886509434
1686,full+winnable,1.0,2004,regional,general,30,614,47,-1.8148417292335923,1.1791089097693475,0.12376431702331983,-4.125852726231802,0.496169267764617,0.03426432886509434
1251,controls+winnable,1.0,2004,regional,all,35,923,72,-1.697138766219424,0.8361594162109824,0.04238874599533442,-3.3359811073269867,-0.058296425111861394,0.02419889636650474
1683,full+winnable,1.0,2004,regional,all,35,923,72,-1.6971387662194237,0.8361594162109829,0.042388745995334556,-3.335981107326987,-0.058296425111860284,0.02419889636650474
1684,full+winnable,1.0,2004,regional,all,40,923,72,-1.6777308345014705,0.8361845219692403,0.04481228670293788,-3.3166223819910234,-0.038839287011917856,0.0241738063722875
1252,controls+winnable,1.0,2004,regional,all,40,923,72,-1.6777308345014688,0.8361845219692409,0.044812286702938256,-3.3166223819910226,-0.03883928701191497,0.0241738063722875
1681,full+winnable,1.0,2004,regional,all,20,923,72,-1.6051218499108237,0.8377347443598943,0.055361740969088594,-3.247051777454086,0.03680807763243821,0.032574263082363
1249,controls+winnable,1.0,2004,regional,all,20,923,72,-1.6051218499108204,0.8377347443598929,0.05536174096908869,-3.2470517774540797,0.036808077632438874,0.03257426308236311
1682,full+winnable,1.0,2004,regional,all,30,923,72,-1.5682022565257463,0.8430946385571458,0.06287776864159979,-3.2206373836565665,0.0842328706050739,0.031673952833403574
1250,controls+winnable,1.0,2004,regional,all,30,923,72,-1.5682022565257456,0.8430946385571456,0.06287776864159983,-3.220637383656565,0.08423287060507412,0.031673952833403574
395,none+winnable,1.0,2004,regional,reserved,35,309,25,-1.4658588034574356,1.0819391065772486,0.1754672361927182,-3.586420485814286,0.6547028788994149,0.007705008727430185
827,year+winnable,1.0,2004,regional,reserved,35,309,25,-1.4658588034574354,1.0819391065772483,0.1754672361927182,-3.586420485814285,0.6547028788994147,0.007705008727430185
281,none+winnable,0.5,2004,regional,general,20,832,52,-1.4627102403889445,1.013257303175828,0.14885930341615808,-3.44865806168575,0.5232375809078611,0.0030832271796281674
713,year+winnable,0.5,2004,regional,general,20,832,52,-1.462710240388944,1.0132573031758285,0.14885930341615836,-3.4486580616857507,0.5232375809078624,0.0030832271796281674
396,none+winnable,1.0,2004,regional,reserved,40,309,25,-1.4583863291047467,1.0831069626948246,0.1781464372467464,-3.5812369673911713,0.6644643091816775,0.007197894381130943
828,year+winnable,1.0,2004,regional,reserved,40,309,25,-1.4583863291047465,1.0831069626948246,0.17814643724674628,-3.581236967391171,0.6644643091816778,0.007197894381130943
282,none+winnable,0.5,2004,regional,general,30,832,52,-1.4541729754344213,1.0164462816330952,0.15253221352161786,-3.4463710796549445,0.538025128786102,0.0034991583333808807
714,year+winnable,0.5,2004,regional,general,30,832,52,-1.4541729754344213,1.016446281633095,0.15253221352161775,-3.446371079654944,0.5380251287861015,0.0034991583333808807
715,year+winnable,0.5,2004,regional,general,35,832,52,-1.446163368823794,1.0145160454120716,0.15402104962785096,-3.4345782795694566,0.5422515419218683,0.004688698223115573
283,none+winnable,0.5,2004,regional,general,35,832,52,-1.4461633688237931,1.0145160454120725,0.1540210496278516,-3.4345782795694575,0.542251541921871,0.004688698223115573
716,year+winnable,0.5,2004,regional,general,40,832,52,-1.4362747836074405,1.014716059653032,0.15693806052309373,-3.42508171506178,0.5525321478468992,0.0049898556503968905
284,none+winnable,0.5,2004,regional,general,40,832,52,-1.4362747836074399,1.014716059653032,0.15693806052309392,-3.4250817150617796,0.5525321478468999,0.0049898556503968905
813,year+winnable,1.0,2004,national,reserved,20,319,27,-1.3548170809196909,1.5784414463849958,0.39071256463950366,-4.448505467539594,1.7388713057002116,0.00441721659623695
381,none+winnable,1.0,2004,national,reserved,20,319,27,-1.35481708091969,1.5784414463849965,0.3907125646395041,-4.448505467539594,1.7388713057002139,0.00441721659623695
1579,full+winnable,0.5,2004,regional,general,35,832,52,-1.3513660244237,1.0273842904917543,0.18839357715792093,-3.365002232069775,0.662270183222375,0.024340654026453246
1147,controls+winnable,0.5,2004,regional,general,35,832,52,-1.351366024423698,1.0273842904917538,0.18839357715792127,-3.365002232069772,0.6622701832223761,0.024340654026453468
1577,full+winnable,0.5,2004,regional,general,20,832,52,-1.3388493266189334,1.0293793975076313,0.19338260450246192,-3.3563958721614306,0.6786972189235638,0.02452281815618118
1145,controls+winnable,0.5,2004,regional,general,20,832,52,-1.338849326618933,1.0293793975076309,0.1933826045024618,-3.3563958721614293,0.6786972189235634,0.02452281815618118
372,none+winnable,1.0,2004,all,reserved,40,628,52,-1.3360334164215464,0.9649345219410188,0.16617954295172543,-3.227270326865318,0.555203494022225,0.00498677795595015
804,year+winnable,1.0,2004,all,reserved,40,628,52,-1.3360334164215462,0.9649345219410183,0.1661795429517252,-3.2272703268653165,0.5552034940222241,0.00498677795595015
1580,full+winnable,0.5,2004,regional,general,40,832,52,-1.3359617318885544,1.0277620520152666,0.19364397005162803,-3.3503383385154586,0.6784148747383498,0.02474596339854873
1148,controls+winnable,0.5,2004,regional,general,40,832,52,-1.3359617318885528,1.0277620520152657,0.19364397005162826,-3.3503383385154555,0.6784148747383496,0.02474596339854873
1578,full+winnable,0.5,2004,regional,general,30,832,52,-1.3233111189193811,1.0361159221366443,0.20153714412135015,-3.3540610101157107,0.7074387722769486,0.02540706381602431
1146,controls+winnable,0.5,2004,regional,general,30,832,52,-1.3233111189193811,1.0361159221366438,0.20153714412135004,-3.35406101011571,0.7074387722769477,0.02540706381602431
1245,controls+winnable,1.0,2004,national,reserved,20,319,27,-1.3222471044550665,1.6098839101009912,0.4114579162862865,-4.477561587543527,1.8330673786333944,0.012047005893481622
1677,full+winnable,1.0,2004,national,reserved,20,319,27,-1.322247104455066,1.6098839101009899,0.4114579162862865,-4.477561587543525,1.8330673786333922,0.0120470058934814
393,none+winnable,1.0,2004,regional,reserved,20,309,25,-1.2967548178056572,1.0480000115619086,0.21595292243022646,-3.350797096264558,0.757287460653244,0.014050255619902585
825,year+winnable,1.0,2004,regional,reserved,20,309,25,-1.2967548178056556,1.0480000115619084,0.21595292243022712,-3.3507970962645564,0.7572874606532451,0.014050255619902585
1259,controls+winnable,1.0,2004,regional,reserved,35,309,25,-1.2832020303330773,1.0494660132884017,0.22143584957689522,-3.340117619377178,0.7737135587110238,0.02826113673446895
1691,full+winnable,1.0,2004,regional,reserved,35,309,25,-1.2832020303330771,1.0494660132884015,0.22143584957689522,-3.3401176193771778,0.7737135587110235,0.02826113673446895
1320,full+winnable,0.0,all,national,reserved,40,650,53,-1.2754835729367255,1.3281829737360273,0.33689308888637515,-3.8786743663386476,1.3277072204651965,0.08964114119282462
1248,controls+winnable,1.0,2004,national,reserved,40,319,27,-1.2751302504198772,1.6246156008064283,0.4325232227328709,-4.459318316722378,1.909057815882624,0.012449473278377088
1680,full+winnable,1.0,2004,national,reserved,40,319,27,-1.2751302504198765,1.6246156008064268,0.4325232227328708,-4.459318316722374,1.9090578158826215,0.012449473278377088
1428,full+winnable,0.25,all,national,reserved,40,649,53,-1.2749325117297141,1.3283955465258024,0.3371792006232891,-3.878539940143688,1.3286749166842602,0.08963718405736576
1260,controls+winnable,1.0,2004,regional,reserved,40,309,25,-1.2705334281088232,1.050507715793982,0.22649115289694133,-3.3294907165464664,0.7884238603288203,0.027210012057651944
1692,full+winnable,1.0,2004,regional,reserved,40,309,25,-1.2705334281088223,1.0505077157939815,0.22649115289694133,-3.3294907165464647,0.7884238603288203,0.027210012057651833
1536,full+winnable,0.5,all,national,reserved,40,641,53,-1.269529150758012,1.331240394673987,0.3402639759948156,-3.8787123790839138,1.3396540775678896,0.09098134635812549
1668,full+winnable,1.0,2004,all,reserved,40,628,52,-1.262662425167845,0.9744896247592748,0.1950731253618767,-3.172626993003975,0.6473021426682852,0.012948507727218894
1236,controls+winnable,1.0,2004,all,reserved,40,628,52,-1.2626624251678447,0.9744896247592753,0.19507312536187726,-3.172626993003976,0.6473021426682866,0.012948507727218894
394,none+winnable,1.0,2004,regional,reserved,30,309,25,-1.2402675439788444,1.0425259522089347,0.2341739733657583,-3.2835808632566823,0.8030457752989935,0.014342454035519037
826,year+winnable,1.0,2004,regional,reserved,30,309,25,-1.240267543978843,1.0425259522089343,0.23417397336575874,-3.28358086325668,0.8030457752989939,0.014342454035519037
816,year+winnable,1.0,2004,national,reserved,40,319,27,-1.2356158906549781,1.5863264435586846,0.4360288852783806,-4.34475858775351,1.8735268064435544,0.002787839184374419
384,none+winnable,1.0,2004,national,reserved,40,319,27,-1.2356158906549777,1.5863264435586841,0.4360288852783807,-4.3447585877535095,1.873526806443554,0.002787839184374641
1164,controls+winnable,0.5,2009,all,reserved,40,833,65,-1.2329367956187867,1.1482399406579276,0.2829292167866557,-3.4834457249187336,1.01757213368116,0.1626450806103763
1596,full+winnable,0.5,2009,all,reserved,40,833,65,-1.2329367956187811,1.1482399406579271,0.2829292167866575,-3.483445724918727,1.0175721336811647,0.1626450806103762
279,none+winnable,0.5,2004,regional,all,35,1245,81,-1.2228493915580672,0.7256151431025962,0.09193862798665603,-2.6450289386760333,0.19933015555989897,0.004142436726998322
711,year+winnable,0.5,2004,regional,all,35,1245,81,-1.2228493915580663,0.7256151431025958,0.09193862798665613,-2.6450289386760315,0.19933015555989897,0.004142436726998322
803,year+winnable,1.0,2004,all,reserved,35,628,52,-1.221413392277809,0.9506673949713943,0.19886368131263754,-3.0846872476982563,0.6418604631426383,0.01009528566938156
371,none+winnable,1.0,2004,all,reserved,35,628,52,-1.221413392277809,0.9506673949713945,0.19886368131263754,-3.0846872476982568,0.6418604631426388,0.01009528566938156
280,none+winnable,0.5,2004,regional,all,40,1245,81,-1.2141375309848785,0.7256865158293386,0.09430993836984607,-2.636456966076738,0.208181904106981,0.004295859743169594
712,year+winnable,0.5,2004,regional,all,40,1245,81,-1.2141375309848783,0.7256865158293389,0.09430993836984626,-2.6364569660767385,0.20818190410698167,0.004295859743169372
369,none+winnable,1.0,2004,all,reserved,20,628,52,-1.2100998365142588,0.9495518174749353,0.20252504957630968,-3.071187200219683,0.6509875271911656,0.007812322454323284
801,year+winnable,1.0,2004,all,reserved,20,628,52,-1.2100998365142586,0.9495518174749349,0.20252504957630957,-3.071187200219682,0.6509875271911649,0.007812322454323062
709,year+winnable,0.5,2004,regional,all,20,1245,81,-1.208477852719859,0.7238618258684368,0.09502091976918553,-2.627220961205399,0.21026525576568122,0.0039078172936310995
277,none+winnable,0.5,2004,regional,all,20,1245,81,-1.2084778527198587,0.723861825868437,0.09502091976918564,-2.627220961205399,0.21026525576568167,0.0039078172936312106
705,year+winnable,0.5,2004,national,reserved,20,336,30,-1.208016052116688,1.4170777225141729,0.393953358809247,-3.9854373515385113,1.5694052473051352,0.004386231360041237
273,none+winnable,0.5,2004,national,reserved,20,336,30,-1.208016052116688,1.4170777225141724,0.39395335880924687,-3.9854373515385104,1.5694052473051343,0.004386231360041237
57,none+winnable,0.0,2004,national,reserved,20,338,30,-1.2062906118202932,1.4166446961114167,0.3944847441457393,-3.9828631950883597,1.5702819714477734,0.004414792932489697
165,none+winnable,0.25,2004,national,reserved,20,338,30,-1.2062906118202932,1.4166446961114167,0.3944847441457393,-3.9828631950883597,1.5702819714477734,0.004414792932489697
597,year+winnable,0.25,2004,national,reserved,20,338,30,-1.206290611820293,1.4166446961114159,0.3944847441457392,-3.982863195088358,1.5702819714477718,0.004414792932489697
489,year+winnable,0.0,2004,national,reserved,20,338,30,-1.206290611820293,1.4166446961114159,0.3944847441457392,-3.982863195088358,1.5702819714477718,0.004414792932489697
278,none+winnable,0.5,2004,regional,all,30,1245,81,-1.2008163386432165,0.7256277031689744,0.097951759573337,-2.6230205030389273,0.22138782575249416,0.003908024309024594
710,year+winnable,0.5,2004,regional,all,30,1245,81,-1.2008163386432158,0.7256277031689738,0.097951759573337,-2.6230205030389255,0.22138782575249372,0.003908024309024594
1569,full+winnable,0.5,2004,national,reserved,20,336,30,-1.1985386576762842,1.443179312124634,0.4062646695944546,-4.027118132673856,1.6300408173212877,0.011523376052816392
1137,controls+winnable,0.5,2004,national,reserved,20,336,30,-1.1985386576762838,1.4431793121246346,0.40626466959445495,-4.027118132673857,1.6300408173212895,0.011523376052816392
1461,full+winnable,0.25,2004,national,reserved,20,338,30,-1.1937348924856728,1.442157437051068,0.4078163878309107,-4.020311529142356,1.6328417441710104,0.01147088063390267
1353,full+winnable,0.0,2004,national,reserved,20,338,30,-1.1937348924856728,1.442157437051068,0.4078163878309107,-4.020311529142356,1.6328417441710104,0.01147088063390267
1029,controls+winnable,0.25,2004,national,reserved,20,338,30,-1.1937348924856725,1.4421574370510681,0.407816387830911,-4.020311529142356,1.632841744171011,0.01147088063390267
921,controls+winnable,0.0,2004,national,reserved,20,338,30,-1.1937348924856725,1.4421574370510681,0.407816387830911,-4.020311529142356,1.632841744171011,0.01147088063390267
732,year+winnable,0.5,2009,all,reserved,40,833,65,-1.1875568371411658,1.0774006169110537,0.2703562244351456,-3.2992232432080666,0.9241095689257353,0.15723771143668852
300,none+winnable,0.5,2009,all,reserved,40,833,65,-1.1822468986804335,1.1512046389932855,0.30443693423549734,-3.438566529942708,1.0740727325818409,0.15835104342552386
672,year+winnable,0.5,all,national,reserved,40,641,53,-1.1659061272117524,1.315075457618902,0.37531058302522957,-3.743406661097331,1.4115944066738262,0.07626001301194829
456,year+winnable,0.0,all,national,reserved,40,650,53,-1.1651628250054966,1.3135542639593136,0.3750624268083925,-3.739681874104771,1.4093562240937778,0.07613352948465602
564,year+winnable,0.25,all,national,reserved,40,649,53,-1.1640197825072531,1.3137132148117925,0.375588866537901,-3.738850369552698,1.4108108045381915,0.07613760689029447
1572,full+winnable,0.5,2004,national,reserved,40,336,30,-1.1623451033108625,1.459161976953437,0.4256926652156203,-4.022250025749863,1.6975598191281385,0.011821465449295743
1140,controls+winnable,0.5,2004,national,reserved,40,336,30,-1.1623451033108614,1.4591619769534367,0.42569266521562077,-4.022250025749862,1.6975598191281391,0.011821465449295743
382,none+winnable,1.0,2004,national,reserved,30,319,27,-1.1581038431718786,1.570581302328638,0.4608957063334469,-4.236386630528023,1.9201789441842658,0.0029779031554106883
814,year+winnable,1.0,2004,national,reserved,30,319,27,-1.158103843171877,1.5705813023286381,0.46089570633344756,-4.236386630528022,1.9201789441842678,0.0029779031554106883
1032,controls+winnable,0.25,2004,national,reserved,40,338,30,-1.154652840778502,1.4580609295479767,0.4284132316615239,-4.012399749957529,1.7030940684005254,0.011729453766000875
1356,full+winnable,0.0,2004,national,reserved,40,338,30,-1.154652840778502,1.4580609295479767,0.4284132316615239,-4.012399749957529,1.7030940684005254,0.011729453766000875
1464,full+winnable,0.25,2004,national,reserved,40,338,30,-1.154652840778502,1.4580609295479767,0.4284132316615239,-4.012399749957529,1.7030940684005254,0.011729453766000875
924,controls+winnable,0.0,2004,national,reserved,40,338,30,-1.154652840778502,1.4580609295479767,0.4284132316615239,-4.012399749957529,1.7030940684005254,0.011729453766000875
1143,controls+winnable,0.5,2004,regional,all,35,1245,81,-1.137010817713988,0.7304900160225816,0.1195882317959641,-2.5687449401843345,0.2947233047563589,0.01938510312144237
1575,full+winnable,0.5,2004,regional,all,35,1245,81,-1.1370108177139873,0.7304900160225816,0.11958823179596437,-2.568744940184334,0.29472330475635955,0.01938510312144237
1144,controls+winnable,0.5,2004,regional,all,40,1245,81,-1.1245648159568966,0.7305989968322854,0.12374651201517549,-2.5565125368892687,0.3073829049754757,0.01951864211739096
1576,full+winnable,0.5,2004,regional,all,40,1245,81,-1.1245648159568957,0.7305989968322854,0.1237465120151758,-2.556512536889268,0.3073829049754766,0.01951864211739096
1235,controls+winnable,1.0,2004,all,reserved,35,628,52,-1.1185223843949892,0.9551738266296099,0.24159295582366114,-2.9906286835643305,0.7535839147743519,0.021052620613707607
1667,full+winnable,1.0,2004,all,reserved,35,628,52,-1.118522384394989,0.9551738266296096,0.24159295582366103,-2.9906286835643296,0.7535839147743515,0.021052620613707718
1104,controls+winnable,0.5,all,national,reserved,40,641,53,-1.1157721589174265,1.3524403534180838,0.40936786833209315,-3.766506542855493,1.53496222502064,0.061910589800722615
996,controls+winnable,0.25,all,national,reserved,40,649,53,-1.1137847871749835,1.3506332357828543,0.4095765954639655,-3.7609772856321726,1.5334077112822058,0.06170581157875543
276,none+winnable,0.5,2004,national,reserved,40,336,30,-1.1137397083395044,1.4260811738456334,0.43481473904552714,-3.9088074481075497,1.6813280314285406,0.0025435072180514107
708,year+winnable,0.5,2004,national,reserved,40,336,30,-1.1137397083395042,1.426081173845633,0.43481473904552714,-3.9088074481075483,1.68132803142854,0.0025435072180514107
888,controls+winnable,0.0,all,national,reserved,40,650,53,-1.1114888255326898,1.3503658285585536,0.41044998680674427,-3.758157215461044,1.5351795643956643,0.061686628111448094
60,none+winnable,0.0,2004,national,reserved,40,338,30,-1.1097709647969183,1.4255599286509681,0.43628564973684225,-3.903817082756305,1.6842751531624682,0.0025316907243233544
168,none+winnable,0.25,2004,national,reserved,40,338,30,-1.1097709647969183,1.4255599286509681,0.43628564973684225,-3.903817082756305,1.6842751531624682,0.0025316907243233544
600,year+winnable,0.25,2004,national,reserved,40,338,30,-1.1097709647969172,1.4255599286509681,0.4362856497368427,-3.9038170827563037,1.6842751531624693,0.0025316907243233544
492,year+winnable,0.0,2004,national,reserved,40,338,30,-1.1097709647969172,1.4255599286509681,0.4362856497368427,-3.9038170827563037,1.6842751531624693,0.0025316907243233544
383,none+winnable,1.0,2004,national,reserved,35,319,27,-1.0991015629594991,1.5872037029162582,0.4886380209384057,-4.209963656803977,2.0117605308849784,0.004892054296486648
815,year+winnable,1.0,2004,national,reserved,35,319,27,-1.0991015629594985,1.587203702916258,0.488638020938406,-4.209963656803976,2.0117605308849784,0.004892054296486648
1247,controls+winnable,1.0,2004,national,reserved,35,319,27,-1.0990254648543039,1.618034148526871,0.49698895836623413,-4.270314121722904,2.0722631920142955,0.01847054135942605
1679,full+winnable,1.0,2004,national,reserved,35,319,27,-1.0990254648543034,1.6180341485268708,0.49698895836623425,-4.270314121722903,2.0722631920142955,0.01847054135942605
1644,full+winnable,1.0,all,national,reserved,40,591,49,-1.0959183764681073,1.443122168485554,0.4476085887645287,-3.924385851991137,1.7325490990549224,0.09330609243304344
802,year+winnable,1.0,2004,all,reserved,30,628,52,-1.092508902851313,0.9416855675848517,0.24598238339041023,-2.9381787000787813,0.7531608943761552,0.010402716064547457
370,none+winnable,1.0,2004,all,reserved,30,628,52,-1.0925089028513124,0.9416855675848513,0.24598238339041045,-2.93817870007878,0.7531608943761552,0.010402716064547457
1246,controls+winnable,1.0,2004,national,reserved,30,319,27,-1.0776979446065575,1.6035637697674097,0.5015427696567525,-4.22062518026396,2.0652292910508447,0.014974790957000939
1678,full+winnable,1.0,2004,national,reserved,30,319,27,-1.0776979446065567,1.603563769767409,0.5015427696567526,-4.220625180263958,2.0652292910508443,0.01497479095700105
1573,full+winnable,0.5,2004,regional,all,20,1245,81,-1.0687163407734646,0.7282349595438966,0.1422283174007324,-2.4960306337624854,0.358597952215556,0.02258727205069877
1141,controls+winnable,0.5,2004,regional,all,20,1245,81,-1.0687163407734643,0.7282349595438972,0.14222831740073283,-2.4960306337624862,0.35859795221555735,0.02258727205069877
1212,controls+winnable,1.0,all,national,reserved,40,591,49,-1.0605544061255519,1.459605151686,0.46746880198131535,-3.9213279350792343,1.8002191228281308,0.06258646928089273
706,year+winnable,0.5,2004,national,reserved,30,336,30,-1.060314440467409,1.4077106175300784,0.4513182994456444,-3.8193765514810014,1.6987476705461837,0.0025953958129510957
274,none+winnable,0.5,2004,national,reserved,30,336,30,-1.0603144404674087,1.407710617530078,0.4513182994456443,-3.8193765514810005,1.698747670546183,0.0025953958129510957
598,year+winnable,0.25,2004,national,reserved,30,338,30,-1.0572036332290686,1.4072566364214805,0.4525013226074862,-3.8153759576201476,1.7009686911620103,0.0025633473202130164
490,year+winnable,0.0,2004,national,reserved,30,338,30,-1.0572036332290686,1.4072566364214805,0.4525013226074862,-3.8153759576201476,1.7009686911620103,0.0025633473202130164
166,none+winnable,0.25,2004,national,reserved,30,338,30,-1.0572036332290682,1.4072566364214805,0.4525013226074863,-3.815375957620147,1.7009686911620108,0.0025633473202130164
58,none+winnable,0.0,2004,national,reserved,30,338,30,-1.0572036332290682,1.4072566364214805,0.4525013226074863,-3.815375957620147,1.7009686911620108,0.0025633473202130164
1665,full+winnable,1.0,2004,all,reserved,20,628,52,-1.053692716941459,0.9550068190585257,0.26988159067419115,-2.925471687286329,0.8180862534034115,0.019667129537437877
1233,controls+winnable,1.0,2004,all,reserved,20,628,52,-1.0536927169414587,0.9550068190585261,0.2698815906741915,-2.92547168728633,0.8180862534034126,0.019667129537437877
1142,controls+winnable,0.5,2004,regional,all,30,1245,81,-1.0523143669824275,0.7315377799167514,0.150293295347201,-2.4861020689496485,0.38147333498479363,0.02202358912781266
1574,full+winnable,0.5,2004,regional,all,30,1245,81,-1.0523143669824275,0.7315377799167512,0.15029329534720082,-2.4861020689496485,0.3814733349847932,0.02202358912781266
264,none+winnable,0.5,2004,all,reserved,40,749,59,-1.0477393342248542,0.8461475167855729,0.21562461618314366,-2.706157992732578,0.6106793242828694,0.002674477364982275
696,year+winnable,0.5,2004,all,reserved,40,749,59,-1.0477393342248535,0.8461475167855725,0.21562461618314377,-2.7061579927325763,0.6106793242828694,0.002674477364982275
605,year+winnable,0.25,2004,regional,general,20,1069,63,-1.0449247817675962,0.8305590271222278,0.20835625957970938,-2.6727905619617887,0.5829409984265963,0.0015841524442564703
173,none+winnable,0.25,2004,regional,general,20,1069,63,-1.0449247817675957,0.8305590271222278,0.20835625957970938,-2.672790561961788,0.5829409984265967,0.0015841524442564703
240,none+winnable,0.5,all,national,reserved,40,641,53,-1.0355317178266596,1.3410853643364962,0.4400200035919012,-3.664010732119969,1.5929472964666496,0.0544730109309679
174,none+winnable,0.25,2004,regional,general,30,1069,63,-1.0346909320405988,0.8314849306795987,0.21335632735438825,-2.6643714498603956,0.594989585779198,0.0015136675444115122
606,year+winnable,0.25,2004,regional,general,30,1069,63,-1.0346909320405977,0.8314849306795989,0.21335632735438903,-2.664371449860395,0.5949895857791996,0.0015136675444115122
1272,controls+winnable,1.0,2009,all,reserved,40,540,40,-1.0290644470625967,1.6273709901333522,0.5271596428563493,-4.2186529772092545,2.160524083084061,0.16644128427685845
1704,full+winnable,1.0,2009,all,reserved,40,540,40,-1.0290644470625936,1.6273709901333526,0.5271596428563508,-4.218652977209253,2.160524083084065,0.16644128427685845
1571,full+winnable,0.5,2004,national,reserved,35,336,30,-1.0281467262246218,1.4502234063464137,0.4783508657802783,-3.8705323722005884,1.8142389197513449,0.017484568996064098
1139,controls+winnable,0.5,2004,national,reserved,35,336,30,-1.0281467262246193,1.4502234063464137,0.4783508657802793,-3.8705323722005858,1.8142389197513473,0.017484568996064098
132,none+winnable,0.25,all,national,reserved,40,649,53,-1.0243544307889905,1.3395274203466803,0.44444228611722425,-3.64977993097233,1.601071069394349,0.05440734246356527
24,none+winnable,0.0,all,national,reserved,40,650,53,-1.023189507799275,1.339339353973353,0.44489650179566764,-3.6482464046641896,1.6018673890656396,0.054404896321951446
1031,controls+winnable,0.25,2004,national,reserved,35,338,30,-1.019107390839215,1.449478429957467,0.4820024145221211,-3.8600329099235138,1.8218181282450836,0.017277678550907005
1355,full+winnable,0.0,2004,national,reserved,35,338,30,-1.019107390839215,1.449478429957467,0.4820024145221211,-3.8600329099235138,1.8218181282450836,0.017277678550907005
1463,full+winnable,0.25,2004,national,reserved,35,338,30,-1.019107390839215,1.449478429957467,0.4820024145221211,-3.8600329099235138,1.8218181282450836,0.017277678550907005
923,controls+winnable,0.0,2004,national,reserved,35,338,30,-1.019107390839215,1.449478429957467,0.4820024145221211,-3.8600329099235138,1.8218181282450836,0.017277678550907005
607,year+winnable,0.25,2004,regional,general,35,1069,63,-1.016505722679418,0.8334594983919199,0.22260811959671878,-2.6500563221004,0.6170448767415639,0.0021272307569530913
175,none+winnable,0.25,2004,regional,general,35,1069,63,-1.0165057226794176,0.8334594983919197,0.2226081195967189,-2.650056322100399,0.6170448767415639,0.0021272307569533133
364,none+winnable,1.0,2004,all,all,40,1991,163,-1.0158471583178084,0.6602383057796765,0.1239003132266746,-2.3098904588597176,0.27819614222410083,0.002751604699045229
796,year+winnable,1.0,2004,all,all,40,1991,163,-1.015847158317806,0.6602383057796759,0.12390031322667522,-2.309890458859714,0.27819614222410216,0.002751604699045118
780,year+winnable,1.0,all,national,reserved,40,591,49,-1.0123553077068375,1.4190061504853377,0.4755824394082696,-3.793556256498923,1.7688456410852484,0.07715071494577286
275,none+winnable,0.5,2004,national,reserved,35,336,30,-1.010191097288291,1.4236887260628814,0.47797767459427265,-3.8005697255672497,1.7801875309906676,0.004297148463804357
707,year+winnable,0.5,2004,national,reserved,35,336,30,-1.010191097288291,1.4236887260628814,0.47797767459427265,-3.8005697255672497,1.7801875309906676,0.004297148463804468
176,none+winnable,0.25,2004,regional,general,40,1069,63,-1.0100919387041651,0.833516660980222,0.2255722055619327,-2.6437545747394826,0.6235706973311523,0.00232476303107898
608,year+winnable,0.25,2004,regional,general,40,1069,63,-1.0100919387041647,0.8335166609802224,0.22557220556193303,-2.6437545747394826,0.6235706973311532,0.00232476303107898
1570,full+winnable,0.5,2004,national,reserved,30,336,30,-1.0098932092259048,1.4354540394517057,0.48172194650550537,-3.823331428013786,1.803545009561976,0.014120346267979644
1138,controls+winnable,0.5,2004,national,reserved,30,336,30,-1.0098932092259023,1.4354540394517052,0.48172194650550626,-3.8233314280137827,1.803545009561978,0.014120346267979644
1560,full+winnable,0.5,2004,all,reserved,40,749,59,-1.0067576501637505,0.8542204365637526,0.23856987698808618,-2.680998940686788,0.6674836403592865,0.011890052622143044
1128,controls+winnable,0.5,2004,all,reserved,40,749,59,-1.0067576501637499,0.8542204365637525,0.23856987698808663,-2.680998940686787,0.667483640359287,0.011890052622143044
59,none+winnable,0.0,2004,national,reserved,35,338,30,-1.00561123407636,1.4233650259377388,0.4798755741668602,-3.795355421768248,1.784132953615528,0.00423591622150854
167,none+winnable,0.25,2004,national,reserved,35,338,30,-1.00561123407636,1.4233650259377388,0.4798755741668602,-3.795355421768248,1.784132953615528,0.00423591622150854
599,year+winnable,0.25,2004,national,reserved,35,338,30,-1.005611234076359,1.4233650259377386,0.47987557416686055,-3.795355421768247,1.7841329536155286,0.00423591622150854
491,year+winnable,0.0,2004,national,reserved,35,338,30,-1.005611234076359,1.4233650259377386,0.47987557416686055,-3.795355421768247,1.7841329536155286,0.00423591622150854
922,controls+winnable,0.0,2004,national,reserved,30,338,30,-1.0033882083159493,1.4344736382485914,0.484250980592422,-3.8149048760553264,1.808128459423428,0.013948138046234848
1462,full+winnable,0.25,2004,national,reserved,30,338,30,-1.0033882083159493,1.4344736382485903,0.48425098059242155,-3.8149048760553246,1.8081284594234257,0.013948138046234848
1030,controls+winnable,0.25,2004,national,reserved,30,338,30,-1.0033882083159493,1.4344736382485914,0.484250980592422,-3.8149048760553264,1.808128459423428,0.013948138046234848
1354,full+winnable,0.0,2004,national,reserved,30,338,30,-1.0033882083159493,1.4344736382485903,0.48425098059242155,-3.8149048760553246,1.8081284594234257,0.013948138046234848
788,year+winnable,1.0,all,regional,general,40,1165,76,-1.002280697369846,0.8659502356100115,0.24709487638852234,-2.699511971569443,0.6949505768297508,0.1429189091024452
1689,full+winnable,1.0,2004,regional,reserved,20,309,25,-0.9896010582551847,0.995928628077653,0.32039496674810597,-2.941585300459771,0.9623831839494016,0.042376930099790266
1257,controls+winnable,1.0,2004,regional,reserved,20,309,25,-0.989601058255182,0.9959286280776528,0.3203949667481072,-2.941585300459768,0.9623831839494039,0.042376930099790266
363,none+winnable,1.0,2004,all,all,35,1991,163,-0.9866426151883161,0.6601544806083305,0.13502846753903722,-2.2805216214133894,0.30723639103675726,0.0034990018776668297
795,year+winnable,1.0,2004,all,all,35,1991,163,-0.9866426151883145,0.6601544806083302,0.13502846753903758,-2.280521621413387,0.30723639103675815,0.0034990018776670517
348,none+winnable,1.0,all,national,reserved,40,591,49,-0.9744506022434811,1.443322313714435,0.4995841922991967,-3.8033103552067953,1.8544091507198328,0.05465334733433047
1471,full+winnable,0.25,2004,regional,general,35,1069,63,-0.9653084067453029,0.843267842463263,0.2523237672612817,-2.6180830072940946,0.6874661938034886,0.02709921576849983
1039,controls+winnable,0.25,2004,regional,general,35,1069,63,-0.9653084067453027,0.8432678424632631,0.2523237672612817,-2.6180830072940946,0.6874661938034891,0.02709921576849983
261,none+winnable,0.5,2004,all,reserved,20,749,59,-0.9651253160087684,0.8350981616578895,0.24780272665916647,-2.60188763641384,0.671637004396303,0.004176133399182325
693,year+winnable,0.5,2004,all,reserved,20,749,59,-0.9651253160087682,0.8350981616578892,0.24780272665916636,-2.601887636413839,0.6716370043963026,0.004176133399182325
1469,full+winnable,0.25,2004,regional,general,20,1069,63,-0.9642813922705475,0.842323582115817,0.25229725141576165,-2.6152052765463156,0.6866424920052205,0.026078385701273854
1037,controls+winnable,0.25,2004,regional,general,20,1069,63,-0.964281392270547,0.8423235821158167,0.25229725141576176,-2.6152052765463143,0.6866424920052204,0.026078385701273632
695,year+winnable,0.5,2004,all,reserved,35,749,59,-0.9605077117377411,0.8359584335586152,0.25056018742849095,-2.5989561340851464,0.6779407106096643,0.005719789280487997
263,none+winnable,0.5,2004,all,reserved,35,749,59,-0.9605077117377404,0.8359584335586149,0.25056018742849095,-2.5989561340851455,0.6779407106096645,0.005719789280487997
1040,controls+winnable,0.25,2004,regional,general,40,1069,63,-0.9541105438161149,0.8434847190061824,0.257990563635768,-2.60731021457812,0.6990891269458902,0.027489966695683044
1472,full+winnable,0.25,2004,regional,general,40,1069,63,-0.954110543816111,0.8434847190061817,0.25799056363576967,-2.607310214578115,0.6990891269458928,0.027489966695683044
793,year+winnable,1.0,2004,all,all,20,1991,163,-0.9518908266577084,0.6568675704246681,0.1472994433419303,-2.2393276073023856,0.33554595398696874,0.005430835645172549
361,none+winnable,1.0,2004,all,all,20,1991,163,-0.9518908266577073,0.6568675704246686,0.14729944334193107,-2.2393276073023856,0.33554595398697074,0.00543083564517266
1470,full+winnable,0.25,2004,regional,general,30,1069,63,-0.9516770293190242,0.8469461133507931,0.26115851458552597,-2.611660908332757,0.7083068496947085,0.027046320831232484
1038,controls+winnable,0.25,2004,regional,general,30,1069,63,-0.9516770293190236,0.8469461133507933,0.2611585145855264,-2.6116609083327567,0.7083068496947095,0.027046320831232484
794,year+winnable,1.0,2004,all,all,30,1991,163,-0.9454410609030867,0.6593320020733155,0.15159002213657144,-2.237708038821473,0.34682591701529997,0.003639986626915115
362,none+winnable,1.0,2004,all,all,30,1991,163,-0.9454410609030863,0.6593320020733157,0.15159002213657163,-2.237708038821473,0.3468259170153005,0.003639986626915115
156,none+winnable,0.25,2004,all,reserved,40,834,65,-0.9449347289947694,0.7682346769520007,0.21869414299279066,-2.450647027495454,0.560777569505915,0.0019633619631937993
588,year+winnable,0.25,2004,all,reserved,40,834,65,-0.9449347289947694,0.7682346769520007,0.21869414299279066,-2.450647027495454,0.560777569505915,0.0019633619631937993
1228,controls+winnable,1.0,2004,all,all,40,1991,163,-0.9340242255761066,0.6620672429559693,0.1583126117572733,-2.2316521771135363,0.36360372596132295,0.012041877458436545
1660,full+winnable,1.0,2004,all,all,40,1991,163,-0.9340242255761062,0.6620672429559695,0.15831261175727374,-2.2316521771135363,0.36360372596132384,0.012041877458436545
1452,full+winnable,0.25,2004,all,reserved,40,834,65,-0.9237429401766487,0.7763108239537034,0.234080285227257,-2.4452841959345215,0.5977983155812242,0.013426737619526063
1020,controls+winnable,0.25,2004,all,reserved,40,834,65,-0.9237429401766475,0.7763108239537034,0.23408028522725766,-2.44528419593452,0.5977983155812254,0.013426737619526175
1258,controls+winnable,1.0,2004,regional,reserved,30,309,25,-0.9177627744153535,0.990959660200009,0.354375643671923,-2.860008018539421,1.024482469708714,0.041610886121587476
1690,full+winnable,1.0,2004,regional,reserved,30,309,25,-0.9177627744153527,0.9909596602000081,0.354375643671923,-2.8600080185394186,1.0244824697087134,0.041610886121587365
785,year+winnable,1.0,all,regional,general,20,1165,76,-0.9055846159886485,0.8826745348471389,0.30491265506838583,-2.6355949143596855,0.8244256823823886,0.11300157441912928
585,year+winnable,0.25,2004,all,reserved,20,834,65,-0.8997607508790072,0.7596086229594589,0.23621293752662986,-2.388566294225612,0.5890447924675973,0.0025134876423633656
153,none+winnable,0.25,2004,all,reserved,20,834,65,-0.8997607508790069,0.7596086229594587,0.23621293752662997,-2.388566294225611,0.5890447924675974,0.0025134876423633656
169,none+winnable,0.25,2004,regional,all,20,1565,98,-0.8990323349938728,0.5976462341671382,0.13250710837256413,-2.070397429457455,0.2723327594697097,0.0014539582788125616
601,year+winnable,0.25,2004,regional,all,20,1565,98,-0.8990323349938724,0.5976462341671381,0.1325071083725642,-2.0703974294574548,0.2723327594697099,0.0014539582788125616
1559,full+winnable,0.5,2004,all,reserved,35,749,59,-0.8966813765997469,0.8391929211839245,0.28529302096917486,-2.541469278201199,0.7481065250017053,0.017704749500122352
1127,controls+winnable,0.5,2004,all,reserved,35,749,59,-0.8966813765997461,0.8391929211839243,0.2852930209691753,-2.541469278201198,0.7481065250017056,0.017704749500122463
602,year+winnable,0.25,2004,regional,all,30,1565,98,-0.8936245197848561,0.5980586492177987,0.13512104310738504,-2.0657979328944154,0.27854889332470323,0.0015288746533571596
170,none+winnable,0.25,2004,regional,all,30,1565,98,-0.8936245197848555,0.5980586492177985,0.1351210431073852,-2.0657979328944145,0.27854889332470345,0.0015288746533570485
262,none+winnable,0.5,2004,all,reserved,30,749,59,-0.8930497709512711,0.8267314531433645,0.28004534403099557,-2.513413643998729,0.7273141020961865,0.005379962939449201
694,year+winnable,0.5,2004,all,reserved,30,749,59,-0.8930497709512707,0.8267314531433644,0.2800453440309958,-2.513413643998728,0.7273141020961867,0.005379962939449201
603,year+winnable,0.25,2004,regional,all,35,1565,98,-0.8929105590074508,0.5995628190762285,0.13641644254461616,-2.068032090866163,0.28221097285126173,0.0019224040903346173
171,none+winnable,0.25,2004,regional,all,35,1565,98,-0.8929105590074506,0.599562819076228,0.1364164425446159,-2.0680320908661622,0.28221097285126073,0.0019224040903346173
1666,full+winnable,1.0,2004,all,reserved,30,628,52,-0.8923600474020845,0.9437283833232432,0.34436860053931795,-2.7420336899038515,0.9573135950996827,0.023264106048510813
1234,controls+winnable,1.0,2004,all,reserved,30,628,52,-0.8923600474020832,0.9437283833232418,0.34436860053931795,-2.742033689903848,0.9573135950996814,0.023264106048510813
840,year+winnable,1.0,2009,all,reserved,40,540,40,-0.8906902781238847,1.6227239331512344,0.5830837586239637,-4.071170743951487,2.289790187703717,0.15680865921670628
408,none+winnable,1.0,2009,all,reserved,40,540,40,-0.8906902781238784,1.6227239331512342,0.5830837586239663,-4.0711707439514795,2.289790187703723,0.15680865921670628
1227,controls+winnable,1.0,2004,all,all,35,1991,163,-0.889403339717652,0.6616830504801856,0.17889887619715616,-2.1862782878394142,0.40747160840411034,0.01371188731785944
1659,full+winnable,1.0,2004,all,all,35,1991,163,-0.889403339717652,0.6616830504801856,0.17889887619715616,-2.1862782878394142,0.40747160840411034,0.01371188731785944
604,year+winnable,0.25,2004,regional,all,40,1565,98,-0.8875696515190361,0.5995533143003163,0.1387705670842362,-2.0626725543592794,0.2875332513212072,0.002039710399328376
172,none+winnable,0.25,2004,regional,all,40,1565,98,-0.887569651519036,0.5995533143003162,0.1387705670842362,-2.062672554359279,0.2875332513212071,0.002039710399328376
304,none+winnable,0.5,2009,national,all,40,1064,87,-0.8868177670780223,1.5943989908383707,0.5780685452381067,-4.011782366108236,2.238146831952192,0.10910835715274625
88,none+winnable,0.0,2009,national,all,40,1086,87,-0.8867955680316739,1.5926496045643532,0.5776605364833622,-4.008331432969765,2.234740296906417,0.11001732262758357
196,none+winnable,0.25,2009,national,all,40,1083,87,-0.8867530488836471,1.5928790626918288,0.5777335860964222,-4.0087386434875505,2.2352325457202564,0.10989392409873167
520,year+winnable,0.0,2009,national,all,40,1086,87,-0.8806302004557176,1.2295054329813612e-10,0.0,-0.8806302006966963,-0.8806302002147389,0.10965403451871936
287,none+winnable,0.5,2004,regional,reserved,35,413,29,-0.8804165883057448,0.924081797211553,0.3407180387364662,-2.6915836296094344,0.930750452997945,0.0024328922739116354
719,year+winnable,0.5,2004,regional,reserved,35,413,29,-0.8804165883057443,0.9240817972115529,0.34071803873646633,-2.691583629609434,0.9307504529979452,0.0024328922739116354
720,year+winnable,0.5,2004,regional,reserved,40,413,29,-0.8789969852218417,0.9251855257029558,0.3420734054485116,-2.6923272946173915,0.9343333241737081,0.0022684941194578423
288,none+winnable,0.5,2004,regional,reserved,40,413,29,-0.8789969852218404,0.9251855257029556,0.3420734054485124,-2.6923272946173897,0.9343333241737091,0.0022684941194578423
155,none+winnable,0.25,2004,all,reserved,35,834,65,-0.8756010220818143,0.7605163193146057,0.24959878800582447,-2.366185617593405,0.6149835734297763,0.003985914682876568
587,year+winnable,0.25,2004,all,reserved,35,834,65,-0.8756010220818137,0.7605163193146057,0.2495987880058249,-2.366185617593404,0.6149835734297769,0.003985914682876568
736,year+winnable,0.5,2009,national,all,40,1064,87,-0.8751981820190881,1.2863260263220044,0.4962601018275088,-3.3963508659867383,1.6459545019485624,0.10830161323860987
1384,full+winnable,0.0,2009,national,all,40,1086,87,-0.8731877123970294,1.5569768806895166,0.5749185265991612,-3.9248063233099986,2.1784308985159395,0.13624449947399997
952,controls+winnable,0.0,2009,national,all,40,1086,87,-0.8731877123970193,1.5569768806895163,0.5749185265991655,-3.924806323309988,2.1784308985159493,0.13624449947400008
1492,full+winnable,0.25,2009,national,all,40,1083,87,-0.8699818566962711,1.5572032505398539,0.5763785773729249,-3.9220441443630873,2.1820804309705446,0.13615792974787788
1060,controls+winnable,0.25,2009,national,all,40,1083,87,-0.8699818566962696,1.5572032505398539,0.5763785773729255,-3.9220441443630856,2.1820804309705464,0.13615792974787788
628,year+winnable,0.25,2009,national,all,40,1083,87,-0.8671798413447288,3.3977574678102094e-10,0.0,-0.867179842010677,-0.8671798406787806,0.10915163594102062
800,year+winnable,1.0,2004,all,general,40,1363,111,-0.8666911931330413,0.862726151948198,0.3150914510636065,-2.5576033794723396,0.8242209932062571,0.0019322944803178421
368,none+winnable,1.0,2004,all,general,40,1363,111,-0.8666911931330408,0.8627261519481982,0.3150914510636069,-2.557603379472339,0.8242209932062579,0.0019322944803178421
787,year+winnable,1.0,all,regional,general,35,1165,76,-0.8617650227826725,0.8744868765638977,0.32440199618697196,-2.575727805800836,0.8521977602354909,0.1205402705059152
1557,full+winnable,0.5,2004,all,reserved,20,749,59,-0.857577976094896,0.8391801704380147,0.30681708689804177,-2.502340886693589,0.7871849345037969,0.016689284816900463
1125,controls+winnable,0.5,2004,all,reserved,20,749,59,-0.8575779760948957,0.8391801704380144,0.30681708689804177,-2.502340886693588,0.7871849345037966,0.01668928481690024
799,year+winnable,1.0,2004,all,general,35,1363,111,-0.8565234646851593,0.864261440545485,0.32166276824156137,-2.5504447613810153,0.8373978320106966,0.0017926499627043402
367,none+winnable,1.0,2004,all,general,35,1363,111,-0.8565234646851586,0.864261440545485,0.3216627682415617,-2.5504447613810144,0.8373978320106973,0.0017926499627043402
1035,controls+winnable,0.25,2004,regional,all,35,1565,98,-0.843988476235154,0.6028173242526979,0.16149135177932283,-2.0254887210272456,0.33751176855693743,0.022030546484687052
1467,full+winnable,0.25,2004,regional,all,35,1565,98,-0.8439884762351536,0.6028173242526976,0.16149135177932294,-2.0254887210272448,0.33751176855693743,0.022030546484687052
1652,full+winnable,1.0,all,regional,general,40,1165,76,-0.8435863967618087,0.8773972715388745,0.3363186279819952,-2.5632534491117127,0.8760806555880956,0.15064528052155735
798,year+winnable,1.0,2004,all,general,30,1363,111,-0.8414422354816375,0.8635653949291461,0.3298670995421745,-2.533999307837872,0.8511148368745969,0.0018151009468991841
366,none+winnable,1.0,2004,all,general,30,1363,111,-0.8414422354816375,0.8635653949291469,0.32986709954217475,-2.5339993078378735,0.8511148368745984,0.0018151009468991841
586,year+winnable,0.25,2004,all,reserved,30,834,65,-0.8386880270672445,0.7515881971299699,0.2644702060560128,-2.311773824647376,0.6343977705128869,0.0035005208599420135
154,none+winnable,0.25,2004,all,reserved,30,834,65,-0.838688027067244,0.7515881971299702,0.26447020605601324,-2.311773824647376,0.6343977705128879,0.0035005208599421245
948,controls+winnable,0.0,2009,all,reserved,40,1482,112,-0.8383054808036081,0.7440763732052001,0.2598951316212016,-2.2966683740329845,0.6200574124257683,0.15144638647445563
1380,full+winnable,0.0,2009,all,reserved,40,1482,112,-0.8383054808036015,0.7440763732052,0.25989513162120526,-2.2966683740329774,0.6200574124257747,0.15144638647445563
365,none+winnable,1.0,2004,all,general,20,1363,111,-0.8365478187813169,0.8594436332317322,0.33037454821658907,-2.5210263866577636,0.8479307490951298,0.004226704988146812
797,year+winnable,1.0,2004,all,general,20,1363,111,-0.8365478187813169,0.8594436332317323,0.33037454821658907,-2.5210263866577636,0.84793074909513,0.004226704988146812
1468,full+winnable,0.25,2004,regional,all,40,1565,98,-0.8349885805535355,0.6028493212888937,0.166031028044326,-2.0165515383841828,0.3465743772771117,0.022194327536410485
1036,controls+winnable,0.25,2004,regional,all,40,1565,98,-0.8349885805535342,0.6028493212888937,0.16603102804432668,-2.0165515383841814,0.34657437727711304,0.022194327536410596
1168,controls+winnable,0.5,2009,national,all,40,1064,87,-0.8333668472124138,1.558060605348975,0.5927366602034561,-3.8871095194270793,2.2203758250022516,0.13683488642125907
1600,full+winnable,0.5,2009,national,all,40,1064,87,-0.8333668472124123,1.558060605348977,0.5927366602034572,-3.8871095194270815,2.2203758250022574,0.13683488642125907
1019,controls+winnable,0.25,2004,all,reserved,35,834,65,-0.8321740420558394,0.7637109226313007,0.27586940593816456,-2.3290199450130444,0.6646718609013655,0.01835235859519946
1451,full+winnable,0.25,2004,all,reserved,35,834,65,-0.8321740420558389,0.7637109226313006,0.2758694059381649,-2.3290199450130435,0.6646718609013659,0.018352358595199236
311,none+winnable,0.5,2009,national,reserved,35,305,23,-0.8289561649294617,2.571487927181282,0.747176649915039,-5.868979888884331,4.211067559025407,0.15685746369173537
743,year+winnable,0.5,2009,national,reserved,35,305,23,-0.8289561649294562,2.5714879271812823,0.7471766499150406,-5.8689798888843265,4.211067559025413,0.15685746369173537
526,year+winnable,0.0,2009,national,reserved,30,312,23,-0.8214760652493893,1.165247780235631e-10,0.0,-0.8214760654777737,-0.8214760650210049,0.11684778624700443
527,year+winnable,0.0,2009,national,reserved,35,312,23,-0.818710297858459,1.8211793966431333,0.6530353040540986,-4.388156324665386,2.750735728948468,0.15517765886999624
1449,full+winnable,0.25,2004,all,reserved,20,834,65,-0.8152698446426809,0.7638643066183708,0.2858378831532423,-2.3124163746903488,0.6818766854049867,0.016707330800955322
1017,controls+winnable,0.25,2004,all,reserved,20,834,65,-0.8152698446426795,0.7638643066183702,0.2858378831532429,-2.312416374690346,0.681876685404987,0.016707330800955433
1033,controls+winnable,0.25,2004,regional,all,20,1565,98,-0.805815220957059,0.6003474092614738,0.1795155374459173,-1.9824745213214758,0.37084407940735775,0.023286592882407198
1465,full+winnable,0.25,2004,regional,all,20,1565,98,-0.8058152209570589,0.6003474092614731,0.17951553744591697,-1.9824745213214743,0.37084407940735653,0.023286592882407198
480,year+winnable,0.0,2004,all,reserved,40,921,67,-0.8043285538508255,0.7414522224096185,0.27800953873453693,-2.25754820603086,0.6488910983292088,0.001328366564668948
48,none+winnable,0.0,2004,all,reserved,40,921,67,-0.8043285538508247,0.7414522224096186,0.2780095387345375,-2.257548206030859,0.6488910983292098,0.001328366564668948
1225,controls+winnable,1.0,2004,all,all,20,1991,163,-0.8041986844127035,0.6562926405937323,0.22043735328509417,-2.0905086232951087,0.4821112544697016,0.019978368525678913
1657,full+winnable,1.0,2004,all,all,20,1991,163,-0.8041986844126987,0.6562926405937324,0.22043735328509673,-2.0905086232951042,0.4821112544697066,0.019978368525678913
516,year+winnable,0.0,2009,all,reserved,40,1482,112,-0.8038470195122351,6.786309879150459e-10,0.0,-0.8038470208423274,-0.8038470181821429,0.14910391765151843
84,none+winnable,0.0,2009,all,reserved,40,1482,112,-0.7993570997486373,0.740657682949951,0.2804749144946561,-2.2510194832034274,0.6523052837061528,0.15025356614791796
203,none+winnable,0.25,2009,national,reserved,35,311,23,-0.7982114555559086,2.5671814545255334,0.7558545108155653,-5.829794648205104,4.233371737093287,0.15692432676077805
635,year+winnable,0.25,2009,national,reserved,35,311,23,-0.7982114555559049,2.5671814545255334,0.7558545108155664,-5.829794648205101,4.23337173709329,0.15692432676077805
784,year+winnable,1.0,all,regional,all,40,1742,119,-0.7971206433276322,0.6772152784041102,0.2391729570702632,-2.1244381987799543,0.5301969121246898,0.1343077331192476
912,controls+winnable,0.0,2004,all,reserved,40,921,67,-0.7954727032991314,0.7486543609510891,0.2879921249782941,-2.2628082876321156,0.6718628810338528,0.013688315490141267
1344,full+winnable,0.0,2004,all,reserved,40,921,67,-0.7954727032991308,0.7486543609510886,0.2879921249782941,-2.2628082876321143,0.6718628810338526,0.013688315490141267
95,none+winnable,0.0,2009,national,reserved,35,312,23,-0.7939644017406704,2.5665275620137513,0.7570526034199212,-5.824265988617013,4.236337185135673,0.1569675998536758
1658,full+winnable,1.0,2004,all,all,30,1991,163,-0.7934997819419648,0.6599637395828284,0.22923242425818147,-2.0870049426266797,0.5000053787427502,0.01525824225500505
1226,controls+winnable,1.0,2004,all,all,30,1991,163,-0.7934997819419642,0.6599637395828285,0.2292324242581819,-2.0870049426266792,0.500005378742751,0.01525824225500505
1466,full+winnable,0.25,2004,regional,all,30,1565,98,-0.7930561292465158,0.602345978973279,0.18796861125963882,-1.9736325542666635,0.3875202957736318,0.023276625365610704
1034,controls+winnable,0.25,2004,regional,all,30,1565,98,-0.7930561292465157,0.6023459789732787,0.18796861125963882,-1.9736325542666626,0.38752029577363123,0.023276625365610704
786,year+winnable,1.0,all,regional,general,30,1165,76,-0.7894037680474636,0.8950837487113257,0.37781311737431245,-2.543735678668762,0.9649281425738349,0.11072639671469653
1524,full+winnable,0.5,all,all,reserved,40,1582,124,-0.7874482335670492,0.7359499095015191,0.2846304217043921,-2.2298835506155386,0.6549870834814402,0.09247848849988449
1488,full+winnable,0.25,2009,all,reserved,40,1118,87,-0.782252041787255,0.8620188222538568,0.36416086943791803,-2.471777887400449,0.9072738038259388,0.1579150862968559
1056,controls+winnable,0.25,2009,all,reserved,40,1118,87,-0.7822520417872534,0.8620188222538563,0.3641608694379186,-2.471777887400446,0.9072738038259394,0.1579150862968559
477,year+winnable,0.0,2004,all,reserved,20,921,67,-0.7786701792585534,0.7338443390990416,0.28865191886112085,-2.2169786541512737,0.6596382956341668,0.0014807083308614466
45,none+winnable,0.0,2004,all,reserved,20,921,67,-0.7786701792585531,0.7338443390990418,0.28865191886112107,-2.2169786541512737,0.6596382956341675,0.0014807083308614466
1092,controls+winnable,0.5,all,all,reserved,40,1582,124,-0.7692247742922357,0.750289536594773,0.3052512602969143,-2.2397652439952376,0.7013156954107663,0.05783575396714702
1632,full+winnable,1.0,all,all,reserved,40,1168,92,-0.7691046146913256,0.9098800073740483,0.3979537629592309,-2.552436659397499,1.0142274300148477,0.10304835529652034
1499,full+winnable,0.25,2009,national,reserved,35,311,23,-0.7662968501995933,2.58119552533747,0.7665606333506774,-5.825347116916979,4.292753416517793,0.17792170473012725
1067,controls+winnable,0.25,2009,national,reserved,35,311,23,-0.7662968501995806,2.581195525337469,0.7665606333506811,-5.825347116916965,4.292753416517804,0.17792170473012725
660,year+winnable,0.5,all,all,reserved,40,1582,124,-0.7654524838361401,0.7347818252670404,0.2975316924317115,-2.2055983978541422,0.6746934301818621,0.0874549815919976
1583,full+winnable,0.5,2004,regional,reserved,35,413,29,-0.764778101373809,0.8922294264164538,0.3913597316006635,-2.5135156430968886,0.9839594403492707,0.02188539053313676
1151,controls+winnable,0.5,2004,regional,reserved,35,413,29,-0.764778101373809,0.8922294264164529,0.39135973160066295,-2.513515643096887,0.983959440349269,0.02188539053313676
65,none+winnable,0.0,2004,regional,general,20,1355,79,-0.7645285851319784,0.6609866753330385,0.24741640747324056,-2.0600386630456033,0.5309814927816466,0.0015084622745383802
497,year+winnable,0.0,2004,regional,general,20,1355,79,-0.7645285851319775,0.6609866753330386,0.24741640747324112,-2.060038663045603,0.5309814927816477,0.0015084622745386023
1708,full+winnable,1.0,2009,national,all,40,983,79,-0.7637217432578087,1.6641694190721599,0.6462911354822405,-4.025433868812186,2.4979903822965683,0.1491017076358161
1276,controls+winnable,1.0,2009,national,all,40,983,79,-0.7637217432578016,1.6641694190721583,0.6462911354822433,-4.0254338688121765,2.4979903822965728,0.1491017076358161
1584,full+winnable,0.5,2004,regional,reserved,40,413,29,-0.7601437300160818,0.8935143985753577,0.39491672651673837,-2.51139977089175,0.9911123108595863,0.021321230325570317
1152,controls+winnable,0.5,2004,regional,reserved,40,413,29,-0.7601437300160817,0.8935143985753581,0.3949167265167386,-2.5113997708917504,0.9911123108595871,0.02132123032557054
228,none+winnable,0.5,all,all,reserved,40,1582,124,-0.7594077781664901,0.748885453636524,0.31055858624833077,-2.2271962958400175,0.7083807395070374,0.05572189870076083
1391,full+winnable,0.0,2009,national,reserved,35,312,23,-0.758930842945079,2.580426573075009,0.7686733808445538,-5.81647399092221,4.298612305032053,0.17789888972011558
959,controls+winnable,0.0,2009,national,reserved,35,312,23,-0.7589308429450732,2.580426573075009,0.7686733808445556,-5.816473990922205,4.298612305032059,0.17789888972011558
66,none+winnable,0.0,2004,regional,general,30,1355,79,-0.7555971963802143,0.6609037765682589,0.2529229045355167,-2.0509447957005085,0.53975040294008,0.001107634405306368
498,year+winnable,0.0,2004,regional,general,30,1355,79,-0.7555971963802142,0.6609037765682593,0.25292290453551713,-2.0509447957005094,0.5397504029400808,0.001107634405306035
612,year+winnable,0.25,2004,regional,reserved,40,496,35,-0.7539375324122845,0.7781325422551673,0.3325919354612835,-2.2790492904310042,0.7711742256064352,0.0012962245518254312
180,none+winnable,0.25,2004,regional,reserved,40,496,35,-0.7539375324122841,0.7781325422551671,0.3325919354612835,-2.2790492904310033,0.7711742256064353,0.0012962245518252091
611,year+winnable,0.25,2004,regional,reserved,35,496,35,-0.7536242188799611,0.7773368258509532,0.332298239768987,-2.2771764014045135,0.7699279636445913,0.0013554972605118731
179,none+winnable,0.25,2004,regional,reserved,35,496,35,-0.7536242188799607,0.7773368258509531,0.3322982397689873,-2.277176401404513,0.7699279636445915,0.0013554972605118731
624,year+winnable,0.25,2009,all,reserved,40,1118,87,-0.7531973812414701,4.0460377828555735e-10,0.0,-0.753197382034479,-0.7531973804484612,0.1537131271568708
688,year+winnable,0.5,2004,all,all,40,2352,175,-0.7497150149971739,0.6118189645344418,0.22042943682074234,-1.9488581505432685,0.4494281205489208,0.0011475963017238966
256,none+winnable,0.5,2004,all,all,40,2352,175,-0.749715014997173,0.611818964534442,0.220429436820743,-1.9488581505432678,0.4494281205489219,0.0011475963017237856
1664,full+winnable,1.0,2004,all,general,40,1363,111,-0.7490349791131848,0.8608705607992657,0.3842511504917453,-2.4363102736305446,0.9382403154041749,0.015988375693370527
1232,controls+winnable,1.0,2004,all,general,40,1363,111,-0.7490349791131845,0.8608705607992657,0.38425115049174563,-2.436310273630544,0.9382403154041752,0.015988375693370527
1558,full+winnable,0.5,2004,all,reserved,30,749,59,-0.7483474818043957,0.8278050724528495,0.36598790932034264,-2.370815610031551,0.8741206464227594,0.018559697716470813
1126,controls+winnable,0.5,2004,all,reserved,30,749,59,-0.748347481804395,0.8278050724528498,0.3659879093203432,-2.370815610031551,0.8741206464227608,0.018559697716470813
286,none+winnable,0.5,2004,regional,reserved,30,413,29,-0.7479534212055846,0.8977885182703502,0.40478468624560093,-2.5075865827490516,1.011679740337882,0.00504547334609351
718,year+winnable,0.5,2004,regional,reserved,30,413,29,-0.7479534212055838,0.8977885182703496,0.40478468624560127,-2.5075865827490493,1.0116797403378817,0.00504547334609351
192,none+winnable,0.25,2009,all,reserved,40,1118,87,-0.742817682379396,0.8609046194277676,0.38822880260782633,-2.430159730581982,0.9445243658231902,0.15564492709067645
768,year+winnable,1.0,all,all,reserved,40,1168,92,-0.7407566796406357,0.9046063937578958,0.4128595520287919,-2.51375263159077,1.0322392723094986,0.09511970364394906
310,none+winnable,0.5,2009,national,reserved,30,305,23,-0.7405530450196253,2.4519910678723353,0.7626359764089046,-5.54636722846331,4.0652611384240585,0.12096694858271073
742,year+winnable,0.5,2009,national,reserved,30,305,23,-0.7405530450196146,2.451991067872333,0.7626359764089077,-5.546367228463295,4.065261138424066,0.12096694858271073
47,none+winnable,0.0,2004,all,reserved,35,921,67,-0.738828371880989,0.7349126262005838,0.31473885081384956,-2.1792306510178805,0.7015739072559025,0.0026721695088124386
479,year+winnable,0.0,2004,all,reserved,35,921,67,-0.7388283718809888,0.7349126262005838,0.3147388508138498,-2.1792306510178805,0.7015739072559027,0.0026721695088124386
67,none+winnable,0.0,2004,regional,general,35,1355,79,-0.736759918132856,0.6633413480035669,0.2667061465971805,-2.0368850696760976,0.5633652334103857,0.0011747996037947406
499,year+winnable,0.0,2004,regional,general,35,1355,79,-0.7367599181328544,0.6633413480035667,0.2667061465971813,-2.036885069676096,0.5633652334103869,0.0011747996037947406
68,none+winnable,0.0,2004,regional,general,40,1355,79,-0.7324200293404606,0.6632990733371227,0.2695029945727174,-2.0324623240600133,0.5676222653790919,0.0013035946320818503
500,year+winnable,0.0,2004,regional,general,40,1355,79,-0.7324200293404604,0.6632990733371227,0.26950299457271776,-2.032462324060013,0.5676222653790921,0.0013035946320818503
687,year+winnable,0.5,2004,all,all,35,2352,175,-0.731366089191924,0.6123401371586417,0.23232981880836134,-1.9315307043111785,0.4687985259273304,0.0013893444991223136
255,none+winnable,0.5,2004,all,all,35,2352,175,-0.7313660891919224,0.6123401371586417,0.23232981880836223,-1.931530704311177,0.46879852592733207,0.0013893444991223136
285,none+winnable,0.5,2004,regional,reserved,20,413,29,-0.7297818883321289,0.9003261303452867,0.41760975599953487,-2.494388678149205,1.0348249014849475,0.007763901866914891
717,year+winnable,0.5,2004,regional,reserved,20,413,29,-0.7297818883321286,0.9003261303452865,0.41760975599953487,-2.4943886781492046,1.034824901484947,0.007763901866914891
1663,full+winnable,1.0,2004,all,general,35,1363,111,-0.7267487018616573,0.8625681022819413,0.39948538804596545,-2.417351116547324,0.9638537128240091,0.01622791158256498
1231,controls+winnable,1.0,2004,all,general,35,1363,111,-0.7267487018616565,0.8625681022819411,0.3994853880459659,-2.417351116547323,0.9638537128240097,0.01622791158256498
1120,controls+winnable,0.5,2004,all,all,40,2352,175,-0.7199995305718848,0.6136027642857055,0.2406367130261169,-1.9226388493860878,0.482639788242318,0.011426393892868814
1552,full+winnable,0.5,2004,all,all,40,2352,175,-0.7199995305718832,0.6136027642857053,0.2406367130261179,-1.9226388493860855,0.48263978824231923,0.011426393892868814
478,year+winnable,0.0,2004,all,reserved,30,921,67,-0.7197982534076308,0.7257060413437185,0.32126618750835256,-2.1421559578044547,0.702559450989193,0.002190687611350328
46,none+winnable,0.0,2004,all,reserved,30,921,67,-0.7197982534076305,0.7257060413437184,0.3212661875083527,-2.1421559578044542,0.7025594509891931,0.002190687611350328
686,year+winnable,0.5,2004,all,all,30,2352,175,-0.719004521956492,0.6115250136235061,0.23969218572173456,-1.9175715243039297,0.47956248039094573,0.0012411391335900301
254,none+winnable,0.5,2004,all,all,30,2352,175,-0.7190045219564916,0.6115250136235059,0.23969218572173456,-1.9175715243039289,0.47956248039094573,0.0012411391335900301
1175,controls+winnable,0.5,2009,national,reserved,35,305,23,-0.7183295205756277,2.5914545340116932,0.7816329620027651,-5.797487074811575,4.36082803366032,0.1797391896524042
1607,full+winnable,0.5,2009,national,reserved,35,305,23,-0.7183295205756253,2.5914545340116932,0.7816329620027658,-5.797487074811572,4.360828033660322,0.1797391896524042
1018,controls+winnable,0.25,2004,all,reserved,30,834,65,-0.7182539479070809,0.7532050988560406,0.3402877923885641,-2.194508814636851,0.7580009188226897,0.018748735279989104
1450,full+winnable,0.25,2004,all,reserved,30,834,65,-0.7182539479070807,0.7532050988560409,0.34028779238856444,-2.194508814636852,0.7580009188226905,0.018748735279989215
303,none+winnable,0.5,2009,national,all,35,1064,87,-0.7151849273607908,1.6111714404369992,0.6571212008272691,-3.87302292353683,2.4426530688152486,0.11850498050622438
202,none+winnable,0.25,2009,national,reserved,30,311,23,-0.7102740916570658,2.446829013069107,0.771599360183153,-5.505970833600201,4.085422650286069,0.12103271399657944
634,year+winnable,0.25,2009,national,reserved,30,311,23,-0.7102740916570545,2.446829013069107,0.7715993601831566,-5.505970833600189,4.08542265028608,0.12103271399657967
783,year+winnable,1.0,all,regional,all,35,1742,119,-0.7094965022055781,0.6953370470281294,0.3075561255796636,-2.0723320714971454,0.6533390670859893,0.12859989448567455
253,none+winnable,0.5,2004,all,all,20,2352,175,-0.7079900677540858,0.6101854068760056,0.24593206057732542,-1.903931489122976,0.48795135361480435,0.0018360060745761242
685,year+winnable,0.5,2004,all,all,20,2352,175,-0.7079900677540858,0.6101854068760059,0.24593206057732575,-1.9039314891229764,0.4879513536148048,0.0018360060745761242
1343,full+winnable,0.0,2004,all,reserved,35,921,67,-0.7072199110875461,0.7371368781724522,0.3373499038063371,-2.151981643981842,0.7375418218067498,0.017835849531691705
911,controls+winnable,0.0,2004,all,reserved,35,921,67,-0.7072199110875456,0.7371368781724524,0.33734990380633767,-2.1519816439818418,0.7375418218067508,0.017835849531691816
94,none+winnable,0.0,2009,national,reserved,30,312,23,-0.7060889403692329,2.4460291550431004,0.7728358921697756,-5.500217989388649,4.088040108650184,0.12107693657218654
929,controls+winnable,0.0,2004,regional,general,20,1355,79,-0.7046934283125877,0.6682664205339333,0.29164961811376755,-2.014471544636595,0.6050846880114195,0.021849858400626587
1361,full+winnable,0.0,2004,regional,general,20,1355,79,-0.704693428312587,0.6682664205339336,0.2916496181137682,-2.014471544636595,0.6050846880114209,0.021849858400626587
1341,full+winnable,0.0,2004,all,reserved,20,921,67,-0.703144418549777,0.737066868924605,0.34009557453313033,-2.1477689358397076,0.7414800987401535,0.01585448968953973
909,controls+winnable,0.0,2004,all,reserved,20,921,67,-0.7031444185497769,0.7370668689246052,0.34009557453313044,-2.1477689358397076,0.7414800987401539,0.01585448968953973
195,none+winnable,0.25,2009,national,all,35,1083,87,-0.7012988619513455,1.6099264201528813,0.6631202486936747,-3.8566966632104918,2.454098939307801,0.1192141212220651
87,none+winnable,0.0,2009,national,all,35,1086,87,-0.6992330042566384,1.6097396523661394,0.664015092310405,-3.8542647473802987,2.4557987388670215,0.1193263722734269
1648,full+winnable,1.0,all,regional,all,40,1742,119,-0.6976091722288,0.6825892873815169,0.3067788753689684,-2.035459591729434,0.640241247271834,0.1411463151559803
1363,full+winnable,0.0,2004,regional,general,35,1355,79,-0.6968995549335432,0.6700491571020194,0.2983063207956881,-2.010171770724922,0.6163726608578354,0.023262975102358974
931,controls+winnable,0.0,2004,regional,general,35,1355,79,-0.6968995549335428,0.6700491571020194,0.2983063207956882,-2.0101717707249214,0.6163726608578357,0.023262975102358974
356,none+winnable,1.0,all,regional,general,40,1165,76,-0.6965081923830877,0.8592499161798732,0.41759527625444204,-2.3806070818146994,0.9875906970485241,0.11174114263838142
930,controls+winnable,0.0,2004,regional,general,30,1355,79,-0.6943123614380594,0.6709881353939087,0.3007805352762162,-2.009424940863806,0.6208002179876871,0.022613164232383465
1362,full+winnable,0.0,2004,regional,general,30,1355,79,-0.6943123614380586,0.6709881353939084,0.3007805352762164,-2.0094249408638047,0.6208002179876875,0.022613164232383465
1043,controls+winnable,0.25,2004,regional,reserved,35,496,35,-0.6923022526306519,0.7547257318355871,0.35899077519088785,-2.1715375052340375,0.7869329999727337,0.024352669726873666
1475,full+winnable,0.25,2004,regional,reserved,35,496,35,-0.6923022526306513,0.7547257318355872,0.3589907751908885,-2.171537505234037,0.7869329999727346,0.024352669726873666
519,year+winnable,0.0,2009,national,all,35,1086,87,-0.6920024527333088,1.148868440246937,0.5469518738669914,-2.9437432185920125,1.5597383131253946,0.11750880471970415
756,year+winnable,0.5,2009,regional,reserved,40,528,42,-0.6914875888328869,1.2589223721277747,0.5828205549828587,-3.1589300975350567,1.775954919869283,0.1695627266751455
1651,full+winnable,1.0,all,regional,general,35,1165,76,-0.690562485063909,0.8859414996837641,0.4357044554336823,-2.4269759168534906,1.0458509467256722,0.12868679467395838
1476,full+winnable,0.25,2004,regional,reserved,40,496,35,-0.6897708465460337,0.7556959270257253,0.36136750457987044,-2.170907646780064,0.7913659536879967,0.023940128548551876
1044,controls+winnable,0.25,2004,regional,reserved,40,496,35,-0.6897708465460334,0.7556959270257253,0.36136750457987066,-2.170907646780064,0.791365953687997,0.023940128548551876
1364,full+winnable,0.0,2004,regional,general,40,1355,79,-0.6890622993335156,0.670133630539141,0.3038340731321314,-2.0025000800193027,0.6243754813522717,0.02361265670692181
932,controls+winnable,0.0,2004,regional,general,40,1355,79,-0.689062299333515,0.6701336305391417,0.30383407313213207,-2.0025000800193036,0.6243754813522734,0.02361265670692181
1119,controls+winnable,0.5,2004,all,all,35,2352,175,-0.6852153374455124,0.6135537033389938,0.26408085150208493,-1.887758498571113,0.5173278236800881,0.01234004182101378
1551,full+winnable,0.5,2004,all,all,35,2352,175,-0.685215337445512,0.6135537033389936,0.26408085150208505,-1.8877584985711122,0.5173278236800881,0.01234004182101378
610,year+winnable,0.25,2004,regional,reserved,30,496,35,-0.6797378146514159,0.7601985631476372,0.3712372282591565,-2.169699619519883,0.8102239902170509,0.0025592725097841607
178,none+winnable,0.25,2004,regional,reserved,30,496,35,-0.6797378146514148,0.760198563147637,0.37123722825915717,-2.169699619519881,0.8102239902170518,0.0025592725097841607
844,year+winnable,1.0,2009,national,all,40,983,79,-0.6765243399414992,3.224914220695781e-11,0.0,-0.6765243400047063,-0.6765243398782921,0.11765029036621377
735,year+winnable,0.5,2009,national,all,35,1064,87,-0.6748914255910234,4.118295871493411e-10,0.0,-0.6748914263981945,-0.6748914247838523,0.11639538191615606
412,none+winnable,1.0,2009,national,all,40,983,79,-0.6739334543581976,1.7108381446164314,0.6936400640216248,-4.027114601183731,2.6792476924673365,0.11835500351366524
739,year+winnable,0.5,2009,national,general,35,759,64,-0.6735800866952789,2.015677868996359,0.7382509012626569,-4.624236114362588,3.27707594097203,0.10523782786958302
307,none+winnable,0.5,2009,national,general,35,759,64,-0.6735800866952774,2.015677868996358,0.7382509012626575,-4.624236114362584,3.2770759409720296,0.10523782786958313
1230,controls+winnable,1.0,2004,all,general,30,1363,111,-0.6729698545444631,0.860764950019955,0.4343158577783528,-2.3600381557379944,1.0140984466490683,0.017514957025531408
1662,full+winnable,1.0,2004,all,general,30,1363,111,-0.672969854544463,0.8607649500199551,0.434315857778353,-2.360038155737995,1.0140984466490686,0.017514957025531297
1661,full+winnable,1.0,2004,all,general,20,1363,111,-0.6713246494687677,0.8539678028241582,0.43179480091783695,-2.34507078696092,1.0024214880233846,0.024156034430091622
1229,controls+winnable,1.0,2004,all,general,20,1363,111,-0.6713246494687671,0.8539678028241586,0.4317948009178376,-2.34507078696092,1.0024214880233862,0.024156034430091622
324,none+winnable,0.5,2009,regional,reserved,40,528,42,-0.6709192699209305,1.3144420588588595,0.6097563133472774,-3.247178365048973,1.905339825207112,0.1798413364664848
1427,full+winnable,0.25,all,national,reserved,35,649,53,-0.6689879039703325,1.3505627590120914,0.6203600632496682,-3.31604227049508,1.9780664625544153,0.10452528230530322
631,year+winnable,0.25,2009,national,general,35,772,64,-0.6688407303010949,6.526748630245159e-10,0.0,-0.6688407315803141,-0.6688407290218757,0.10378126487830297
1319,full+winnable,0.0,all,national,reserved,35,650,53,-0.6686137956740744,1.350421981916845,0.6205191467782054,-3.3153922441622905,1.9781646528141419,0.10452975004826481
1620,full+winnable,0.5,2009,regional,reserved,40,528,42,-0.667666430694485,1.3210886500388517,0.6132841768060133,-3.256952605155274,1.9216197437663038,0.18000962211422789
1188,controls+winnable,0.5,2009,regional,reserved,40,528,42,-0.6676664306944813,1.321088650038851,0.6132841768060149,-3.256952605155269,1.9216197437663063,0.180009622114228
199,none+winnable,0.25,2009,national,general,35,772,64,-0.6662744780386008,2.014370162785483,0.7408252510122219,-4.614367448630233,3.2818184925530316,0.10616383345721292
61,none+winnable,0.0,2004,regional,all,20,1938,116,-0.666185311516365,0.5033493644590143,0.18566755345399477,-1.6527319374971587,0.3203613144644287,0.0007972697411515739
493,year+winnable,0.0,2004,regional,all,20,1938,116,-0.6661853115163645,0.5033493644590143,0.185667553453995,-1.6527319374971583,0.32036131446442917,0.0007972697411515739
91,none+winnable,0.0,2009,national,general,35,774,64,-0.6650164475664184,2.014181045297794,0.7412736547363099,-4.612738754693334,3.2827058595604974,0.1062966976454387
1535,full+winnable,0.5,all,national,reserved,35,641,53,-0.664470138238551,1.3533513711489544,0.6234397141171325,-3.3169900841184012,1.9880498076412993,0.10596984774575335
494,year+winnable,0.0,2004,regional,all,30,1938,116,-0.6616594055738518,0.5032121592339962,0.18855303976698257,-1.6479371142551194,0.3246183031074156,0.0007868685777825402
62,none+winnable,0.0,2004,regional,all,30,1938,116,-0.6616594055738512,0.5032121592339961,0.18855303976698268,-1.6479371142551185,0.324618303107416,0.0007868685777825402
609,year+winnable,0.25,2004,regional,reserved,20,496,35,-0.6606217324290143,0.7626232399054634,0.3863535459214713,-2.155335816416972,0.8340923515589432,0.004155669556400454
177,none+winnable,0.25,2004,regional,reserved,20,496,35,-0.660621732429014,0.7626232399054631,0.3863535459214713,-2.155335816416971,0.8340923515589429,0.004155669556400454
1200,controls+winnable,1.0,all,all,reserved,40,1168,92,-0.6591702525620589,0.924626687514768,0.4759050376313687,-2.471405259235575,1.1530647541114571,0.06327455856974584
1383,full+winnable,0.0,2009,national,all,35,1086,87,-0.6578102710901735,1.5700843280083627,0.6752417625752107,-3.7351190066773374,2.4194984644969906,0.14912806655878696
951,controls+winnable,0.0,2009,national,all,35,1086,87,-0.6578102710901638,1.5700843280083636,0.6752417625752154,-3.735119006677329,2.4194984644970017,0.14912806655878708
1059,controls+winnable,0.25,2009,national,all,35,1083,87,-0.6567751169805882,1.5702715487446497,0.675760132841768,-3.7344507984680337,2.420900564506857,0.14902785491654047
1491,full+winnable,0.25,2009,national,all,35,1083,87,-0.6567751169805832,1.5702715487446497,0.6757601328417702,-3.7344507984680284,2.420900564506862,0.14902785491654014
669,year+winnable,0.5,all,national,reserved,20,641,53,-0.6533991609621743,1.3224691334898788,0.6212530934252837,-3.2453910332682296,1.9385927113438812,0.05652618313504487
1711,full+winnable,1.0,2009,national,general,35,711,57,-0.6514201420473077,2.117582253188799,0.7583680896749466,-4.801805092598532,3.4989648085039167,0.14786433111995878
1279,controls+winnable,1.0,2009,national,general,35,711,57,-0.6514201420473061,2.1175822531887967,0.758368089674947,-4.801805092598526,3.4989648085039136,0.14786433111995878
495,year+winnable,0.0,2004,regional,all,35,1938,116,-0.6511314333230268,0.5052287129974042,0.1974726725982251,-1.6413615147534626,0.339098648107409,0.000979273359081767
63,none+winnable,0.0,2004,regional,all,35,1938,116,-0.6511314333230257,0.5052287129974041,0.19747267259822576,-1.6413615147534613,0.33909864810740986,0.000979273359081767
1387,full+winnable,0.0,2009,national,general,35,774,64,-0.6500926941414652,1.9529610039694079,0.7392283321994224,-4.477825925132691,3.17764053684976,0.14441200446310543
955,controls+winnable,0.0,2009,national,general,35,774,64,-0.6500926941414572,1.9529610039694076,0.7392283321994255,-4.477825925132682,3.1776405368497675,0.14441200446310531
627,year+winnable,0.25,2009,national,all,35,1083,87,-0.6498887994461177,1.148885527676305,0.5716188883472543,-2.901663056050971,1.601885457158736,0.1178478808046276
496,year+winnable,0.0,2004,regional,all,40,1938,116,-0.6473891055632346,0.5051815064619213,0.2000187912755057,-1.637526663884289,0.34274845275781973,0.0010561487729965346
64,none+winnable,0.0,2004,regional,all,40,1938,116,-0.6473891055632345,0.5051815064619211,0.20001879127550592,-1.6375266638842882,0.3427484527578194,0.0010561487729965346
453,year+winnable,0.0,all,national,reserved,20,650,53,-0.6468749006525776,1.3213485101770708,0.6244476848326939,-3.2366703916252932,1.9429205903201383,0.05635138959533026
561,year+winnable,0.25,all,national,reserved,20,649,53,-0.6466770934204599,1.3214613054829116,0.6245832131204543,-3.236693659130249,1.9433394722893294,0.05634619867386559
1063,controls+winnable,0.25,2009,national,general,35,772,64,-0.6452319679397673,1.9531601142186659,0.741133380070331,-4.4733554478484905,3.1828915119689563,0.14433572891857982
1495,full+winnable,0.25,2009,national,general,35,772,64,-0.6452319679397592,1.9531601142186654,0.7411333800703341,-4.473355447848482,3.1828915119689634,0.14433572891857982
671,year+winnable,0.5,all,national,reserved,35,641,53,-0.6368222987211558,1.3327202339592512,0.6327666193297381,-3.248905958749083,1.9752613613067713,0.08766269414220063
336,none+winnable,1.0,all,all,reserved,40,1168,92,-0.6354609211834734,0.920260788839519,0.48986556944581494,-2.43913892369335,1.1682170813264035,0.06057617534554305
1066,controls+winnable,0.25,2009,national,reserved,30,311,23,-0.6347268511065921,2.461307961587243,0.7964980299283654,-5.458801810679283,4.189348108466099,0.14089290230043383
1498,full+winnable,0.25,2009,national,reserved,30,311,23,-0.6347268511065822,2.461307961587243,0.7964980299283685,-5.458801810679273,4.189348108466109,0.14089290230043405
1171,controls+winnable,0.5,2009,national,general,35,759,64,-0.6346697849842942,1.9542362275730554,0.745358061823345,-4.464902408310904,3.1955628383423154,0.14365124515443872
1603,full+winnable,0.5,2009,national,general,35,759,64,-0.6346697849842942,1.9542362275730556,0.7453580618233451,-4.464902408310904,3.195562838342316,0.14365124515443883
1649,full+winnable,1.0,all,regional,general,20,1165,76,-0.6334085560462309,0.9011142754431478,0.4821074672487884,-2.3995600818697067,1.1327429697772446,0.13139771284932622
1599,full+winnable,0.5,2009,national,all,35,1064,87,-0.6325718277843577,1.5708121017826486,0.687166219927174,-3.711306973758015,2.446163318189299,0.1496545722230882
1167,controls+winnable,0.5,2009,national,all,35,1064,87,-0.6325718277843574,1.5708121017826497,0.6871662199271744,-3.7113069737580164,2.4461633181893014,0.1496545722230882
455,year+winnable,0.0,all,national,reserved,35,650,53,-0.6305069102286653,1.3316940020458066,0.6358833888341431,-3.240579192666455,1.9795653722091244,0.08751272084981321
563,year+winnable,0.25,all,national,reserved,35,649,53,-0.6301190508191687,1.331789242032046,0.6361152887168846,-3.2403780001998763,1.9801398985615386,0.08750865482786818
958,controls+winnable,0.0,2009,national,reserved,30,312,23,-0.6275257364498321,2.4604439771325395,0.7986877774516312,-5.449907317608102,4.194855844708438,0.14086581812262355
1390,full+winnable,0.0,2009,national,reserved,30,312,23,-0.6275257364498283,2.4604439771325395,0.7986877774516323,-5.4499073176080985,4.194855844708441,0.14086581812262378
1425,full+winnable,0.25,all,national,reserved,20,649,53,-0.6223305801999202,1.3393469521016557,0.6421805054958353,-3.247402369122658,2.002741208722818,0.07373282916419688
1317,full+winnable,0.0,all,national,reserved,20,650,53,-0.6215680843392087,1.33917961949292,0.6425467733648544,-3.246311907375386,2.003175738696968,0.07373096315123262
1550,full+winnable,0.5,2004,all,all,30,2352,175,-0.6204672110513373,0.6117737677941875,0.3104824503268674,-1.8195217626143148,0.5785873405116401,0.01294802694466457
1118,controls+winnable,0.5,2004,all,all,30,2352,175,-0.6204672110513356,0.6117737677941877,0.31048245032686894,-1.8195217626143134,0.5785873405116422,0.012948026944664681
1359,full+winnable,0.0,2004,regional,all,35,1938,116,-0.6185618026212311,0.5073171961358287,0.22273786833665588,-1.6128852357852979,0.37576163054283584,0.019628366983025947
927,controls+winnable,0.0,2004,regional,all,35,1938,116,-0.6185618026212304,0.5073171961358286,0.22273786833665632,-1.612885235785297,0.3757616305428363,0.019628366983025947
1533,full+winnable,0.5,all,national,reserved,20,641,53,-0.6178249647386422,1.3424575931792304,0.6453587812409614,-3.2489934981422577,2.0133435686649728,0.07518210211340925
258,none+winnable,0.5,2004,all,general,30,1603,116,-0.614442374119908,0.8224237442454452,0.4549961585408908,-2.226363292871561,0.997478544631745,0.00047597194356352457
690,year+winnable,0.5,2004,all,general,30,1603,116,-0.6144423741199075,0.822423744245445,0.4549961585408909,-2.22636329287156,0.997478544631745,0.00047597194356352457
1117,controls+winnable,0.5,2004,all,all,20,2352,175,-0.6140451120453139,0.6093834405051396,0.31362260446228707,-1.8084147082104942,0.5803244841198665,0.015625735605645508
1549,full+winnable,0.5,2004,all,all,20,2352,175,-0.6140451120453131,0.6093834405051394,0.3136226044622875,-1.8084147082104929,0.5803244841198668,0.015625735605645508
910,controls+winnable,0.0,2004,all,reserved,30,921,67,-0.6120757886699587,0.7267042115300543,0.3996409728489151,-2.0363898706824424,0.8122382933425248,0.01791224159270932
1342,full+winnable,0.0,2004,all,reserved,30,921,67,-0.6120757886699572,0.7267042115300544,0.3996409728489162,-2.036389870682441,0.8122382933425266,0.01791224159270932
928,controls+winnable,0.0,2004,regional,all,40,1938,116,-0.6120041772502601,0.5073128282874891,0.22767698478033738,-1.6063190495888917,0.38231069508837134,0.01979758828392053
1360,full+winnable,0.0,2004,regional,all,40,1938,116,-0.6120041772502597,0.5073128282874895,0.22767698478033804,-1.6063190495888917,0.38231069508837245,0.01979758828392053
691,year+winnable,0.5,2004,all,general,35,1603,116,-0.6113188018271165,0.8228680354723492,0.4575347658903305,-2.2241105153821485,1.0014729117279155,0.0005403848692151492
259,none+winnable,0.5,2004,all,general,35,1603,116,-0.6113188018271162,0.8228680354723495,0.45753476589033093,-2.224110515382149,1.0014729117279164,0.0005403848692151492
260,none+winnable,0.5,2004,all,general,40,1603,116,-0.6101120105482489,0.8208381799781623,0.4573126140400995,-2.218925280440854,0.998701259344356,0.0006682558951226492
692,year+winnable,0.5,2004,all,general,40,1603,116,-0.6101120105482474,0.8208381799781622,0.4573126140401005,-2.2189252804408524,0.9987012593443574,0.0006682558951226492
523,year+winnable,0.0,2009,national,general,35,774,64,-0.6046574658216471,1.429300632549014,0.6722629500733661,-3.406035228698032,2.196720297054738,0.10417731831237942
580,year+winnable,0.25,2004,all,all,40,2678,192,-0.6040806447406837,0.557016340121922,0.2781460120329494,-1.695812610179964,0.4876513206985966,0.0005734223165764218
148,none+winnable,0.25,2004,all,all,40,2678,192,-0.6040806447406837,0.5570163401219218,0.2781460120329493,-1.6958126101799635,0.4876513206985962,0.0005734223165764218
146,none+winnable,0.25,2004,all,all,30,2678,192,-0.6020287627694164,0.5567040818570349,0.2795120585553753,-1.6931487132556429,0.48909118771681015,0.0005434133197724789
578,year+winnable,0.25,2004,all,all,30,2678,192,-0.602028762769416,0.5567040818570349,0.27951205855537564,-1.6931487132556424,0.4890911877168106,0.0005434133197724789
1357,full+winnable,0.0,2004,regional,all,20,1938,116,-0.5994532835404166,0.5047020020915847,0.23493700922483673,-1.5886510305651815,0.3897444634843483,0.0197736210092051
925,controls+winnable,0.0,2004,regional,all,20,1938,116,-0.5994532835404162,0.5047020020915847,0.23493700922483707,-1.588651030565181,0.38974446348434877,0.0197736210092051
1444,full+winnable,0.25,2004,all,all,40,2678,192,-0.5988140268202973,0.5581935164498804,0.2833737065671338,-1.692853215465829,0.49522516182523435,0.013525063583608277
1012,controls+winnable,0.25,2004,all,all,40,2678,192,-0.5988140268202953,0.5581935164498808,0.2833737065671358,-1.6928532154658278,0.49522516182523724,0.013525063583608499
147,none+winnable,0.25,2004,all,all,35,2678,192,-0.5956118675928906,0.5576523520746985,0.28548884015870635,-1.68859039355335,0.49736665836756855,0.0006303150579511918
579,year+winnable,0.25,2004,all,all,35,2678,192,-0.5956118675928903,0.5576523520746984,0.28548884015870657,-1.6885903935533493,0.49736665836756866,0.0006303150579510808
577,year+winnable,0.25,2004,all,all,20,2678,192,-0.5909531565212515,0.5562014625070436,0.28801764788950934,-1.6810879911835621,0.4991816781410593,0.0006453708543140424
145,none+winnable,0.25,2004,all,all,20,2678,192,-0.5909531565212514,0.5562014625070436,0.28801764788950934,-1.6810879911835621,0.4991816781410594,0.0006453708543140424
926,controls+winnable,0.0,2004,regional,all,30,1938,116,-0.5898076434633227,0.5058637916394616,0.2436380541971659,-1.5812824561595415,0.40166716923289614,0.019968210106545592
1358,full+winnable,0.0,2004,regional,all,30,1938,116,-0.5898076434633226,0.5058637916394615,0.2436380541971659,-1.581282456159541,0.401667169232896,0.019968210106545592
1647,full+winnable,1.0,all,regional,all,35,1742,119,-0.5897287852262537,0.7020145803598036,0.4008792050732082,-1.9656520793534682,0.7861945089009609,0.1368413443169424
1606,full+winnable,0.5,2009,national,reserved,30,305,23,-0.5893733365141752,2.474013624447512,0.8117061363268542,-5.438350937692702,4.259604264664352,0.14250777176417428
1174,controls+winnable,0.5,2009,national,reserved,30,305,23,-0.5893733365141747,2.4740136244475135,0.8117061363268544,-5.438350937692705,4.259604264664355,0.14250777176417428
689,year+winnable,0.5,2004,all,general,20,1603,116,-0.585754830129106,0.8200331752963489,0.4750378224494297,-2.1929903198379703,1.0214806595797585,0.0010035847491288719
257,none+winnable,0.5,2004,all,general,20,1603,116,-0.5857548301291058,0.8200331752963486,0.4750378224494297,-2.1929903198379694,1.021480659579758,0.0010035847491288719
760,year+winnable,1.0,all,all,all,40,3793,289,-0.5852178564068854,0.6314162734015899,0.3540129049415911,-1.822771011526498,0.652335298712727,0.09059817759376299
1556,full+winnable,0.5,2004,all,general,40,1603,116,-0.5828843495849776,0.8210852892395571,0.4777692450882407,-2.1921819447301627,1.0264132455602075,0.015112831925829018
1124,controls+winnable,0.5,2004,all,general,40,1603,116,-0.5828843495849776,0.8210852892395579,0.47776924508824115,-2.192181944730164,1.026413245560209,0.015112831925829018
355,none+winnable,1.0,all,regional,general,35,1165,76,-0.580819071860414,0.8629914577394063,0.5009282561957806,-2.2722512479953707,1.1106131042745424,0.09404601945457758
1220,controls+winnable,1.0,all,regional,general,40,1165,76,-0.5796949696287226,0.868509934452245,0.5044788451613516,-2.281943161370366,1.1225532221129206,0.11623089901831885
851,year+winnable,1.0,2009,national,reserved,35,272,22,-0.5793693298793545,2.679870761911679,0.8288373009251159,-5.831819506448159,4.67308084668945,0.15634035113807998
419,none+winnable,1.0,2009,national,reserved,35,272,22,-0.5793693298793503,2.6798707619116793,0.8288373009251171,-5.831819506448156,4.673080846689455,0.15634035113807998
876,controls+winnable,0.0,all,all,reserved,40,2403,179,-0.5792341665699651,0.5573119019506437,0.2986486280351879,-1.6715454225487445,0.5130770894088145,0.050444057092555616
353,none+winnable,1.0,all,regional,general,20,1165,76,-0.575233520941975,0.8688809857447319,0.5079459164295799,-2.27820895985331,1.1277419179693597,0.07753022050040426
1308,full+winnable,0.0,all,all,reserved,40,2403,179,-0.5734702817580234,0.5501142313468236,0.2971999774651043,-1.6516743625807329,0.504733799064686,0.07687274148915868
1443,full+winnable,0.25,2004,all,all,35,2678,192,-0.5715137908623689,0.558220738374436,0.3059234886891762,-1.6656063334996194,0.5225787517748817,0.014151867305707833
1011,controls+winnable,0.25,2004,all,all,35,2678,192,-0.5715137908623682,0.5582207383744358,0.3059234886891766,-1.6656063334996183,0.5225787517748819,0.014151867305707833
1416,full+winnable,0.25,all,all,reserved,40,1952,152,-0.5688154286094564,0.6035435680977249,0.34595738668150045,-1.7517390851817949,0.614108227962882,0.08428252958332605
1555,full+winnable,0.5,2004,all,general,35,1603,116,-0.5670770484361127,0.8230291151103614,0.4908156305677953,-2.1801844722802914,1.046030375408066,0.015021799356946253
1123,controls+winnable,0.5,2004,all,general,35,1603,116,-0.5670770484361125,0.823029115110362,0.49081563056779587,-2.1801844722802928,1.0460303754080675,0.015021799356946253
12,none+winnable,0.0,all,all,reserved,40,2403,179,-0.5643989927454576,0.5551594786991146,0.3093232950016699,-1.6524915766717536,0.5236935911808385,0.04868253823573121
1312,full+winnable,0.0,all,national,all,40,2199,181,-0.5612849277004883,0.9174720535488716,0.5406877415499236,-2.359497109478281,1.236927254077304,0.08361978685519578
1420,full+winnable,0.25,all,national,all,40,2196,181,-0.5584693755500443,0.9175057073758873,0.5427351199137307,-2.3567475176167294,1.2398087665166406,0.0836710385622289
252,none+winnable,0.5,all,regional,reserved,40,941,71,-0.5574977626678369,0.8631522606472453,0.5183533357784356,-2.249245106710767,1.134249581375093,0.05424523303436635
984,controls+winnable,0.25,all,all,reserved,40,1952,152,-0.5532395032041862,0.6119893633154502,0.3659944320422466,-1.7527166142240667,0.6462376078156943,0.05395389277555718
448,year+winnable,0.0,all,national,all,40,2199,181,-0.5496315896183214,0.9268390507800287,0.5531695758078292,-2.366202748612468,1.266939569375825,0.06359676059560915
556,year+winnable,0.25,all,national,all,40,2196,181,-0.5476208360998839,0.9268853452865288,0.5546421633083065,-2.3642827306594527,1.2690410584596847,0.06360978845990262
664,year+winnable,0.5,all,national,all,40,2171,181,-0.5419220366195796,0.9273345569306489,0.5589601328638858,-2.35946436982306,1.2756202965839007,0.06383587194726503
1528,full+winnable,0.5,all,national,all,40,2171,181,-0.541495572759324,0.9177688203545626,0.5551819064171635,-2.3402894067880777,1.2572982612694297,0.08459832880422868
444,year+winnable,0.0,all,all,reserved,40,2403,179,-0.5383508866276314,0.5479350953736699,0.32584939931628654,-1.612283939425544,0.5355821661702811,0.07405318505994973
1624,full+winnable,1.0,all,all,all,40,3793,289,-0.5383006666375157,0.6290412778338159,0.39213731449877676,-1.7711989159808486,0.6945975827058172,0.10144050280828054
120,none+winnable,0.25,all,all,reserved,40,1952,152,-0.5364457340939109,0.6105083518742481,0.3795710252928788,-1.7330201160283436,0.6601286478405218,0.051929919498699406
1042,controls+winnable,0.25,2004,regional,reserved,30,496,35,-0.5353958872633147,0.7285266394392673,0.46239901063263567,-1.9632818623422763,0.892490087815647,0.029147855387840815
1474,full+winnable,0.25,2004,regional,reserved,30,496,35,-0.5353958872633144,0.728526639439267,0.46239901063263567,-1.9632818623422754,0.8924900878156465,0.029147855387840815
552,year+winnable,0.25,all,all,reserved,40,1952,152,-0.535112576106555,0.6019552194827243,0.37402594872664374,-1.714923126598598,0.644697974385488,0.08031436441583528
1116,controls+winnable,0.5,all,regional,reserved,40,941,71,-0.5325020608282391,0.860835196197177,0.5361880093476756,-2.2197080419991773,1.154703920342699,0.055507026232744394
1150,controls+winnable,0.5,2004,regional,reserved,30,413,29,-0.5298033796846153,0.8537890369271838,0.5349076230238304,-2.203199142457034,1.1435923830878032,0.02870444614053358
1582,full+winnable,0.5,2004,regional,reserved,30,413,29,-0.5298033796846138,0.8537890369271847,0.5349076230238321,-2.2031991424570343,1.1435923830878065,0.02870444614053358
1473,full+winnable,0.25,2004,regional,reserved,20,496,35,-0.5294437538521216,0.7310326401579909,0.4689178390204958,-1.9622414000850128,0.9033538923807697,0.03308829837733607
1041,controls+winnable,0.25,2004,regional,reserved,20,496,35,-0.52944375385212,0.7310326401579916,0.46891783902049766,-1.9622414000850128,0.9033538923807729,0.03308829837733607
1122,controls+winnable,0.5,2004,all,general,30,1603,116,-0.5280050608402432,0.8213997806456403,0.5203465499232828,-2.137919047814799,1.0819089261343122,0.015523041817472771
1554,full+winnable,0.5,2004,all,general,30,1603,116,-0.5280050608402425,0.8213997806456409,0.5203465499232838,-2.1379190478147994,1.0819089261343142,0.015523041817472771
781,year+winnable,1.0,all,regional,all,20,1742,119,-0.52613241959364,0.6853166945457664,0.4426526090891002,-1.8693284589073795,0.8170636197200994,0.12163983516666077
1103,controls+winnable,0.5,all,national,reserved,35,641,53,-0.5257404780641941,1.371551823986584,0.7014840075550901,-3.213932656008118,2.16245169987973,0.0765113340730118
1442,full+winnable,0.25,2004,all,all,30,2678,192,-0.5252936649215008,0.5563846089984331,0.34510848820637696,-1.6157874601108297,0.5652001302678282,0.014448730783827246
1010,controls+winnable,0.25,2004,all,all,30,2678,192,-0.5252936649214992,0.5563846089984332,0.3451084882063784,-1.6157874601108284,0.56520013026783,0.014448730783827357
352,none+winnable,1.0,all,regional,all,40,1742,119,-0.522120102929075,0.6746998998496856,0.43901635757665636,-1.8445076070072401,0.8002674011490902,0.09650344109741404
995,controls+winnable,0.25,all,national,reserved,35,649,53,-0.5216740586774204,1.3698872508098652,0.7033402868662553,-3.206603733145344,2.1632556157905034,0.07619542338942231
1581,full+winnable,0.5,2004,regional,reserved,20,413,29,-0.5199696748191043,0.8556125113552192,0.5433756463511743,-2.1969393817972023,1.1570000321589935,0.0340975295564202
1149,controls+winnable,0.5,2004,regional,reserved,20,413,29,-0.5199696748191021,0.8556125113552191,0.5433756463511759,-2.1969393817971996,1.1570000321589955,0.0340975295564202
1588,full+winnable,0.5,2009,all,all,40,2554,182,-0.5194934024372645,0.821698998654768,0.5272440354836277,-2.129993845933236,1.0910070410587074,0.16746845983534275
1156,controls+winnable,0.5,2009,all,all,40,2554,182,-0.5194934024372581,0.8216989986547674,0.5272440354836325,-2.1299938459332286,1.0910070410587123,0.16746845983534286
1441,full+winnable,0.25,2004,all,all,20,2678,192,-0.519298275593766,0.5548372197549046,0.349300435451981,-1.6067592435957145,0.5681626924081825,0.016161075859714935
1009,controls+winnable,0.25,2004,all,all,20,2678,192,-0.5192982755937654,0.5548372197549047,0.3493004354519814,-1.606759243595714,0.5681626924081833,0.016161075859714935
1707,full+winnable,1.0,2009,national,all,35,983,79,-0.5190168229861347,1.6787717015134695,0.7571963019867995,-3.8093488962175606,2.7713152502452916,0.15362563783162453
1275,controls+winnable,1.0,2009,national,all,35,983,79,-0.5190168229861316,1.6787717015134693,0.757196301986801,-3.809348896217557,2.7713152502452942,0.15362563783162453
887,controls+winnable,0.0,all,national,reserved,35,650,53,-0.518805406949739,1.3696821453985675,0.7048527564041243,-3.203333082198485,2.1657222682990067,0.07614702967051412
237,none+winnable,0.5,all,national,reserved,20,641,53,-0.5161716666046214,1.345031596669657,0.7011550473905547,-3.152385154145554,2.1200418209363106,0.03435710075993714
1650,full+winnable,1.0,all,regional,general,30,1165,76,-0.5160532662232413,0.910122223687506,0.5707037564935917,-2.29986004618026,1.2677535137337772,0.12538765286410425
1636,full+winnable,1.0,all,national,all,40,2051,170,-0.5135270247504867,0.9617001755443766,0.5933565476217566,-2.3984247327433126,1.371370683242339,0.08893480679673837
504,year+winnable,0.0,2004,regional,reserved,40,583,37,-0.5131544658481407,0.7292012438042987,0.48160633704420275,-1.9423626411863775,0.9160537094900961,0.0005302858967721757
72,none+winnable,0.0,2004,regional,reserved,40,583,37,-0.5131544658481407,0.729201243804299,0.48160633704420297,-1.942362641186378,0.9160537094900966,0.0005302858967721757
764,year+winnable,1.0,all,all,general,40,2625,197,-0.5119869052907301,0.8279194057320629,0.5363104681735196,-2.134679122627378,1.1107053120459174,0.08842767805456142
71,none+winnable,0.0,2004,regional,reserved,35,583,37,-0.51169604700115,0.7284103623270768,0.48237787106035024,-1.9393541231279918,0.9159620291256918,0.0005431986494445207
503,year+winnable,0.0,2004,regional,reserved,35,583,37,-0.5116960470011493,0.7284103623270768,0.4823778710603507,-1.9393541231279912,0.9159620291256925,0.0005431986494445207
880,controls+winnable,0.0,all,national,all,40,2199,181,-0.5111906383447669,0.9362757383173608,0.5850776215381213,-2.3462573650454424,1.3238760883559084,0.04910738363859224
988,controls+winnable,0.25,all,national,all,40,2196,181,-0.5110912488012387,0.9363308308445273,0.5851726737686976,-2.3462659548709777,1.3240834572685003,0.04909757585194574
1096,controls+winnable,0.5,all,national,all,40,2171,181,-0.507381058472913,0.9367130560401995,0.5880519670951082,-2.3433049121601535,1.3285427952143274,0.04921816293394543
92,none+winnable,0.0,2009,national,general,40,774,64,-0.5069476967443433,2.0250849507236492,0.8023290343092648,-4.476041265796765,3.462145872308079,0.09705930093329895
200,none+winnable,0.25,2009,national,general,40,772,64,-0.5061680375017341,2.025291818321884,0.8026465026456797,-4.475667059596265,3.4633309845927975,0.0969227456153473
232,none+winnable,0.5,all,national,all,40,2171,181,-0.5033769722247589,0.9418048682703233,0.5930086706312175,-2.349280594499082,1.3425266500495647,0.03691489527726832
129,none+winnable,0.25,all,national,reserved,20,649,53,-0.5028348019731719,1.3439015854755774,0.708284957840752,-3.1368335082715806,2.131163904325237,0.03411207912745706
1101,controls+winnable,0.5,all,national,reserved,20,641,53,-0.5015010078971578,1.3583125768322537,0.7119720689030996,-3.16374473823617,2.1607427224418543,0.04424076073687255
21,none+winnable,0.0,all,national,reserved,20,650,53,-0.5013599053306694,1.3437673894536823,0.7090738567760037,-3.135095592259295,2.1323757815979563,0.034090384034715204
239,none+winnable,0.5,all,national,reserved,35,641,53,-0.5012306704790762,1.3567988542670906,0.7118135735206891,-3.160507559107783,2.1580462181496305,0.06647132643616538
731,year+winnable,0.5,2009,all,reserved,35,833,65,-0.5011198934046726,2.8169963410987864e-10,0.0,-0.5011198939567937,-0.5011198928525514,0.1861129760287663
292,none+winnable,0.5,2009,all,all,40,2554,182,-0.49992247672338036,0.8289501005067035,0.5464560724523464,-2.1246348186973774,1.1247898652506165,0.15913912744508596
308,none+winnable,0.5,2009,national,general,40,759,64,-0.499792079638616,2.026707821175665,0.8052155395532204,-4.4720664163285635,3.4724822570513316,0.09598269436956586
740,year+winnable,0.5,2009,national,general,40,759,64,-0.4997920796386124,2.0267078211756644,0.8052155395532217,-4.472066416328559,3.4724822570513343,0.09598269436956597
1553,full+winnable,0.5,2004,all,general,20,1603,116,-0.4995106843752773,0.8163969584254887,0.5406384597084541,-2.099619319977279,1.1005979512267243,0.019094447687364124
1121,controls+winnable,0.5,2004,all,general,20,1603,116,-0.4995106843752762,0.8163969584254889,0.540638459708455,-2.099619319977278,1.1005979512267259,0.019094447687364124
724,year+winnable,0.5,2009,all,all,40,2554,182,-0.49848978643288666,2.657485386202539e-10,0.0,-0.49848978695374424,-0.4984897859120291,0.15888208932713788
124,none+winnable,0.25,all,national,all,40,2196,181,-0.49838623366805845,0.9412174296844151,0.5964500937845818,-2.343138497470873,1.346366030134756,0.03698399045719092
16,none+winnable,0.0,all,national,all,40,2199,181,-0.49797761955910336,0.9411483537197521,0.596724269958882,-2.342594496958981,1.3466392578407742,0.03699646449363747
38,none+winnable,0.0,2004,all,all,30,3051,210,-0.4979618155364461,0.5078647213598069,0.3268389264056193,-1.4933583784201374,0.4974347473472453,0.0004024668493963768
470,year+winnable,0.0,2004,all,all,30,3051,210,-0.4979618155364461,0.5078647213598069,0.3268389264056193,-1.4933583784201374,0.4974347473472453,0.00040246684939626576
993,controls+winnable,0.25,all,national,reserved,20,649,53,-0.49699565857118977,1.356627505174373,0.7141065795324488,-3.1559367091493864,2.161945392007007,0.04387249232127133
524,year+winnable,0.0,2009,national,general,40,774,64,-0.4964350842676163,1.5979366025302464,0.7560495457203475,-3.6283332748051946,2.635463106269962,0.09624826899062766
885,controls+winnable,0.0,all,national,reserved,20,650,53,-0.4943308975384766,1.3564133580865663,0.7155296833201124,-3.152852227537178,2.164190432460225,0.04380046489691902
632,year+winnable,0.25,2009,national,general,40,772,64,-0.49351557040641764,2.6145363333495183e-10,0.0,-0.49351557091885734,-0.49351556989397793,0.09631474544110763
940,controls+winnable,0.0,2009,all,all,40,4761,312,-0.4906770265015948,0.5050775218697673,0.3313050549814719,-1.4806107787670801,0.49925672576389063,0.16250392508590383
1372,full+winnable,0.0,2009,all,all,40,4761,312,-0.49067702650159256,0.5050775218697674,0.3313050549814741,-1.4806107787670781,0.49925672576389307,0.16250392508590383
1336,full+winnable,0.0,2004,all,all,40,3051,210,-0.48851162096969425,0.509167846237798,0.33734146157778744,-1.4864622616816063,0.5094390197422178,0.013147491807458
904,controls+winnable,0.0,2004,all,all,40,3051,210,-0.48851162096969364,0.509167846237798,0.337341461577788,-1.4864622616816057,0.5094390197422185,0.013147491807458
37,none+winnable,0.0,2004,all,all,20,3051,210,-0.487596138518047,0.507818535260376,0.3369656838061559,-1.4829021783102676,0.5077099012741735,0.000362531275047262
469,year+winnable,0.0,2004,all,all,20,3051,210,-0.4875961385180469,0.507818535260376,0.3369656838061559,-1.4829021783102674,0.5077099012741737,0.000362531275047262
131,none+winnable,0.25,all,national,reserved,35,649,53,-0.4864254669047299,1.3556642650015935,0.7197374674487985,-3.1434786014358167,2.1706276676263574,0.06627579950390228
299,none+winnable,0.5,2009,all,reserved,35,833,65,-0.4859713632014748,1.1999551779526305,0.6854839330862421,-2.8378402950509822,1.8658975686480326,0.18824518002157042
23,none+winnable,0.0,all,national,reserved,35,650,53,-0.4847909002600889,1.3555291238382998,0.7206130356316127,-3.1415791629782914,2.1719973624581135,0.0662593807713786
418,none+winnable,1.0,2009,national,reserved,30,272,22,-0.4842275051524316,2.5531023387901084,0.8495736900447299,-5.488216138026023,4.51976112772116,0.12049229219303448
850,year+winnable,1.0,2009,national,reserved,30,272,22,-0.48422750515242885,2.5531023387901097,0.8495736900447309,-5.488216138026023,4.519761127721165,0.12049229219303448
40,none+winnable,0.0,2004,all,all,40,3051,210,-0.4838684940910719,0.5082601340583871,0.3410921459962205,-1.4800400516230103,0.5123030634408665,0.0003566595909207937
472,year+winnable,0.0,2004,all,all,40,3051,210,-0.4838684940910709,0.5082601340583872,0.3410921459962215,-1.4800400516230097,0.5123030634408677,0.0003566595909207937
471,year+winnable,0.0,2004,all,all,35,3051,210,-0.48129098559508526,0.5089304374792015,0.3443061628927797,-1.4787763136905339,0.5161943425003634,0.0003554030117273177
39,none+winnable,0.0,2004,all,all,35,3051,210,-0.48129098559508493,0.5089304374792014,0.34430616289278004,-1.4787763136905334,0.5161943425003634,0.0003554030117273177
540,year+winnable,0.0,2009,regional,reserved,40,1170,89,-0.48099881789150223,3.5428383096394246e-10,0.0,-0.4809988185858858,-0.4809988171971187,0.14493544495666
1388,full+winnable,0.0,2009,national,general,40,774,64,-0.48077252851869257,1.9763304296869078,0.8077999175038861,-4.354308992255602,3.392763935218216,0.13234239190254182
956,controls+winnable,0.0,2009,national,general,40,774,64,-0.48077252851868596,1.97633042968691,0.8077999175038889,-4.354308992255599,3.3927639352182273,0.13234239190254182
772,year+winnable,1.0,all,national,all,40,2051,170,-0.4801849349617539,0.9719189761328666,0.621264790223164,-2.385111124073217,1.4247412541497089,0.06651771427122921
670,year+winnable,0.5,all,national,reserved,30,641,53,-0.4793834107798842,1.3200063939684,0.7164797702464984,-3.066548402320538,2.1077815807607694,0.06890700646361092
652,year+winnable,0.5,all,all,all,40,4906,357,-0.47889713798742733,0.5265053658985427,0.36304566607938527,-1.5108286928156542,0.5530344168407995,0.08146908479480275
972,controls+winnable,0.0,2009,regional,reserved,40,1170,89,-0.478598488000613,0.7436849177669992,0.5198672303780716,-1.9361941426695632,0.9789971666683371,0.15194487880436236
1404,full+winnable,0.0,2009,regional,reserved,40,1170,89,-0.47859848800060584,0.7436849177669991,0.5198672303780778,-1.9361941426695557,0.9789971666683441,0.15194487880436236
1595,full+winnable,0.5,2009,all,reserved,35,833,65,-0.4777718352213437,1.1986096028298698,0.690184243356241,-2.827003488291747,1.8714598178490593,0.19777980507287207
1163,controls+winnable,0.5,2009,all,reserved,35,833,65,-0.4777718352213415,1.1986096028298703,0.6901842433562424,-2.8270034882917456,1.8714598178490625,0.19777980507287196
150,none+winnable,0.25,2004,all,general,30,1844,127,-0.47526609920578167,0.7496073146806466,0.5260677093629831,-1.9444694385276318,0.9939372401160685,0.00039172696501177384
582,year+winnable,0.25,2004,all,general,30,1844,127,-0.4752660992057816,0.7496073146806467,0.5260677093629833,-1.944469438527632,0.9939372401160689,0.00039172696501177384
454,year+winnable,0.0,all,national,reserved,30,650,53,-0.4743298787708497,1.3187511032642378,0.7190856096697966,-3.0590345457412176,2.110374788199518,0.06875795038377153
1064,controls+winnable,0.25,2009,national,general,40,772,64,-0.474193913274167,1.9765125683843492,0.8103965833861537,-4.348087362298252,3.3996995357499182,0.13230931993133688
1496,full+winnable,0.25,2009,national,general,40,772,64,-0.4741939132741579,1.9765125683843496,0.8103965833861573,-4.348087362298244,3.3996995357499284,0.13230931993133688
562,year+winnable,0.25,all,national,reserved,30,649,53,-0.47393277418598867,1.3188770572155586,0.7193365048440578,-3.058884306364656,2.1110187579926785,0.06875449999198968
508,year+winnable,0.0,2009,all,all,40,4761,312,-0.47303636565314194,1.170320179147854e-10,0.0,-0.47303636588252046,-0.4730363654237634,0.15832734698564443
1712,full+winnable,1.0,2009,national,general,40,711,57,-0.4719550440075358,2.1424746426453876,0.8256491952149991,-4.671128181382818,3.727218093367746,0.14679591407736947
1280,controls+winnable,1.0,2009,national,general,40,711,57,-0.47195504400753185,2.1424746426453853,0.8256491952150004,-4.67112818138281,3.7272180933677457,0.14679591407736958
782,year+winnable,1.0,all,regional,all,30,1742,119,-0.4714910345112884,0.6863245906839915,0.4920955455334717,-1.8166625139561061,0.8736804449335294,0.1242654767989183
76,none+winnable,0.0,2009,all,all,40,4761,312,-0.471304464221941,0.5065189089751821,0.3521238920182611,-1.46406328330182,0.521454354857938,0.15885731129684189
108,none+winnable,0.0,2009,regional,reserved,40,1170,89,-0.47055853886921406,0.7405887899098653,0.5251777619376894,-1.9220858944466506,0.9809688167082226,0.15043832078577402
1516,full+winnable,0.5,all,all,all,40,4906,357,-0.46925392983318126,0.524944378507531,0.3713691290717177,-1.4981260055947039,0.5596181459283414,0.089415549804846
1335,full+winnable,0.0,2004,all,all,35,3051,210,-0.46777844448806305,0.5092592304339734,0.35833266111010287,-1.465908194933235,0.530351305957109,0.013546307820835768
903,controls+winnable,0.0,2004,all,all,35,3051,210,-0.4677784444880621,0.5092592304339736,0.3583326611101041,-1.4659081949332344,0.5303513059571103,0.013546307820835879
935,controls+winnable,0.0,2004,regional,reserved,35,583,37,-0.4648003279202358,0.7057688727951181,0.51017000200437,-1.848081900008098,0.9184812441676264,0.023496640956586323
1367,full+winnable,0.0,2004,regional,reserved,35,583,37,-0.4648003279202343,0.7057688727951188,0.5101700020043718,-1.848081900008098,0.9184812441676292,0.023496640956586545
354,none+winnable,1.0,all,regional,general,30,1165,76,-0.46450833305329103,0.8802740585367234,0.5977172632465053,-2.189813784310172,1.26079711820359,0.07625965835147397
936,controls+winnable,0.0,2004,regional,reserved,40,583,37,-0.4643592750551088,0.7068355834742426,0.5112097568418771,-1.8497315616559793,0.9210130115457615,0.02321774204045146
1368,full+winnable,0.0,2004,regional,reserved,40,583,37,-0.4643592750551082,0.7068355834742434,0.5112097568418781,-1.8497315616559802,0.9210130115457638,0.02321774204045146
1715,full+winnable,1.0,2009,national,reserved,35,272,22,-0.45951178854051866,2.72546519729609,0.8661117549740756,-5.801325416358207,4.88230183927717,0.18191755347569782
1283,controls+winnable,1.0,2009,national,reserved,35,272,22,-0.45951178854051244,2.7254651972960895,0.8661117549740773,-5.8013254163582,4.882301839277176,0.1819175534756976
70,none+winnable,0.0,2004,regional,reserved,30,583,37,-0.4586315842665455,0.71365337060931,0.5204491892710419,-1.8573664881064085,0.9401033195733176,0.0010891909292755075
502,year+winnable,0.0,2004,regional,reserved,30,583,37,-0.45863158426654543,0.71365337060931,0.520449189271042,-1.8573664881064085,0.9401033195733177,0.0010891909292755075
151,none+winnable,0.25,2004,all,general,35,1844,127,-0.45837854475142764,0.7500812917962003,0.5411299667184943,-1.9285108621492595,1.011753772646404,0.0002750364730926824
583,year+winnable,0.25,2004,all,general,35,1844,127,-0.45837854475142753,0.7500812917962002,0.5411299667184943,-1.928510862149259,1.011753772646404,0.0002750364730926824
351,none+winnable,1.0,all,regional,all,35,1742,119,-0.4558368270017653,0.6895925223012727,0.508597276207073,-1.8074133347203936,0.895739680716863,0.09632636124553795
684,year+winnable,0.5,all,regional,reserved,40,941,71,-0.45498343104932576,0.8429046311170697,0.5893484592074039,-2.107046150440802,1.1970792883421506,0.0994259061919196
1448,full+winnable,0.25,2004,all,general,40,1844,127,-0.4533301477233941,0.7487274374449389,0.5448683968457283,-1.9208089593524407,1.0141486639056523,0.017205407411811313
1016,controls+winnable,0.25,2004,all,general,40,1844,127,-0.45333014772339336,0.7487274374449385,0.5448683968457287,-1.9208089593524391,1.0141486639056525,0.017205407411811313
1216,controls+winnable,1.0,all,regional,all,40,1742,119,-0.45263198072318656,0.6794675939223608,0.5053108609219988,-1.7843639934731002,0.8791000320267272,0.09974009479020918
1604,full+winnable,0.5,2009,national,general,40,759,64,-0.45096209575504975,1.9776030296865656,0.8196192714050031,-4.326992809658014,3.425068618147914,0.13172901181499863
1172,controls+winnable,0.5,2009,national,general,40,759,64,-0.4509620957550491,1.977603029686566,0.8196192714050035,-4.326992809658014,3.4250686181479155,0.13172901181499863
676,year+winnable,0.5,all,regional,all,40,2735,176,-0.44938111118635804,0.4988031233888469,0.367631494800844,-1.4270172684045868,0.5282550460318706,0.11361362617297077
149,none+winnable,0.25,2004,all,general,20,1844,127,-0.4485348291385708,0.748491587845315,0.5490050756955972,-1.9155513840465863,1.0184817257694445,0.0002521225883389544
581,year+winnable,0.25,2004,all,general,20,1844,127,-0.4485348291385708,0.7484915878453154,0.5490050756955974,-1.9155513840465872,1.0184817257694454,0.0002521225883389544
152,none+winnable,0.25,2004,all,general,40,1844,127,-0.44833376463959834,0.7482871623410359,0.5490750793641368,-1.9149496529217054,1.0182821236425086,0.00025514451554620177
584,year+winnable,0.25,2004,all,general,40,1844,127,-0.44833376463959823,0.7482871623410363,0.5490750793641372,-1.914949652921706,1.0182821236425097,0.0002551445155463128
220,none+winnable,0.5,all,all,all,40,4906,357,-0.4475407195154381,0.5327741358952703,0.40089739398701185,-1.4917588377646165,0.5966773987337401,0.05504814073882791
1204,controls+winnable,1.0,all,national,all,40,2051,170,-0.44752962322180906,0.9805523569873432,0.6480983128586654,-2.369376927872864,1.4743176814292456,0.053834774616827064
1548,full+winnable,0.5,all,regional,reserved,40,941,71,-0.4458655791675765,0.8388536233819004,0.5950600537968322,-2.089988469297028,1.1982573109618748,0.1026594968436596
1219,controls+winnable,1.0,all,regional,general,35,1165,76,-0.4457540151534702,0.8724134537560851,0.6093905947251067,-2.155652964143597,1.2641449338366566,0.09944585504389403
659,year+winnable,0.5,all,all,reserved,35,1582,124,-0.4440575401343661,0.7307820843136068,0.5434216225237498,-1.8763641059361487,0.9882490256674166,0.10762027680722508
411,none+winnable,1.0,2009,national,all,35,983,79,-0.4437160933899944,1.7276251004166039,0.7973054794184702,-3.8297990689939327,2.9423668822139435,0.12062579321765654
1084,controls+winnable,0.5,all,all,all,40,4906,357,-0.4436771869505212,0.5322374450689213,0.404502133345103,-1.4868434105092223,0.59948903660818,0.060120540909367026
1447,full+winnable,0.25,2004,all,general,35,1844,127,-0.44306779007931785,0.7505143291293025,0.5549545456265121,-1.9140488450539912,1.0279132648953555,0.01702309169189975
1015,controls+winnable,0.25,2004,all,general,35,1844,127,-0.4430677900793169,0.7505143291293029,0.5549545456265131,-1.9140488450539912,1.0279132648953573,0.01702309169189986
227,none+winnable,0.5,all,all,reserved,35,1582,124,-0.4415045232110365,0.7447811867084815,0.5533165932567068,-1.9012488255226616,1.0182397791005888,0.07660653584896726
763,year+winnable,1.0,all,all,general,35,2625,197,-0.43895734218144994,0.8313525491575162,0.5974966675218952,-2.0683783969857465,1.1904637126228468,0.08123445725381873
1426,full+winnable,0.25,all,national,reserved,30,649,53,-0.4376282725051517,1.3375489856893512,0.7435266605527486,-3.0591761120143603,2.1839195670040565,0.08516895657623635
1334,full+winnable,0.0,2004,all,all,30,3051,210,-0.4373804249328828,0.5073853825266049,0.3886720899921471,-1.431837500967107,0.5570766511013412,0.013618399726653574
902,controls+winnable,0.0,2004,all,all,30,3051,210,-0.4373804249328827,0.507385382526605,0.3886720899921474,-1.431837500967107,0.5570766511013416,0.013618399726653574
1318,full+winnable,0.0,all,national,reserved,30,650,53,-0.43732385290715636,1.3373731199116499,0.7436662775379775,-3.058527001825957,2.1838792960116447,0.08517362033660592
244,none+winnable,0.5,all,regional,all,40,2735,176,-0.43529848207221333,0.5019445595813727,0.3858191650545757,-1.4190917410875232,0.5484947769430966,0.08409485163896613
328,none+winnable,1.0,all,all,all,40,3793,289,-0.4351602375978716,0.6372549487941122,0.494691024444497,-1.6841569862042478,0.8138365110085046,0.060772327725210684
501,year+winnable,0.0,2004,regional,reserved,20,583,37,-0.4343783285750018,0.7159749835879894,0.5440534467652924,-1.8376635102391172,0.9689068530891136,0.00207361529203709
69,none+winnable,0.0,2004,regional,reserved,20,583,37,-0.43437832857500147,0.7159749835879895,0.5440534467652929,-1.8376635102391172,0.9689068530891142,0.00207361529203709
1628,full+winnable,1.0,all,all,general,40,2625,197,-0.4338962531787405,0.8204875042214812,0.5969252056869326,-2.042022211217999,1.1742297048605181,0.1026998299326588
1643,full+winnable,1.0,all,national,reserved,35,591,49,-0.43263246454534016,1.4651946900558024,0.7677853232612762,-3.3043612873940402,2.4390963583033596,0.10865105355963833
779,year+winnable,1.0,all,national,reserved,35,591,49,-0.43191763956005014,1.435798962381361,0.7635514402131875,-3.2460318948674973,2.382196615747397,0.08908156965886704
251,none+winnable,0.5,all,regional,reserved,35,941,71,-0.43135635074861367,0.839857205936708,0.6075269420835013,-2.0774462265410008,1.2147335250437732,0.09643140074926304
901,controls+winnable,0.0,2004,all,all,20,3051,210,-0.4309416636695982,0.5064348795640801,0.39480710713479716,-1.423535788130075,0.5616524607908786,0.014638058416135413
1333,full+winnable,0.0,2004,all,all,20,3051,210,-0.4309416636695973,0.50643487956408,0.39480710713479794,-1.4235357881300739,0.5616524607908793,0.014638058416135524
1534,full+winnable,0.5,all,national,reserved,30,641,53,-0.4302363090391302,1.3405911057338964,0.7482632095541899,-3.057746594272295,2.1972739761940345,0.08660275478217438
777,year+winnable,1.0,all,national,reserved,20,591,49,-0.4299276442911092,1.4243017255058799,0.7627652523756568,-3.2215077294008876,2.3616524408186694,0.05817003729447834
1048,controls+winnable,0.25,2009,all,all,40,3416,238,-0.42922835598335995,0.6319163719737054,0.4969803131374897,-1.6677616862930384,0.8093049743263186,0.16659503981915624
1480,full+winnable,0.25,2009,all,all,40,3416,238,-0.4292283559833578,0.6319163719737053,0.4969803131374919,-1.6677616862930362,0.8093049743263205,0.16659503981915624
1523,full+winnable,0.5,all,all,reserved,35,1582,124,-0.4279576720845959,0.7312815993182602,0.5584025065294578,-1.8612432693052365,1.0053279251360447,0.116786661651751
759,year+winnable,1.0,all,all,all,35,3793,289,-0.42466454505861484,0.63535016155948,0.503881813902047,-1.6699279792869004,0.8205988891696707,0.08998768280983294
964,controls+winnable,0.0,2009,regional,all,40,3675,225,-0.4232454073568212,0.3602976887472295,0.24011063571714597,-1.1294159010144134,0.2829250863007709,0.2253548259611916
1396,full+winnable,0.0,2009,regional,all,40,3675,225,-0.42324540735682076,0.36029768874722956,0.24011063571714641,-1.129415901014413,0.28292508630077146,0.2253548259611916
1091,controls+winnable,0.5,all,all,reserved,35,1582,124,-0.4230567162442834,0.7458345844598651,0.5705606927599576,-1.8848656402100161,1.038752207721449,0.081736208590927
415,none+winnable,1.0,2009,national,general,35,711,57,-0.42022577816626955,2.1973344076283925,0.8483348759946476,-4.726922079108573,3.886470522776034,0.10862418451102185
843,year+winnable,1.0,2009,national,all,35,983,79,-0.42019862357057064,9.136853945200943e-11,0.0,-0.42019862374964967,-0.4201986233914916,0.11956420258244516
340,none+winnable,1.0,all,national,all,40,2051,170,-0.41932771908815797,0.9849483678401936,0.6703004184730811,-2.3497910466864464,1.5111356085101306,0.04089192540413156
100,none+winnable,0.0,2009,regional,all,40,3675,225,-0.41806026596670337,0.3602505039289008,0.245857090373502,-1.124138279079754,0.28801774714634737,0.22495216974395793
532,year+winnable,0.0,2009,regional,all,40,3675,225,-0.4178612927552309,6.620328646063453e-10,0.0,-0.41786129405279143,-0.4178612914576703,0.22493956877391086
792,year+winnable,1.0,all,regional,reserved,40,577,43,-0.4173315086932585,1.1060672825583409,0.7059423934990624,-2.5851835469856943,1.7505205295991773,0.11532088553764297
1014,controls+winnable,0.25,2004,all,general,30,1844,127,-0.4161561734909878,0.748884278650109,0.5784148793905994,-1.8839423882334594,1.0516300412514838,0.01726052497107755
1446,full+winnable,0.25,2004,all,general,30,1844,127,-0.4161561734909873,0.7488842786501096,0.5784148793906001,-1.8839423882334603,1.0516300412514856,0.017260524971077662
184,none+winnable,0.25,2009,all,all,40,3416,238,-0.415691795812941,0.635725234206518,0.5131852894030988,-1.6616903589210072,0.8303067672951251,0.1604672401866304
616,year+winnable,0.25,2009,all,all,40,3416,238,-0.4148408240348699,3.917383444428905e-10,0.0,-0.41484082480266293,-0.41484082326707683,0.16017306251364039
1656,full+winnable,1.0,all,regional,reserved,40,577,43,-0.4083490541738498,1.1034751035506782,0.7113397720090301,-2.5711205149697856,1.7544224066220862,0.12289513611402003
1211,controls+winnable,1.0,all,national,reserved,35,591,49,-0.406238792357204,1.4802764089893607,0.7837507974473662,-3.307527241140634,2.495049656426226,0.07821595883656451
1540,full+winnable,0.5,all,regional,all,40,2735,176,-0.4051328287760778,0.5009751298550907,0.4186943418115504,-1.3870260404423325,0.5767603828901768,0.11895180102359615
680,year+winnable,0.5,all,regional,general,40,1794,105,-0.40259323512526146,0.6163136637520261,0.5136094133530529,-1.6105458192591617,0.8053593490086388,0.12222879935324349
1192,controls+winnable,1.0,all,all,all,40,3793,289,-0.4023612444372643,0.6369368308448707,0.5275744643532521,-1.6507344933202917,0.846012004445763,0.0662067750627634
1108,controls+winnable,0.5,all,regional,all,40,2735,176,-0.3951198651649153,0.5038525040381651,0.43292424218459313,-1.382652626600041,0.5924128962702104,0.08771907408633695
1115,controls+winnable,0.5,all,regional,reserved,35,941,71,-0.3933353857771514,0.8381271508743575,0.6388532421802113,-2.03603441595606,1.2493636444017575,0.10053979769949628
302,none+winnable,0.5,2009,national,all,30,1064,87,-0.38937066334105797,1.614091229480248,0.8093752108835108,-3.55293134088432,2.774190014202204,0.11481607496305646
900,controls+winnable,0.0,all,regional,reserved,40,1753,126,-0.3876073987927644,0.5666346976358816,0.4939425526143433,-1.4981909985498356,0.7229762009643068,0.04419567370659705
1013,controls+winnable,0.25,2004,all,general,20,1844,127,-0.38758202741275477,0.7452569105799238,0.6030182791162373,-1.848258731378993,1.0730946765534835,0.019627727291454455
1445,full+winnable,0.25,2004,all,general,20,1844,127,-0.3875820274127518,0.7452569105799232,0.6030182791162395,-1.8482587313789887,1.0730946765534852,0.019627727291454344
36,none+winnable,0.0,all,regional,reserved,40,1753,126,-0.38735177257917847,0.564806944672168,0.4928312301740919,-1.4943530423547347,0.7196494971963778,0.04274119723018521
1300,full+winnable,0.0,all,all,all,40,7812,522,-0.3866677662086339,0.37072021850815456,0.2969400744909364,-1.113266042825436,0.3399305104081682,0.07483452252411582
847,year+winnable,1.0,2009,national,general,35,711,57,-0.3863982108728823,7.641287195086939e-10,0.0,-0.38639821237054706,-0.3863982093752175,0.1059616749649046
1612,full+winnable,0.5,2009,regional,all,40,1490,95,-0.3860780982366497,0.6778198804752267,0.5689571411521004,-1.714580651973338,0.9424244555000387,0.2653276785962324
1180,controls+winnable,0.5,2009,regional,all,40,1490,95,-0.3860780982366364,0.6778198804752263,0.5689571411521135,-1.7145806519733244,0.9424244555000515,0.2653276785962323
791,year+winnable,1.0,all,regional,reserved,35,577,43,-0.38445885648743533,1.180386624549722,0.7446469000323885,-2.6979741284376932,1.9290564154628227,0.1487164221445363
316,none+winnable,0.5,2009,regional,all,40,1490,95,-0.3837134644854348,0.6770292308638054,0.5708768712585726,-1.710666373459347,0.9432394444884775,0.2633372143543492
748,year+winnable,0.5,2009,regional,all,40,1490,95,-0.38287934449992456,7.90836213075841e-11,0.0,-0.3828793446549256,-0.3828793443449235,0.2633281005087472
309,none+winnable,0.5,2009,national,reserved,20,305,23,-0.3809300007359752,2.4511808225059046,0.8765006774146449,-5.185156132442815,4.423296130970865,0.10863611595260081
741,year+winnable,0.5,2009,national,reserved,20,305,23,-0.3809300007359682,2.451180822505906,0.8765006774146471,-5.185156132442811,4.423296130970875,0.10863611595260081
474,year+winnable,0.0,2004,all,general,30,2130,143,-0.3803988322270022,0.6643937262474768,0.5669492140776582,-1.6825866072264208,0.9217889427724164,0.0006504510044191836
42,none+winnable,0.0,2004,all,general,30,2130,143,-0.3803988322270008,0.6643937262474765,0.5669492140776595,-1.6825866072264188,0.9217889427724171,0.0006504510044192946
447,year+winnable,0.0,all,national,all,35,2199,181,-0.3797841634307118,0.9298142830154793,0.6829421320348288,-2.2021866704519844,1.4426183435905606,0.06721097935321374
347,none+winnable,1.0,all,national,reserved,35,591,49,-0.37910638352738113,1.4597306942014197,0.7950876237441266,-3.2401259712898147,2.4819132042350525,0.06768687151758757
555,year+winnable,0.25,all,national,all,35,2196,181,-0.37839430108042293,0.9298444048472884,0.6840493558724026,-2.2008558458071894,1.4440672436463435,0.06721251695338348
663,year+winnable,0.5,all,national,all,35,2171,181,-0.3773380231377195,0.9301353523889722,0.6849771757476718,-2.2003698145675767,1.4456937682921376,0.06742103970029345
1408,full+winnable,0.25,all,all,all,40,6094,430,-0.37527120313641343,0.43701897658445243,0.39050225216007195,-1.2318126578024935,0.48127025152966657,0.08247022344513244
436,year+winnable,0.0,all,all,all,40,7812,522,-0.3735520774926123,0.3714229896516657,0.3145443873509337,-1.1015277602400704,0.3544236052548456,0.06978018645226458
544,year+winnable,0.25,all,all,all,40,6094,430,-0.37075463070472653,0.43820494906063245,0.3975104244582338,-1.2296205487107752,0.4881112873013221,0.0751935189787083
194,none+winnable,0.25,2009,national,all,30,1083,87,-0.3683353774101279,1.612630374819829,0.8193301799944894,-3.5290328324323204,2.792362077612065,0.11540721032813428
734,year+winnable,0.5,2009,national,all,30,1064,87,-0.36773836248904396,0.7885424815987949,0.6409635641771565,-1.9132532267025204,1.1777765017244324,0.11326577710009489
345,none+winnable,1.0,all,national,reserved,20,591,49,-0.3675256975185728,1.445421597552287,0.7992878577949939,-3.2004999711974036,2.465448576160258,0.035980972650173526
868,controls+winnable,0.0,all,all,all,40,7812,522,-0.367189587279692,0.3746911919974079,0.3270963693047717,-1.101570828918994,0.3671916543596101,0.05429051078123537
1311,full+winnable,0.0,all,national,all,35,2199,181,-0.36588554144876,0.9189463240235383,0.6905139549731759,-2.1669872402603696,1.4352161573628497,0.08999916496998528
86,none+winnable,0.0,2009,national,all,30,1086,87,-0.36519087836255215,1.61241107218994,0.820822316081068,-3.5254585081284477,2.7950767514033434,0.11550196431889692
675,year+winnable,0.5,all,regional,all,35,2735,176,-0.3650407694111435,0.4960794766770707,0.461821146427456,-1.3373386771676796,0.6072571383453927,0.11146899129178967
1655,full+winnable,1.0,all,regional,reserved,35,577,43,-0.36410719580266593,1.1837242888794137,0.7583908318496487,-2.6841641696316034,1.9559497780262718,0.16215395614300865
1419,full+winnable,0.25,all,national,all,35,2196,181,-0.363697175879927,0.9189680149644369,0.6922769543712144,-2.164841388154489,1.4374470363946348,0.09003376234293148
767,year+winnable,1.0,all,all,reserved,35,1168,92,-0.3635614577291649,0.9244857508945378,0.6941289033063536,-2.175520233702927,1.4483973182445973,0.11466696539010846
976,controls+winnable,0.25,all,all,all,40,6094,430,-0.3632791536167355,0.4422883202674791,0.41143967137868953,-1.2301483321237114,0.5035900248902403,0.05759633802571995
518,year+winnable,0.0,2009,national,all,30,1086,87,-0.3624901094561293,3.839965593250652e-10,0.0,-0.3624901102087487,-0.3624901087035099,0.1139081043880531
1215,controls+winnable,1.0,all,regional,all,35,1742,119,-0.3612977127474331,0.6955321728219048,0.6034434377169136,-1.724515721567255,1.001920296072389,0.10116652869115039
1623,full+winnable,1.0,all,all,all,35,3793,289,-0.35832808648119413,0.6324370145978212,0.5709975002228243,-1.597881857582956,0.8812256846205677,0.10320425471317274
43,none+winnable,0.0,2004,all,general,35,2130,143,-0.35831742178711384,0.664988670220777,0.5900025252365697,-1.66167126554702,0.9450364219727923,0.00035042404781415737
475,year+winnable,0.0,2004,all,general,35,2130,143,-0.35831742178711334,0.6649886702207768,0.5900025252365699,-1.6616712655470192,0.9450364219727924,0.00035042404781404635
525,year+winnable,0.0,2009,national,reserved,20,312,23,-0.3581356272594911,5.676141809837031e-11,0.0,-0.35813562737074145,-0.35813562714824076,0.10158166103425414
112,none+winnable,0.25,all,all,all,40,6094,430,-0.3578929044471671,0.4429637359334245,0.4191189060764169,-1.22608587333399,0.5103000644396558,0.052285582452858304
473,year+winnable,0.0,2004,all,general,20,2130,143,-0.35783504844783265,0.6639522307430916,0.5899234405315918,-1.65915750815932,0.9434874112636545,0.0002954007242618184
41,none+winnable,0.0,2004,all,general,20,2130,143,-0.35783504844783187,0.6639522307430913,0.5899234405315925,-1.6591575081593184,0.9434874112636547,0.0002954007242618184
4,none+winnable,0.0,all,all,all,40,7812,522,-0.3561908076334001,0.37514510966971215,0.34237921038822583,-1.0914617115623646,0.37908009629556444,0.05013089272577809
626,year+winnable,0.25,2009,national,all,30,1083,87,-0.3555760357804783,1.8648033746101424e-10,0.0,-0.35557603614597305,-0.35557603541498356,0.11349021727017017
1627,full+winnable,1.0,all,all,general,35,2625,197,-0.3524352176579471,0.8219120316069821,0.6680693646256837,-1.9633531980677785,1.2584827627518844,0.09716408572771629
243,none+winnable,0.5,all,regional,all,35,2735,176,-0.3524305236856814,0.4973568299004719,0.47856840050571725,-1.3272319977556202,0.6223709503842575,0.08525092654284439
1641,full+winnable,1.0,all,national,reserved,20,591,49,-0.35193391206240887,1.4526414368022298,0.8085696398893432,-3.199058810645296,2.495190986520478,0.07823926929885894
1527,full+winnable,0.5,all,national,all,35,2171,181,-0.35090299145649895,0.9191080099316137,0.7026197643765545,-2.1523215888247442,1.450515605911746,0.09094893755611444
1340,full+winnable,0.0,2004,all,general,40,2130,143,-0.34979698587756114,0.6641717110879816,0.5984252079071215,-1.6515496191603471,0.9519556474052249,0.01606327680187236
908,controls+winnable,0.0,2004,all,general,40,2130,143,-0.34979698587755964,0.664171711087981,0.5984252079071228,-1.6515496191603445,0.9519556474052253,0.01606327680187236
1217,controls+winnable,1.0,all,regional,general,20,1165,76,-0.3487855503311362,0.8819093408530119,0.6924819485493477,-2.077296096032498,1.3797249953702257,0.08957200084992323
1339,full+winnable,0.0,2004,all,general,35,2130,143,-0.34507115229791224,0.6656061443526128,0.6041572830308567,-1.6496352231176015,0.9594929185217771,0.01584920899684439
907,controls+winnable,0.0,2004,all,general,35,2130,143,-0.34507115229791124,0.6656061443526131,0.6041572830308579,-1.6496352231176012,0.9594929185217786,0.01584920899684439
476,year+winnable,0.0,2004,all,general,40,2130,143,-0.3445474664879465,0.6635874816949,0.6036077809923753,-1.6451550312015828,0.9560600982256899,0.00019143762468409875
44,none+winnable,0.0,2004,all,general,40,2130,143,-0.34454746648794526,0.6635874816948997,0.6036077809923763,-1.645155031201581,0.9560600982256904,0.00019143762468409875
633,year+winnable,0.25,2009,national,reserved,20,311,23,-0.3432981123454623,2.4469319664194145,0.8884250445063706,-5.139196639147288,4.452600414456363,0.10830491741160442
201,none+winnable,0.25,2009,national,reserved,20,311,23,-0.34329811234546015,2.4469319664194162,0.8884250445063714,-5.139196639147289,4.452600414456369,0.10830491741160453
332,none+winnable,1.0,all,all,general,40,2625,197,-0.34215774244578206,0.8334723407537278,0.6814239394674324,-1.975733512433384,1.29141802754182,0.06027683117412974
1209,controls+winnable,1.0,all,national,reserved,20,591,49,-0.3421429674378188,1.4642522004786,0.8152458690853368,-3.2120245446593976,2.52773860978376,0.04677785878172025
1631,full+winnable,1.0,all,all,reserved,35,1168,92,-0.34169618159451376,0.9323971611483044,0.714013919207044,-2.1691610367325795,1.4857686735435518,0.12749323536497315
238,none+winnable,0.5,all,national,reserved,30,641,53,-0.34164451229564746,1.34789297631029,0.7999084347016677,-2.983466200878316,2.3001771762870216,0.046899430364668815
1544,full+winnable,0.5,all,regional,general,40,1794,105,-0.3404809867260999,0.623052728680409,0.5847414016889665,-1.5616418954091074,0.8806799219569077,0.12915439409839946
231,none+winnable,0.5,all,national,all,35,2171,181,-0.3404539024346364,0.9459475742409906,0.718916090089792,-2.194477079210007,1.513569274340734,0.03971421550203369
1640,full+winnable,1.0,all,national,general,40,1460,121,-0.34026085683311136,1.2213608492815042,0.7805582700915257,-2.7340841335521127,2.05356241988589,0.09183916652039925
93,none+winnable,0.0,2009,national,reserved,20,312,23,-0.3378931700314204,2.4462847230803275,0.8901415980707409,-5.132523123199402,4.456736783136561,0.10829406130174157
806,year+winnable,1.0,2004,national,all,30,1068,91,-0.337300190867168,1.0026026857999004,0.7365507138919838,-2.3023653458381004,1.6277649641037646,0.0001928836051159344
374,none+winnable,1.0,2004,national,all,30,1068,91,-0.337300190867168,1.0026026857999002,0.7365507138919838,-2.3023653458381004,1.6277649641037641,0.0001928836051159344
934,controls+winnable,0.0,2004,regional,reserved,30,583,37,-0.3353475263570785,0.6833540904809835,0.6236120698403573,-1.6746969323879315,1.0040018796737746,0.026856202377165794
1366,full+winnable,0.0,2004,regional,reserved,30,583,37,-0.3353475263570778,0.6833540904809835,0.6236120698403581,-1.6746969323879308,1.0040018796737753,0.026856202377165794
683,year+winnable,0.5,all,regional,reserved,35,941,71,-0.3334639409395581,0.8208004572625751,0.6845466073457535,-1.9422032756682133,1.275275393789097,0.13826655669222265
651,year+winnable,0.5,all,all,all,35,4906,357,-0.33307155911551667,0.5270545534864965,0.5274202514779704,-1.3660795018368894,0.6999363836058561,0.08327129835626224
123,none+winnable,0.25,all,national,all,35,2196,181,-0.3315769684484138,0.9455328315042583,0.7258304033690253,-2.184787264396939,1.5216333275001117,0.03973486165525075
15,none+winnable,0.0,all,national,all,35,2199,181,-0.33070058687886106,0.9454842528200287,0.7265124584333624,-2.18381567035588,1.522414496598158,0.039742837868750214
1338,full+winnable,0.0,2004,all,general,30,2130,143,-0.3299149354310189,0.663992384368012,0.6192838727316855,-1.6313160948011989,0.9714862239391611,0.01590795979418891
906,controls+winnable,0.0,2004,all,general,30,2130,143,-0.32991493543101796,0.663992384368012,0.6192838727316865,-1.631316094801198,0.971486223939162,0.01590795979418891
130,none+winnable,0.25,all,national,reserved,30,649,53,-0.32926933957993076,1.346550607778457,0.806821911941333,-2.968460034186227,2.3099213550263653,0.046720118017816614
28,none+winnable,0.0,all,regional,all,40,5613,341,-0.32903841718177734,0.29673399702350345,0.26748773604069176,-0.9106263643364596,0.252549529972905,0.06769928054297258
248,none+winnable,0.5,all,regional,general,40,1794,105,-0.3288581760374155,0.6141124498035533,0.5923030778570366,-1.5324964601100417,0.8747801080352108,0.09964042069130119
1714,full+winnable,1.0,2009,national,reserved,30,272,22,-0.32863423617169185,2.6058206072866605,0.8996405384977512,-5.435948776625839,4.778680304282455,0.14449778476618014
1282,controls+winnable,1.0,2009,national,reserved,30,272,22,-0.3286342361716892,2.6058206072866597,0.8996405384977519,-5.4359487766258345,4.778680304282456,0.14449778476618014
536,year+winnable,0.0,2009,regional,general,40,2505,136,-0.3285068731871278,0.35531638631590096,0.35520133774031704,-1.0249141934832142,0.36790044710895853,0.2715905280884757
104,none+winnable,0.0,2009,regional,general,40,2505,136,-0.32850687318712757,0.35531638631590073,0.35520133774031704,-1.0249141934832136,0.3679004471089584,0.27159052808847584
656,year+winnable,0.5,all,all,general,40,3324,233,-0.32818333956382095,0.7081222385669707,0.6430377090804391,-1.7160774238069634,1.0597107446793215,0.07899227700413747
22,none+winnable,0.0,all,national,reserved,30,650,53,-0.327911552705244,1.3463902962327186,0.8075803942606187,-2.966788042455587,2.3109649370450986,0.046705514529041925
1400,full+winnable,0.0,2009,regional,general,40,2505,136,-0.327311452758965,0.3557235459894802,0.35750549514890184,-1.0245167913512239,0.36989388583329375,0.27252696869477067
968,controls+winnable,0.0,2009,regional,general,40,2505,136,-0.32731145275896284,0.35572354598948025,0.3575054951489052,-1.0245167913512216,0.369893885833296,0.27252696869477067
1095,controls+winnable,0.5,all,national,all,35,2171,181,-0.32591381987421014,0.9397735117353984,0.7287412845222143,-2.1678360565003207,1.5160084167519003,0.05396919848953696
987,controls+winnable,0.25,all,national,all,35,2196,181,-0.3258605035933267,0.9395125762479182,0.7287115552944394,-2.167271316061688,1.5155503088750344,0.05381519529844914
879,controls+winnable,0.0,all,national,all,35,2199,181,-0.32546412802489794,0.9394731057053175,0.729017614985687,-2.1667975796513113,1.5158693236015155,0.05382294160645329
1379,full+winnable,0.0,2009,all,reserved,35,1482,112,-0.3249768001537985,0.7347587307142238,0.6582790106879478,-1.7650774496800412,1.1151238493724442,0.2056226859880007
947,controls+winnable,0.0,2009,all,reserved,35,1482,112,-0.3249768001537942,0.7347587307142239,0.6582790106879521,-1.7650774496800372,1.1151238493724487,0.2056226859880006
761,year+winnable,1.0,all,all,general,20,2625,197,-0.32416563599782633,0.8275123528007517,0.6952539510321027,-1.9460600442493026,1.2977287722536501,0.08746350441629513
572,year+winnable,0.25,all,regional,general,40,2595,150,-0.323095142689051,0.43960149102564355,0.46235605416966086,-1.1846982326494202,0.5385079472713181,0.10743318263555846
1332,full+winnable,0.0,all,regional,reserved,40,1753,126,-0.3229321818434976,0.5587145652503873,0.5632699640406793,-1.4179926073722107,0.7721282436852155,0.07445125909497918
1365,full+winnable,0.0,2004,regional,reserved,20,583,37,-0.32275145666433125,0.6856255458227313,0.6378263252019856,-1.666552833357501,1.0210499200288385,0.02974105812497685
933,controls+winnable,0.0,2004,regional,reserved,20,583,37,-0.32275145666432936,0.6856255458227316,0.6378263252019878,-1.6665528333574997,1.0210499200288412,0.029741058124976627
892,controls+winnable,0.0,all,regional,all,40,5613,341,-0.32255684882263336,0.2972728428594,0.27789809437964685,-0.9052009144088923,0.26008721676362556,0.07038941180566605
376,none+winnable,1.0,2004,national,all,40,1068,91,-0.3213848097213713,0.9935791020258565,0.7463455902526266,-2.268764065483698,1.6259944460409552,0.00022802857262282927
808,year+winnable,1.0,2004,national,all,40,1068,91,-0.32138480972137123,0.9935791020258568,0.7463455902526266,-2.2687640654836985,1.6259944460409559,0.00022802857262282927
679,year+winnable,0.5,all,regional,general,35,1794,105,-0.32128677138121803,0.6213970494308899,0.6051286396628588,-1.539202608365218,0.896629065602782,0.10203708162259262
1672,full+winnable,1.0,2004,national,all,40,1068,91,-0.32069012242437145,1.0000376492063074,0.748454383699334,-2.2807278980528345,1.6393476532040918,0.013061866750497697
1240,controls+winnable,1.0,2004,national,all,40,1068,91,-0.32069012242437117,1.0000376492063074,0.7484543836993343,-2.2807278980528345,1.639347653204092,0.013061866750497697
460,year+winnable,0.0,all,regional,all,40,5613,341,-0.32065233542924215,0.2947126378027723,0.2765876396207464,-0.8982784913114734,0.25697382045298917,0.08628228052289455
375,none+winnable,1.0,2004,national,all,35,1068,91,-0.318358568635762,0.9980128327633214,0.7497322303949164,-2.274427776960668,1.637710639689144,0.00013228238517681845
807,year+winnable,1.0,2004,national,all,35,1068,91,-0.31835856863576134,0.998012832763321,0.7497322303949169,-2.2744277769606667,1.6377106396891439,0.00013228238517681845
1324,full+winnable,0.0,all,regional,all,40,5613,341,-0.3177687937859872,0.2953745710337163,0.28200939719235285,-0.896692314961039,0.26115472738906453,0.08965168780347577
515,year+winnable,0.0,2009,all,reserved,35,1482,112,-0.31687413449736096,7.185350059580598e-10,0.0,-0.3168741359056637,-0.3168741330890582,0.19777157393722777
1102,controls+winnable,0.5,all,national,reserved,30,641,53,-0.3114634017371389,1.3630762022579839,0.8192572769610945,-2.9830436663464215,2.3601168628721436,0.05617073631340119
1635,full+winnable,1.0,all,national,all,35,2051,170,-0.3104989004305544,0.9629647580414673,0.7471189575528838,-2.1978751445731577,1.5768773437120491,0.09231669551069777
1520,full+winnable,0.5,all,all,general,40,3324,233,-0.3101408704851528,0.7048034361875679,0.6599089933684461,-1.6915302215928603,1.0712484806225544,0.08942220209306095
994,controls+winnable,0.25,all,national,reserved,30,649,53,-0.3091667055536506,1.3611832368424097,0.8203219960456186,-2.977036826124428,2.358703415017127,0.05587612711127121
1515,full+winnable,0.5,all,all,all,35,4906,357,-0.3085918809035495,0.5247265052230807,0.5564648876637264,-1.3370369328743563,0.7198531710672573,0.0935789337207581
464,year+winnable,0.0,all,regional,general,40,3860,215,-0.30833536136447515,0.33676309512157676,0.3598844101964145,-0.968378899125002,0.3517081763960517,0.09511563832217984
140,none+winnable,0.25,all,regional,general,40,2595,150,-0.3082034725748847,0.44026368409540956,0.48390050438850485,-1.1711044371028072,0.5546974919530379,0.08944755278617089
1539,full+winnable,0.5,all,regional,all,35,2735,176,-0.30805857328228775,0.49798988844601555,0.5361772180425772,-1.2841008193015975,0.6679836727370219,0.11816911604640712
136,none+winnable,0.25,all,regional,all,40,3898,249,-0.3077003645994984,0.35962029837085124,0.39220485734753063,-1.0125431975159151,0.3971424683169183,0.07516298284895706
11,none+winnable,0.0,all,all,reserved,35,2403,179,-0.3074120859103401,0.5411873443696199,0.5700127924122875,-1.3681197897636705,0.7532956179429905,0.07543683999994477
1547,full+winnable,0.5,all,regional,reserved,35,941,71,-0.30708425404868717,0.8164138260798184,0.7068143140069417,-1.9072259496456787,1.2930574415483045,0.14547631107769932
886,controls+winnable,0.0,all,national,reserved,30,650,53,-0.30677522751328196,1.3609512820587255,0.8216585044923428,-2.9741907250619968,2.3606402700354328,0.05582902395081535
83,none+winnable,0.0,2009,all,reserved,35,1482,112,-0.3060614327812347,0.7304164857614784,0.6751991975616036,-1.7376514385880457,1.1255285730255762,0.2003029812098518
875,controls+winnable,0.0,all,all,reserved,35,2403,179,-0.3058995436183236,0.5432995257796096,0.5734074226324354,-1.370747046964049,0.7589479597274018,0.08048380604539818
905,controls+winnable,0.0,2004,all,general,20,2130,143,-0.3056385802398496,0.6615389069282362,0.6440730762659072,-1.6022310121911874,0.9909538517114882,0.017375190352911574
1337,full+winnable,0.0,2004,all,general,20,2130,143,-0.30563858023984863,0.661538906928237,0.6440730762659086,-1.602231012191188,0.9909538517114906,0.01737519035291135
884,controls+winnable,0.0,all,national,general,40,1549,128,-0.3055368639125911,1.2049601116951654,0.79983089954857,-2.667215285642476,2.0561415578172935,0.04920659160692176
992,controls+winnable,0.25,all,national,general,40,1547,128,-0.3042236280287699,1.2050019444285787,0.8006798603709754,-2.6659840404095196,2.05753678435198,0.049202643668281865
755,year+winnable,0.5,2009,regional,reserved,35,528,42,-0.3037337181886459,2.100509332156058e-11,0.0,-0.30373371822981515,-0.3037337181474767,0.27008015214480785
323,none+winnable,0.5,2009,regional,reserved,35,528,42,-0.30345048614835446,1.2806548980876207,0.8126959990656102,-2.8134879630249046,2.206586990728195,0.27030956393740735
219,none+winnable,0.5,all,all,all,35,4906,357,-0.30308188201442143,0.5333425125413546,0.5698524961547163,-1.3484139980195784,0.7422502339907355,0.057120705679341244
805,year+winnable,1.0,2004,national,all,20,1068,91,-0.30246659341556653,0.999084665841975,0.7620851879609934,-2.2606365559720722,1.655703369140939,0.00014669719979920615
373,none+winnable,1.0,2004,national,all,20,1068,91,-0.30246659341556636,0.9990846658419752,0.7620851879609936,-2.2606365559720727,1.6557033691409397,0.00014669719979920615
208,none+winnable,0.25,2009,regional,all,40,2333,151,-0.30083837416078124,0.4366772145897414,0.49086971074445473,-1.156709987625943,0.5550332393043806,0.24983849898728727
640,year+winnable,0.25,2009,regional,all,40,2333,151,-0.30034075373012803,8.437678402279e-10,0.0,-0.3003407553838826,-0.30034075207637345,0.24982558841044067
1504,full+winnable,0.25,2009,regional,all,40,2333,151,-0.29990880171871814,0.43671001293504996,0.4922428801748918,-1.155844698759437,0.5560270953220009,0.25124349845708827
1072,controls+winnable,0.25,2009,regional,all,40,2333,151,-0.29990880171871526,0.4367100129350498,0.4922428801748959,-1.155844698759434,0.5560270953220035,0.25124349845708827
1107,controls+winnable,0.5,all,regional,all,35,2735,176,-0.2997596313825037,0.4989898813483138,0.5480179117912559,-1.2777618274751137,0.6782425647101061,0.0903151440735428
1100,controls+winnable,0.5,all,national,general,40,1530,128,-0.29969830556297045,1.2053374481881531,0.8036372090400032,-2.6621162932291638,2.062719682103223,0.049134349621255735
677,year+winnable,0.5,all,regional,general,20,1794,105,-0.2995183322120164,0.6238802811642616,0.6311637997012469,-1.5223012139586918,0.9232645495346591,0.08745454819084841
1316,full+winnable,0.0,all,national,general,40,1549,128,-0.2991497759115463,1.1784776895872398,0.7996158923733571,-2.60892360408651,2.010624052263417,0.08720933113324181
468,year+winnable,0.0,all,regional,reserved,40,1753,126,-0.2991025949589714,0.5564652728477248,0.590919169058073,-1.3897544883877666,0.7915492984698238,0.0724498936510648
771,year+winnable,1.0,all,national,all,35,2051,170,-0.2988337075293976,0.9747558848577211,0.7591685077274672,-2.2093201355690026,1.6116527205102076,0.06763032098014454
1696,full+winnable,1.0,2009,all,all,40,1802,126,-0.2977235280845301,1.1200102817341273,0.7903761924839664,-2.492903342597979,1.8974562864289186,0.17518971712995024
1264,controls+winnable,1.0,2009,all,all,40,1802,126,-0.2977235280845288,1.1200102817341278,0.7903761924839674,-2.4929033425979785,1.8974562864289208,0.17518971712995002
1058,controls+winnable,0.25,2009,national,all,30,1083,87,-0.29699637756464026,1.5835796364440118,0.8512313967494595,-3.400755431645936,2.806762676516655,0.14224253360495998
1490,full+winnable,0.25,2009,national,all,30,1083,87,-0.296996377564636,1.5835796364440131,0.8512313967494617,-3.4007554316459343,2.8067626765166622,0.14224253360495998
1382,full+winnable,0.0,2009,national,all,30,1086,87,-0.2964431233666933,1.5833480654004266,0.8514838371052086,-3.3997483065426994,2.806862059809313,0.14234654322702334
950,controls+winnable,0.0,2009,national,all,30,1086,87,-0.29644312336668827,1.583348065400427,0.8514838371052111,-3.3997483065426954,2.8068620598093186,0.14234654322702334
266,none+winnable,0.5,2004,national,all,30,1107,94,-0.29608803315954785,0.9699930747710408,0.7601776012093371,-2.1972395249640555,1.6050634586449597,0.00030391596484402594
698,year+winnable,0.5,2004,national,all,30,1107,94,-0.2960880331595478,0.969993074771041,0.7601776012093373,-2.197239524964056,1.6050634586449601,0.00030391596484402594
236,none+winnable,0.5,all,national,general,40,1530,128,-0.29581921419679863,1.21908842120282,0.8082718357722326,-2.6851886137241214,2.093550185330524,0.03149463069109304
1619,full+winnable,0.5,2009,regional,reserved,35,528,42,-0.2953352310753038,1.2898095546244595,0.8188876912560228,-2.823315505054892,2.2326450429042843,0.2731621900457759
1187,controls+winnable,0.5,2009,regional,reserved,35,528,42,-0.29533523107528603,1.289809554624459,0.8188876912560334,-2.8233155050548735,2.232645042904301,0.2731621900457759
1424,full+winnable,0.25,all,national,general,40,1547,128,-0.29495280660471107,1.1784775002266366,0.8023685531333703,-2.6047262636397117,2.01482065043029,0.08731900573697138
1376,full+winnable,0.0,2009,all,general,40,3279,200,-0.29412816382896545,0.6715654391087267,0.6614051718929845,-1.6103722377438965,1.0221159100859656,0.16822946200786293
944,controls+winnable,0.0,2009,all,general,40,3279,200,-0.29412816382896495,0.6715654391087268,0.6614051718929852,-1.6103722377438963,1.0221159100859663,0.16822946200786293
1639,full+winnable,1.0,all,national,general,35,1460,121,-0.29355638237864234,1.218770361804479,0.8096614925569672,-2.682302396940272,2.0951896321829877,0.09170940851866738
128,none+winnable,0.25,all,national,general,40,1547,128,-0.2932147267000944,1.2184844542378306,0.8098350184770337,-2.681400372728186,2.094970919327997,0.03160513044097901
20,none+winnable,0.0,all,national,general,40,1549,128,-0.2930866371958046,1.2184142433866592,0.8099057571695358,-2.6811346724842764,2.094961398092667,0.03162190855275793
762,year+winnable,1.0,all,all,general,30,2625,197,-0.29264807920671343,0.8358908269220423,0.7262612262315806,-1.9309639949813202,1.3456678365678933,0.0787862788968764
452,year+winnable,0.0,all,national,general,40,1549,128,-0.29258452264674717,1.199521193289279,0.8072945139837416,-2.6436028601862427,2.058433814892749,0.060280188158909453
568,year+winnable,0.25,all,regional,all,40,3898,249,-0.29204882172873503,0.3574003384868801,0.4138440948927147,-0.9925406132254445,0.40844296976797445,0.0987228142019726
50,none+winnable,0.0,2004,national,all,30,1113,94,-0.2918015726565677,0.9699710035720008,0.7635400459484305,-2.1929098057058614,1.609306660392726,0.000320977246113352
158,none+winnable,0.25,2004,national,all,30,1113,94,-0.2918015726565677,0.9699710035720008,0.7635400459484305,-2.1929098057058614,1.609306660392726,0.000320977246113352
482,year+winnable,0.0,2004,national,all,30,1113,94,-0.29180157265656703,0.9699710035720013,0.7635400459484312,-2.1929098057058614,1.6093066603927275,0.000320977246113352
590,year+winnable,0.25,2004,national,all,30,1113,94,-0.29180157265656703,0.9699710035720013,0.7635400459484312,-2.1929098057058614,1.6093066603927275,0.000320977246113352
1645,full+winnable,1.0,all,regional,all,20,1742,119,-0.2916809722072291,0.6911752532388279,0.6730197210439541,-1.646359575560683,1.0629976311462248,0.13988509738944033
1328,full+winnable,0.0,all,regional,general,40,3860,215,-0.29089570661428604,0.3383638998357263,0.3899474898285341,-0.9540767639608279,0.3722853507322558,0.09985878109023938
560,year+winnable,0.25,all,national,general,40,1547,128,-0.2902638997130267,1.1995674439441795,0.8088004601304812,-2.6413728868703887,2.0608450874443354,0.06029733806423354
1000,controls+winnable,0.25,all,regional,all,40,3898,249,-0.2901350040640692,0.3606411181816143,0.42110951074552383,-0.9969786070442865,0.4167085989161481,0.07954603540112382
1239,controls+winnable,1.0,2004,national,all,35,1068,91,-0.28959297046382293,1.0024558922163027,0.7726705279137679,-2.2543704152977426,1.6751844743700968,0.013569187428054907
1671,full+winnable,1.0,2004,national,all,35,1068,91,-0.2895929704638229,1.0024558922163016,0.7726705279137678,-2.2543704152977404,1.6751844743700945,0.013569187428054907
730,year+winnable,0.5,2009,all,reserved,30,833,65,-0.28941888512243247,2.0046599100607567e-10,0.0,-0.28941888551533856,-0.28941888472952637,0.174285554707442
225,none+winnable,0.5,all,all,reserved,20,1582,124,-0.2893491245760082,0.7352045665029069,0.6939038937715221,-1.7303235961910888,1.1516253470390723,0.05772486869167559
1304,full+winnable,0.0,all,all,general,40,5409,343,-0.2889167321854574,0.48785442458539713,0.5537038481704567,-1.2450938340713475,0.6672603697004329,0.07467341908957092
1415,full+winnable,0.25,all,all,reserved,35,1952,152,-0.2884745317942293,0.5994909375788822,0.6303749623163348,-1.463455178506988,0.8865061149185295,0.11087573753904423
80,none+winnable,0.0,2009,all,general,40,3279,200,-0.2879106482317277,0.6742469599037365,0.6693715537697733,-1.6094104063286732,1.0335891098652177,0.16342716729426376
1083,controls+winnable,0.5,all,all,all,35,4906,357,-0.28768174412130254,0.5320679294532614,0.5887239473594117,-1.3305157231784932,0.755152234935888,0.06419238002906857
440,year+winnable,0.0,all,all,general,40,5409,343,-0.2869420128092637,0.489015436391113,0.5573548564929306,-1.245394656019983,0.6715106304014555,0.0682009041428907
983,controls+winnable,0.25,all,all,reserved,35,1952,152,-0.28621737653828283,0.608570294274565,0.638132754121782,-1.4789932353773723,0.9065584823008067,0.07929471651214726
32,none+winnable,0.0,all,regional,general,40,3860,215,-0.2857179404212932,0.33785032787388675,0.3977235616093908,-0.9478924152191599,0.3764565343765735,0.08098467061173809
1307,full+winnable,0.0,all,all,reserved,35,2403,179,-0.28547972466964366,0.5346636620710571,0.5933812231815735,-1.3334012461712097,0.7624417968319224,0.10872362474391128
657,year+winnable,0.5,all,all,reserved,20,1582,124,-0.28455414650832733,0.7218412203061104,0.6934289497028505,-1.6993369408647463,1.1302286478480918,0.08941787625577524
1598,full+winnable,0.5,2009,national,all,30,1064,87,-0.28450895751666316,1.5849005240087828,0.8575355497724138,-3.3908569036525367,2.8218389886192106,0.14258624317108337
1166,controls+winnable,0.5,2009,national,all,30,1064,87,-0.2845089575166525,1.584900524008783,0.8575355497724191,-3.3908569036525265,2.8218389886192217,0.14258624317108337
548,year+winnable,0.25,all,all,general,40,4142,278,-0.2844436434341761,0.5944547495003428,0.6322979105386942,-1.4495535428936277,0.8806662560252754,0.07309383784930179
939,controls+winnable,0.0,2009,all,all,35,4761,312,-0.28440361833800026,0.5020491330528118,0.5710637002943935,-1.268401837591069,0.6995946009150686,0.17495848439180472
1371,full+winnable,0.0,2009,all,all,35,4761,312,-0.2844036183379976,0.5020491330528116,0.5710637002943968,-1.268401837591066,0.6995946009150709,0.17495848439180484
119,none+winnable,0.25,all,all,reserved,35,1952,152,-0.2843500998249069,0.6071807474944528,0.6395614062436648,-1.474402497020143,0.9057022973703293,0.074208168527098
144,none+winnable,0.25,all,regional,reserved,40,1303,99,-0.2837586773816525,0.6191175233378272,0.6467170646408967,-1.4972067253214303,0.9296893705581253,0.0479129314857365
1008,controls+winnable,0.25,all,regional,reserved,40,1303,99,-0.2836491844074503,0.6193579047131315,0.6469718546761853,-1.4975683711853784,0.930270002370478,0.04930936155429433
1436,full+winnable,0.25,all,regional,general,40,2595,150,-0.2825768291160452,0.4430798004559524,0.5236324847042828,-1.1509972802869057,0.5858436220548153,0.1159659876117266
1196,controls+winnable,1.0,all,all,general,40,2625,197,-0.28221004265713284,0.8298986464988022,0.7338161451096066,-1.9087815006133229,1.3443614152990573,0.06866062905879178
224,none+winnable,0.5,all,all,general,40,3324,233,-0.28202495710525893,0.7147135942785221,0.6931391743714514,-1.6828378611523347,1.118787946941817,0.05452761863084987
512,year+winnable,0.0,2009,all,general,40,3279,200,-0.2820014121848938,0.5493889568089914,0.607741406765411,-1.3587839810345481,0.7947811566647607,0.1631727781952892
1112,controls+winnable,0.5,all,regional,general,40,1794,105,-0.28168577274788265,0.6202490222354795,0.6497212398780936,-1.4973515177756056,0.9339799722798404,0.10511136738851223
668,year+winnable,0.5,all,national,general,40,1530,128,-0.28141402153873707,1.2000111840768628,0.8145894596624044,-2.6333927233746532,2.0705646802971795,0.06057568336729224
298,none+winnable,0.5,2009,all,reserved,30,833,65,-0.27932912522447806,1.1272655384305974,0.8042941486602827,-2.4887289815616014,1.9300707311126453,0.17638962607503195
1412,full+winnable,0.25,all,all,general,40,4142,278,-0.2792430580588822,0.5918651479674352,0.6370682468310949,-1.4392774317795252,0.8807913156617606,0.08271437217731303
75,none+winnable,0.0,2009,all,all,35,4761,312,-0.2776324987079473,0.5046470646736828,0.5822152496867801,-1.2667225703722211,0.7114575729563264,0.16803076788703752
1710,full+winnable,1.0,2009,national,general,30,711,57,-0.277575777967549,2.196318708686139,0.8994293238784646,-4.582281345563899,4.027129789628802,0.1356425721318144
1278,controls+winnable,1.0,2009,national,general,30,711,57,-0.2775757779675459,2.196318708686139,0.8994293238784657,-4.582281345563897,4.0271297896288045,0.1356425721318144
507,year+winnable,0.0,2009,all,all,35,4761,312,-0.2770797842700948,0.3665702432621399,0.44972659517274927,-0.9955442588679753,0.44138469032778577,0.16707866547521866
1088,controls+winnable,0.5,all,all,general,40,3324,233,-0.27698211583437554,0.7132704940490484,0.6977741369813816,-1.6749665954056012,1.1210023637368502,0.06195755251113255
1532,full+winnable,0.5,all,national,general,40,1530,128,-0.2761865807063942,1.1787100525298235,0.814742328723629,-2.5864158318801636,2.0340426704673753,0.08774224351461102
1432,full+winnable,0.25,all,regional,all,40,3898,249,-0.2757892076168953,0.35867512185928285,0.4419462114131596,-0.9787795286116048,0.4272011133778142,0.10463721606512733
776,year+winnable,1.0,all,national,general,40,1460,121,-0.2754190162503281,1.2475043257941036,0.8252668509545203,-2.7204825653646934,2.1696445328640372,0.06354081762594954
1132,controls+winnable,0.5,2004,national,all,40,1107,94,-0.27518808840447245,0.9671709960088836,0.7760050987002747,-2.1708084074736167,1.6204322306646717,0.012615613759110578
1564,full+winnable,0.5,2004,national,all,40,1107,94,-0.2751880884044719,0.9671709960088836,0.7760050987002751,-2.170808407473616,1.6204322306646721,0.0126156137591108
463,year+winnable,0.0,all,regional,general,35,3860,215,-0.2750624194070501,0.339346859642962,0.4176159766900277,-0.9401700425740244,0.39004520375992413,0.0853398943752468
551,year+winnable,0.25,all,all,reserved,35,1952,152,-0.27482500641118324,0.5981673424896284,0.6459146254668778,-1.4472114544188905,0.8975614415965241,0.1029609301619574
416,none+winnable,1.0,2009,national,general,40,711,57,-0.2745149614942371,2.211548074920283,0.9012139567101256,-4.609069538416881,4.060039615428407,0.10909941102981957
1004,controls+winnable,0.25,all,regional,general,40,2595,150,-0.27294248288360984,0.4432924966835356,0.5380816776398811,-1.1417798110001809,0.5958948452329613,0.09657822127259375
571,year+winnable,0.25,all,regional,general,35,2595,150,-0.27172397883475263,0.4428172358596012,0.5394627825140983,-1.1396298128531495,0.5961818551836442,0.08881137419963003
1456,full+winnable,0.25,2004,national,all,40,1113,94,-0.27155604728983107,0.9669714657512172,0.7788396418707072,-2.166785294240123,1.623673199660461,0.01271178803340256
1348,full+winnable,0.0,2004,national,all,40,1113,94,-0.27155604728983107,0.9669714657512172,0.7788396418707072,-2.166785294240123,1.623673199660461,0.01271178803340256
1024,controls+winnable,0.25,2004,national,all,40,1113,94,-0.2715560472898306,0.9669714657512165,0.7788396418707074,-2.166785294240121,1.62367319966046,0.012711788033402338
916,controls+winnable,0.0,2004,national,all,40,1113,94,-0.2715560472898306,0.9669714657512165,0.7788396418707074,-2.166785294240121,1.62367319966046,0.012711788033402338
327,none+winnable,1.0,all,all,all,35,3793,289,-0.2713389197983992,0.6408528087528093,0.6720013497717753,-1.5273873443452404,0.9847095047484421,0.06118167523747087
27,none+winnable,0.0,all,regional,all,35,5613,341,-0.2708986148664228,0.2893166993550162,0.3490984857988251,-0.8379489257282573,0.29615169599541163,0.0804372264590213
896,controls+winnable,0.0,all,regional,general,40,3860,215,-0.269928019866959,0.3393441039136447,0.42635734987035556,-0.9350302419037203,0.39517420216980226,0.08512958729125986
267,none+winnable,0.5,2004,national,all,35,1107,94,-0.2693723665130345,0.9658632403161062,0.7803270441129984,-2.162429531523758,1.6236847984976888,0.00016341679985243385
699,year+winnable,0.5,2004,national,all,35,1107,94,-0.26937236651303376,0.965863240316106,0.780327044112999,-2.162429531523757,1.6236847984976892,0.0001634167998522118
443,year+winnable,0.0,all,all,reserved,35,2403,179,-0.26907915759593626,0.5327666741753992,0.6135166669267961,-1.3132826511429045,0.7751243359510319,0.10206263516541625
331,none+winnable,1.0,all,all,general,35,2625,197,-0.267115437413395,0.8369887500208777,0.7496213965890313,-1.9075832429195136,1.3733523680927235,0.053476435221712526
268,none+winnable,0.5,2004,national,all,40,1107,94,-0.2666582782387998,0.9616277743809801,0.7815506407046122,-2.15141408255893,1.6180975260813302,0.00030092315368490663
700,year+winnable,0.5,2004,national,all,40,1107,94,-0.26665827823879934,0.9616277743809802,0.7815506407046127,-2.1514140825589294,1.6180975260813308,0.0003009231536851287
591,year+winnable,0.25,2004,national,all,35,1113,94,-0.26392509061224995,0.9657648315769892,0.7846372897508358,-2.15678937803854,1.62893919681404,0.00017074958913376737
483,year+winnable,0.0,2004,national,all,35,1113,94,-0.26392509061224995,0.9657648315769892,0.7846372897508358,-2.15678937803854,1.62893919681404,0.00017074958913376737
159,none+winnable,0.25,2004,national,all,35,1113,94,-0.26392509061224956,0.9657648315769902,0.7846372897508362,-2.1567893780385416,1.6289391968140423,0.00017074958913376737
51,none+winnable,0.0,2004,national,all,35,1113,94,-0.26392509061224956,0.9657648315769902,0.7846372897508362,-2.1567893780385416,1.6289391968140423,0.00017074958913376737
697,year+winnable,0.5,2004,national,all,20,1107,94,-0.26305806984189484,0.9673809639078408,0.7856773025357855,-2.1590899184309045,1.632973778747115,0.00010189074787603225
265,none+winnable,0.5,2004,national,all,20,1107,94,-0.2630580698418945,0.9673809639078407,0.7856773025357857,-2.159089918430904,1.632973778747115,0.00010189074787603225
980,controls+winnable,0.25,all,all,general,40,4142,278,-0.26297553373482035,0.5984591110572124,0.6603564733349088,-1.435933837626813,0.9099827701571723,0.0598372300522354
648,year+winnable,0.25,2009,regional,reserved,40,807,64,-0.2619523112907731,9.892839155777944e-11,0.0,-0.2619523114846692,-0.26195231109687706,0.16394088945686658
116,none+winnable,0.25,all,all,general,40,4142,278,-0.26159450495462055,0.6001175886640601,0.6629053580785995,-1.437803365225201,0.9146143553159597,0.05220969162048916
1670,full+winnable,1.0,2004,national,all,30,1068,91,-0.2615714397241917,1.0048099471817524,0.7946174728831098,-2.2309627475080207,1.707819868059637,0.013421138096029739
1238,controls+winnable,1.0,2004,national,all,30,1068,91,-0.26157143972419106,1.004809947181752,0.7946174728831101,-2.230962747508019,1.7078198680596368,0.013421138096029739
655,year+winnable,0.5,all,all,general,35,3324,233,-0.26156499325718896,0.7111247772251184,0.7130084221842627,-1.6553439451324903,1.1322139586181121,0.07474014339249857
459,year+winnable,0.0,all,regional,all,35,5613,341,-0.2614123898633911,0.28755556430831647,0.3633053704974972,-0.8250109394617828,0.3021861597350006,0.09772065166556387
160,none+winnable,0.25,2004,national,all,40,1113,94,-0.2606820997629067,0.9614016720446578,0.7862772378349129,-2.1449947516470242,1.623630552121211,0.00031140502105619916
52,none+winnable,0.0,2004,national,all,40,1113,94,-0.2606820997629067,0.9614016720446578,0.7862772378349129,-2.1449947516470242,1.623630552121211,0.00031140502105619916
484,year+winnable,0.0,2004,national,all,40,1113,94,-0.26068209976290563,0.9614016720446578,0.7862772378349138,-2.1449947516470234,1.6236305521212122,0.00031140502105619916
592,year+winnable,0.25,2004,national,all,40,1113,94,-0.26068209976290563,0.9614016720446578,0.7862772378349138,-2.1449947516470234,1.6236305521212122,0.00031140502105619916
848,year+winnable,1.0,2009,national,general,40,711,57,-0.260331210407623,4.796126053355214e-10,0.0,-0.2603312113476465,-0.2603312094675996,0.10851727198814798
1299,full+winnable,0.0,all,all,all,35,7812,522,-0.2592574291216035,0.3687728441802191,0.482038648264289,-0.9820389221912342,0.4635240639480272,0.08199043993350275
891,controls+winnable,0.0,all,regional,all,35,5613,341,-0.2590092953066489,0.28969859649382085,0.3712872628363344,-0.8268081108063394,0.30878952019304157,0.08473977562755586
139,none+winnable,0.25,all,regional,general,35,2595,150,-0.2586528766516233,0.44218058817914707,0.5585823384158299,-1.125310904145489,0.6080051508422425,0.07300653387804057
235,none+winnable,0.5,all,national,general,35,1530,128,-0.2585697792279368,1.2231167895691943,0.8325733132029012,-2.6558346356698137,2.13869507721394,0.03171023138856566
49,none+winnable,0.0,2004,national,all,20,1113,94,-0.25850027454852015,0.9674857582214739,0.7893246618809378,-2.1547375162180353,1.6377369671209951,0.00010743100074617207
157,none+winnable,0.25,2004,national,all,20,1113,94,-0.25850027454852015,0.9674857582214739,0.7893246618809378,-2.1547375162180353,1.6377369671209951,0.00010743100074617207
481,year+winnable,0.0,2004,national,all,20,1113,94,-0.25850027454851954,0.9674857582214735,0.7893246618809381,-2.154737516218034,1.6377369671209951,0.00010743100074617207
589,year+winnable,0.25,2004,national,all,20,1113,94,-0.25850027454851954,0.9674857582214735,0.7893246618809381,-2.154737516218034,1.6377369671209951,0.00010743100074617207
883,controls+winnable,0.0,all,national,general,35,1549,128,-0.258374273971783,1.206258719425077,0.8303951970025649,-2.62259792008234,2.105849372138774,0.050957969747287724
1055,controls+winnable,0.25,2009,all,reserved,35,1118,87,-0.25783397446357037,0.8975738178078593,0.7739158754879647,-2.017046330833091,1.5013783819059499,0.19901128672055768
1487,full+winnable,0.25,2009,all,reserved,35,1118,87,-0.25783397446356415,0.8975738178078593,0.77391587548797,-2.0170463308330846,1.501378381905956,0.19901128672055768
991,controls+winnable,0.25,all,national,general,35,1547,128,-0.2574226445975381,1.206294412047318,0.8310153573953071,-2.621716246962201,2.106870957767125,0.0509483533290207
1099,controls+winnable,0.5,all,national,general,35,1530,128,-0.25674313038894925,1.206520239271316,0.8314857931935865,-2.621479345979377,2.1079930852014788,0.05087646153940517
212,none+winnable,0.25,2009,regional,general,40,1526,87,-0.2563466222803062,0.4311759519886247,0.5521583290127348,-1.101435959177782,0.5887427146171698,0.30164367183293883
435,year+winnable,0.0,all,all,all,35,7812,522,-0.2563102353484149,0.369903127230927,0.48836491479962274,-0.9813070424897692,0.4686865717929394,0.07477325277063185
738,year+winnable,0.5,2009,national,general,30,759,64,-0.2561023643638486,2.0311748896257384,0.8996639868837502,-4.237131994332415,3.7249272656047183,0.11159325166200174
306,none+winnable,0.5,2009,national,general,30,759,64,-0.2561023643638452,2.0311748896257384,0.8996639868837515,-4.237131994332413,3.724927265604722,0.11159325166200174
644,year+winnable,0.25,2009,regional,general,40,1526,87,-0.2559707054442403,1.8695921561094121e-10,0.0,-0.2559707058106736,-0.25597070507780695,0.3016318623780576
1208,controls+winnable,1.0,all,national,general,40,1460,121,-0.2545765287666882,1.248390959023023,0.8384131084204738,-2.7013778470772323,2.1922247895438556,0.054524946148410636
31,none+winnable,0.0,all,regional,general,35,3860,215,-0.25448598196969807,0.3398054396245448,0.4539073901870545,-0.9204924053846056,0.4115204414452095,0.0727648481041906
1327,full+winnable,0.0,all,regional,general,35,3860,215,-0.2544124857588916,0.3411175958573537,0.45577587254326146,-0.9229906881321943,0.4141657166144112,0.09059376068223102
872,controls+winnable,0.0,all,all,general,40,5409,343,-0.2543781397444994,0.49251649000534015,0.605514634689474,-1.2196927219470477,0.7109364424580488,0.05635992291584724
569,year+winnable,0.25,all,regional,general,20,2595,150,-0.25382639148952313,0.44433352103087614,0.5678288660955653,-1.124704089833911,0.6170513068548648,0.07279199070168851
216,none+winnable,0.25,2009,regional,reserved,40,807,64,-0.2535056639551973,0.862094414215538,0.7687136683251974,-1.943179667090807,1.4361683391804123,0.16767417034273602
135,none+winnable,0.25,all,regional,all,35,3898,249,-0.2532092785165507,0.35689973017101784,0.4780335103347929,-0.952719895743809,0.4463013387107076,0.07831079022947995
247,none+winnable,0.5,all,regional,general,35,1794,105,-0.25310425100622075,0.6168663332374664,0.681581142532057,-1.4621400474269381,0.9559315454144968,0.08245161809542867
1323,full+winnable,0.0,all,regional,all,35,5613,341,-0.252791246688511,0.28803486895678,0.3801385036074132,-0.8173292161355139,0.31174672275849186,0.10271970492750748
623,year+winnable,0.25,2009,all,reserved,35,1118,87,-0.25254545345893226,4.4629783564020866e-10,0.0,-0.25254545433365994,-0.2525454525842046,0.19075191210778342
1543,full+winnable,0.5,all,regional,general,35,1794,105,-0.2523407804778944,0.6279169351915971,0.6877799346415954,-1.4830353587361957,0.9783537977804071,0.10914738270371238
127,none+winnable,0.25,all,national,general,35,1547,128,-0.2523390693970914,1.222662622747483,0.8364902865400514,-2.648713775225441,2.1440356364312585,0.03179529300946726
19,none+winnable,0.0,all,national,general,35,1549,128,-0.2517877846743749,1.2226097897198844,0.83683552769408,-2.6480589396714374,2.1444833703226873,0.03181010894389191
757,year+winnable,1.0,all,all,all,20,3793,289,-0.2515810365506751,0.6313442256316809,0.6902729082283368,-1.4889929806360995,0.9858309075347492,0.08916032166516785
1203,controls+winnable,1.0,all,national,all,35,2051,170,-0.25152051450801927,0.983464029829755,0.79814420710101,-2.179074593064964,1.676033564048926,0.0557325854359535
1375,full+winnable,0.0,2009,all,general,35,3279,200,-0.2508850761772416,0.6726990061774378,0.7091834649345332,-1.5693509007209072,1.067580748366424,0.165016150462311
943,controls+winnable,0.0,2009,all,general,35,3279,200,-0.25088507617723915,0.6726990061774378,0.7091834649345359,-1.5693509007209048,1.0675807483664264,0.1650161504623111
778,year+winnable,1.0,all,national,reserved,30,591,49,-0.25076902641475934,1.4214995556133778,0.8599705835833273,-3.0368569594566712,2.5353189066271526,0.0703624769527097
335,none+winnable,1.0,all,all,reserved,35,1168,92,-0.2506410394681601,0.9389777754580109,0.7895233022323404,-2.0910036616493994,1.589721582713079,0.08306206336407174
1131,controls+winnable,0.5,2004,national,all,35,1107,94,-0.25011946831222825,0.9693487210274627,0.796385013992345,-2.1500080499860195,1.6497691133615628,0.012982877314131391
1563,full+winnable,0.5,2004,national,all,35,1107,94,-0.2501194683122275,0.9693487210274631,0.7963850139923457,-2.1500080499860195,1.6497691133615644,0.012982877314131391
1512,full+winnable,0.25,2009,regional,reserved,40,807,64,-0.24989432062052985,0.87040981057262,0.7740360477399346,-1.9558662011331958,1.4560775598921363,0.16839483567625613
1080,controls+winnable,0.25,2009,regional,reserved,40,807,64,-0.2498943206205249,0.8704098105726198,0.774036047739939,-1.9558662011331904,1.4560775598921407,0.16839483567625613
543,year+winnable,0.25,all,all,all,35,6094,430,-0.24973078526471618,0.43855686616956163,0.5690591816026536,-1.1092864481298095,0.6098248776003771,0.07736337254402548
8,none+winnable,0.0,all,all,general,40,5409,343,-0.2486430140191292,0.49321304076278544,0.6141707050764774,-1.2153228106196743,0.7180367825814158,0.05065858205640028
400,none+winnable,1.0,2009,all,all,40,1802,126,-0.24835181645020876,1.1336876309836723,0.826599046531138,-2.4703387428967414,1.9736351099963239,0.16157965029481425
79,none+winnable,0.0,2009,all,general,35,3279,200,-0.24779687481708895,0.6773584659464226,0.7144932245796797,-1.5753950726953778,1.0798013230612,0.15757467718996
349,none+winnable,1.0,all,regional,all,20,1742,119,-0.24748828466474262,0.6770108164495482,0.7146931952975808,-1.5744051020499141,1.079428532720429,0.08392050246423188
867,controls+winnable,0.0,all,all,all,35,7812,522,-0.2464187379581711,0.3730177238123698,0.5088633151325948,-0.9775200422255248,0.48468256630918266,0.06057712276337324
915,controls+winnable,0.0,2004,national,all,35,1113,94,-0.24639490142541257,0.9692479834949551,0.799331435256275,-2.1460860411635974,1.6532962383127723,0.013070675153041056
1023,controls+winnable,0.25,2004,national,all,35,1113,94,-0.24639490142541257,0.9692479834949551,0.799331435256275,-2.1460860411635974,1.6532962383127723,0.013070675153041056
1347,full+winnable,0.0,2004,national,all,35,1113,94,-0.24639490142541198,0.9692479834949552,0.7993314352562756,-2.146086041163597,1.6532962383127732,0.013070675153041056
1455,full+winnable,0.25,2004,national,all,35,1113,94,-0.24639490142541198,0.9692479834949552,0.7993314352562756,-2.146086041163597,1.6532962383127732,0.013070675153041056
451,year+winnable,0.0,all,national,general,35,1549,128,-0.24503859282364113,1.2011948052412094,0.8383568476528245,-2.599337149513016,2.109259963865734,0.06175076632802201
3,none+winnable,0.0,all,all,all,35,7812,522,-0.24501630551988055,0.3738811432328859,0.5122539736841095,-0.9778098807549982,0.48777726971523716,0.05449056566854449
832,year+winnable,1.0,2009,all,all,40,1802,126,-0.244239268849312,5.436943042781491e-10,0.0,-0.24423926991493325,-0.24423926778369073,0.16129397395693645
1594,full+winnable,0.5,2009,all,reserved,30,833,65,-0.2438207752274706,1.1124912813652836,0.8265203818553397,-2.4242636198182423,1.9366220693633012,0.18993628190463951
1162,controls+winnable,0.5,2009,all,reserved,30,833,65,-0.24382077522747037,1.1124912813652834,0.8265203818553398,-2.424263619818242,1.936622069363301,0.1899362819046394
1076,controls+winnable,0.25,2009,regional,general,40,1526,87,-0.24327333789423605,0.43054823868863523,0.5720523060253205,-1.0871323793311158,0.6005857035426436,0.30450112610831215
1508,full+winnable,0.25,2009,regional,general,40,1526,87,-0.24327333789423516,0.4305482386886353,0.572052306025322,-1.087132379331115,0.6005857035426447,0.30450112610831215
559,year+winnable,0.25,all,national,general,35,1547,128,-0.2432249670262702,1.201230532758293,0.8395416167342578,-2.5975935483623864,2.111143614309846,0.06175653195162367
1315,full+winnable,0.0,all,national,general,35,1549,128,-0.24300403794524605,1.1759605380907883,0.8362886595809649,-2.5478443398435333,2.061836263953041,0.09095260778647385
461,year+winnable,0.0,all,regional,general,20,3860,215,-0.24289130162407113,0.3331530081826473,0.4659598764409971,-0.8958591990032377,0.4100765957550955,0.07404722525915786
1646,full+winnable,1.0,all,regional,all,30,1742,119,-0.2427304453370391,0.6908398951013185,0.7253216099101384,-1.5967517588190523,1.111290868144974,0.1396412811335619
137,none+winnable,0.25,all,regional,general,20,2595,150,-0.2412847301059785,0.44352760880053516,0.5864326122676009,-1.1105828695041977,0.6280134092922407,0.052181951704594165
111,none+winnable,0.25,all,all,all,35,6094,430,-0.24111184778056463,0.443458946260123,0.586642936980744,-1.110275411072489,0.6280517155113597,0.05425313097912987
1218,controls+winnable,1.0,all,regional,general,30,1165,76,-0.24087583542640173,0.8903011531502077,0.7867329584734847,-1.9858340309952878,1.5040823601424842,0.0855932576604913
35,none+winnable,0.0,all,regional,reserved,35,1753,126,-0.24061353534780722,0.5214280955369129,0.644475042284276,-1.262593823127467,0.7813667524318526,0.10517798329041583
1407,full+winnable,0.25,all,all,all,35,6094,430,-0.24057773312515163,0.43683389408916434,0.5818184580607276,-1.096756432766298,0.6156009665159948,0.08692204575168816
678,year+winnable,0.5,all,regional,general,30,1794,105,-0.24009421974558354,0.6328342140020297,0.7043944654195686,-1.480426487374275,1.0002380478831079,0.08761447661264776
511,year+winnable,0.0,2009,all,general,35,3279,200,-0.240077890260544,0.5024042583382254,0.6327512818960388,-1.224772142283023,0.744616361761935,0.1554857549892028
1423,full+winnable,0.25,all,national,general,35,1547,128,-0.23919995217330245,1.1759578030552622,0.8388156640066973,-2.5440348935004624,2.0656349891538572,0.0910445256423773
1519,full+winnable,0.5,all,all,general,35,3324,233,-0.23886813423719955,0.7063324328340861,0.7352268722427446,-1.623254263704565,1.1455179952301657,0.08689684188730862
1237,controls+winnable,1.0,2004,national,all,20,1068,91,-0.2385263057861115,0.9992254625775174,0.8113295341331865,-2.1969722248734214,1.7199196133011982,0.014951155815617678
1669,full+winnable,1.0,2004,national,all,20,1068,91,-0.23852630578611128,0.9992254625775167,0.8113295341331865,-2.1969722248734196,1.719919613301197,0.0149511558156179
667,year+winnable,0.5,all,national,general,35,1530,128,-0.2384994855379632,1.2015388450989848,0.8426577752005933,-2.593472347957824,2.1164733768818977,0.062008487801867185
198,none+winnable,0.25,2009,national,general,30,772,64,-0.23838633881120053,2.029818902513938,0.9065096675832165,-4.216758282877138,3.739985605254737,0.11239091343120455
1199,controls+winnable,1.0,all,all,reserved,35,1168,92,-0.2380761054395705,0.9460036823370447,0.8012999398457908,-2.0922092520624482,1.616057041183307,0.08925089312110523
899,controls+winnable,0.0,all,regional,reserved,35,1753,126,-0.2376214425336973,0.5236053732698017,0.6499599654742655,-1.2638691162541602,0.7886262311867656,0.10946606736902686
567,year+winnable,0.25,all,regional,all,35,3898,249,-0.23711335377256745,0.3555267950559937,0.5048134903490205,-0.9339330676212682,0.4597063600761332,0.09969909896702334
339,none+winnable,1.0,all,national,all,35,2051,170,-0.23710821870791546,0.9889958970058594,0.8105268517094973,-2.175504557697285,1.7012881202814538,0.0412355695039186
673,year+winnable,0.5,all,regional,all,20,2735,176,-0.236852105261018,0.4926429487776446,0.6306739795194958,-1.202414542102812,0.728710331580776,0.1026107769933452
439,year+winnable,0.0,all,all,general,35,5409,343,-0.23671987445988177,0.49103862342696497,0.6297491532003991,-1.1991378913948592,0.7256981424750957,0.0656530274095154
90,none+winnable,0.0,2009,national,general,30,774,64,-0.2356166141415888,2.029622247803091,0.9075820858586918,-4.213603122056877,3.7423698937736987,0.1125033564607304
895,controls+winnable,0.0,all,regional,general,35,3860,215,-0.23540462762585215,0.3414707652626739,0.49058138123351835,-0.9046750293140239,0.43386577406231963,0.07748161223581307
191,none+winnable,0.25,2009,all,reserved,35,1118,87,-0.23507918899541738,0.8950524426551508,0.7928258140309853,-1.989349740874115,1.5191913628832803,0.1923108236325135
630,year+winnable,0.25,2009,national,general,30,772,64,-0.23483004647068756,3.865073589194573e-10,0.0,-0.23483004722822806,-0.23483004571314706,0.11055369941999693
975,controls+winnable,0.25,all,all,all,35,6094,430,-0.23470743375000475,0.44226430232729413,0.5956301830474049,-1.1015295379592354,0.6321146704592258,0.06152570627320253
1089,controls+winnable,0.5,all,all,reserved,20,1582,124,-0.23451670943126116,0.7327813514282648,0.7489407334300032,-1.670741766773249,1.2017083479107264,0.06509093295016588
522,year+winnable,0.0,2009,national,general,30,774,64,-0.23324187437884783,1.313877586969619e-10,0.0,-0.23324187463636312,-0.23324187412133254,0.11082205914359866
1440,full+winnable,0.25,all,regional,reserved,40,1303,99,-0.2330090838740779,0.6098684231138867,0.7024135110079741,-1.428329228485531,0.962311060737375,0.08720741913646224
1303,full+winnable,0.0,all,all,general,35,5409,343,-0.23291812980218596,0.4892759550075623,0.6340412156845014,-1.191881380118448,0.7260451205140761,0.07363148463371316
188,none+winnable,0.25,2009,all,general,40,2298,151,-0.23290947323107147,0.8736277864867065,0.7897768864913519,-1.9451884706384643,1.4793695241763214,0.16325467651001946
620,year+winnable,0.25,2009,all,general,40,2298,151,-0.23290947323106787,0.8736277864867059,0.7897768864913549,-1.9451884706384597,1.4793695241763238,0.16325467651001968
1274,controls+winnable,1.0,2009,national,all,30,983,79,-0.2327610010038733,1.7164940176772512,0.8921354732796192,-3.5970274553297448,3.131505453321998,0.13629014398466832
1706,full+winnable,1.0,2009,national,all,30,983,79,-0.23276100100386687,1.7164940176772516,0.8921354732796221,-3.597027455329739,3.1315054533220055,0.13629014398466832
1052,controls+winnable,0.25,2009,all,general,40,2298,151,-0.2325079918425537,0.866795168180303,0.7885156031391352,-1.9313953034492866,1.4663793197641792,0.17143057045406518
1484,full+winnable,0.25,2009,all,general,40,2298,151,-0.232507991842551,0.8667951681803029,0.7885156031391375,-1.9313953034492837,1.4663793197641817,0.17143057045406518
291,none+winnable,0.5,2009,all,all,35,2554,182,-0.23122837807467966,0.8364411972518869,0.7822077747892746,-1.8706229998739414,1.4081662437245819,0.15932970997637186
1562,full+winnable,0.5,2004,national,all,30,1107,94,-0.23086526320863418,0.9712457932612708,0.812113673339798,-2.13447203813676,1.6727415117194917,0.012840651302774453
1130,controls+winnable,0.5,2004,national,all,30,1107,94,-0.23086526320863385,0.9712457932612715,0.8121136733397984,-2.134472038136761,1.6727415117194933,0.012840651302774453
775,year+winnable,1.0,all,national,general,35,1460,121,-0.23020910401325112,1.2495774324923963,0.8538333686651092,-2.679335867592379,2.2189176595658764,0.06167855572608105
241,none+winnable,0.5,all,regional,all,20,2735,176,-0.2294024820120005,0.4941709130719809,0.6424923649050783,-1.1979596738403568,0.7391547098163559,0.07106858114828096
999,controls+winnable,0.25,all,regional,all,35,3898,249,-0.22909169385666955,0.3579555451366243,0.5221723360903466,-0.9306716703908549,0.4724882826775158,0.0841665374244015
547,year+winnable,0.25,all,all,general,35,4142,278,-0.22872916991657397,0.5970059145681206,0.7016254956960777,-1.3988392610274867,0.9413809211943388,0.06857129675034623
1022,controls+winnable,0.25,2004,national,all,30,1113,94,-0.22769309795152423,0.9712024972808787,0.8146399038403662,-2.1312150143174065,1.675828818414358,0.012928610783908723
914,controls+winnable,0.0,2004,national,all,30,1113,94,-0.22769309795152423,0.9712024972808787,0.8146399038403662,-2.1312150143174065,1.675828818414358,0.012928610783908723
1454,full+winnable,0.25,2004,national,all,30,1113,94,-0.22769309795152332,0.9712024972808788,0.814639903840367,-2.1312150143174056,1.675828818414359,0.012928610783908723
1346,full+winnable,0.0,2004,national,all,30,1113,94,-0.22769309795152332,0.9712024972808788,0.814639903840367,-2.1312150143174056,1.675828818414359,0.012928610783908723
1435,full+winnable,0.25,all,regional,general,35,2595,150,-0.22646283169073958,0.44627170171912456,0.6118355633835381,-1.1011392943796254,0.6482136309981463,0.09735435829371375
1587,full+winnable,0.5,2009,all,all,35,2554,182,-0.22626141714327472,0.8267104749925395,0.784323767612016,-1.846584173770653,1.3940613394841037,0.17199526964234613
1155,controls+winnable,0.5,2009,all,all,35,2554,182,-0.22626141714326584,0.8267104749925399,0.7843237676120245,-1.846584173770645,1.3940613394841135,0.17199526964234613
1531,full+winnable,0.5,all,national,general,35,1530,128,-0.22480910566459353,1.1761061779768833,0.8484104670187601,-2.52993485649434,2.0803166451651527,0.09138656545670465
9,none+winnable,0.0,all,all,reserved,20,2403,179,-0.223952184803418,0.5384828828039809,0.6774870473410441,-1.2793592413905235,0.8314548717836874,0.05590842078168068
1191,controls+winnable,1.0,all,all,all,35,3793,289,-0.22393541354780028,0.6400086936095871,0.7264180018200859,-1.4783294028151213,1.0304585757195208,0.06859072565413205
245,none+winnable,0.5,all,regional,general,20,1794,105,-0.22338889031527706,0.6186098565649438,0.7180139734805966,-1.4358419296640557,0.9890641490335016,0.061273092874713275
29,none+winnable,0.0,all,regional,general,20,3860,215,-0.2225249768371483,0.33397922434490196,0.5052296606616599,-0.877112228137779,0.43206227446348233,0.057403933498303195
360,none+winnable,1.0,all,regional,reserved,40,577,43,-0.22056980956158878,1.1139300871084619,0.8430368794440399,-2.403832661589739,1.9626930424665616,0.06118851524141988
1003,controls+winnable,0.25,all,regional,general,35,2595,150,-0.21837673934459043,0.44513891148976464,0.6237227526956695,-1.090832973981892,0.6540794952927111,0.08033527901162463
223,none+winnable,0.5,all,all,general,35,3324,233,-0.21618872993193317,0.7179848029801893,0.7633345178017505,-1.6234130852201907,1.1910356253563243,0.0503749071129147
570,year+winnable,0.25,all,regional,general,30,2595,150,-0.21548861090255725,0.4498142243844941,0.6318949824440914,-1.0971082904299843,0.6661310686248697,0.07249187831626036
1521,full+winnable,0.5,all,all,reserved,20,1582,124,-0.21512768386201278,0.7175514796734733,0.7643236022951574,-1.6215027410754452,1.1912473733514195,0.10245053305917984
1411,full+winnable,0.25,all,all,general,35,4142,278,-0.21461046206269774,0.59339410962315,0.7176016526389015,-1.3776415455622844,0.948420621436889,0.07979251021524814
1207,controls+winnable,1.0,all,national,general,35,1460,121,-0.21422905219067,1.2499665495640118,0.8639188249066403,-2.6641184712159336,2.2356603668345936,0.0523675088243597
1378,full+winnable,0.0,2009,all,reserved,30,1482,112,-0.2140948012054589,0.6931660517022634,0.75742414652049,-1.5726752978477243,1.1444856954368066,0.19904999451147054
946,controls+winnable,0.0,2009,all,reserved,30,1482,112,-0.21409480120545746,0.6931660517022633,0.7574241465204915,-1.5726752978477228,1.1444856954368077,0.19904999451147054
1431,full+winnable,0.25,all,regional,all,35,3898,249,-0.21385323148793825,0.3568483878329768,0.5489840719494654,-0.9132632195817539,0.4855567566058775,0.1070557782998488
462,year+winnable,0.0,all,regional,general,30,3860,215,-0.21377774078711684,0.33617146242828905,0.5248293720455062,-0.8726616997767234,0.44510621820248963,0.07174226299328201
723,year+winnable,0.5,2009,all,all,35,2554,182,-0.21295598693606477,7.27840502684902e-10,0.0,-0.21295598836260593,-0.2129559855095236,0.1581350151605706
758,year+winnable,1.0,all,all,all,30,3793,289,-0.21230792757031086,0.6347585278740541,0.7380246366468534,-1.4564117810831207,1.0317959259424991,0.08635199708303609
99,none+winnable,0.0,2009,regional,all,35,3675,225,-0.2117531338452307,0.3458091261029741,0.5403121154652124,-0.8895265665323298,0.4660202988418684,0.23846032808337336
514,year+winnable,0.0,2009,all,reserved,30,1482,112,-0.2116516324292135,1.4584738934228924e-09,0.0,-0.2116516352877698,-0.2116516295706572,0.18880683804903753
183,none+winnable,0.25,2009,all,all,35,3416,238,-0.21155188063467195,0.6413456153206423,0.7415085576337807,-1.4685661883058108,1.045462427036467,0.16196488135887133
531,year+winnable,0.0,2009,regional,all,35,3675,225,-0.21144913209256816,1.6795619784315569e-09,0.0,-0.21144913538444915,-0.21144912880068717,0.23844852618197288
963,controls+winnable,0.0,2009,regional,all,35,3675,225,-0.21118847264549678,0.3458992880473813,0.5414981790029074,-0.8891386194964102,0.4667616742054166,0.24003513567786094
1395,full+winnable,0.0,2009,regional,all,35,3675,225,-0.2111884726454931,0.3458992880473816,0.5414981790029149,-0.8891386194964072,0.4667616742054209,0.24003513567786094
1561,full+winnable,0.5,2004,national,all,20,1107,94,-0.2107657477765485,0.9666678738497185,0.8274031971110998,-2.105399965533905,1.6838684699808082,0.013930662602387733
1129,controls+winnable,0.5,2004,national,all,20,1107,94,-0.21076574777654747,0.9666678738497186,0.8274031971111007,-2.1053999655339046,1.6838684699808095,0.013930662602387733
576,year+winnable,0.25,all,regional,reserved,40,1303,99,-0.2099732488050907,0.6096575400680043,0.7305366183861532,-1.4048800702416642,0.9849335726314827,0.08451547827794137
1325,full+winnable,0.0,all,regional,general,20,3860,215,-0.2090071611620347,0.3348048859927754,0.5324531948109714,-0.8652126795559133,0.447198357231844,0.08307327163339906
115,none+winnable,0.25,all,all,general,35,4142,278,-0.20881349850175712,0.6029289927541482,0.7290933537927412,-1.3905326095348989,0.9729056125313846,0.047527550462861834
1087,controls+winnable,0.5,all,all,general,35,3324,233,-0.20789083664199282,0.715197273667854,0.7712989640171992,-1.6096517348722235,1.1938700615882376,0.05936684137053594
873,controls+winnable,0.0,all,all,reserved,20,2403,179,-0.20737635081811787,0.5388703041041266,0.7003593948361977,-1.2635427392003526,0.8487900375641169,0.06250199426752723
1224,controls+winnable,1.0,all,regional,reserved,40,577,43,-0.2069338407445172,1.1180228476656955,0.8531591521779643,-2.3982183560621917,1.9843506745731572,0.06343078811633851
1453,full+winnable,0.25,2004,national,all,20,1113,94,-0.2066773972720168,0.966745809158049,0.8307133962460893,-2.1014643654268252,1.6881095708827916,0.013985632963917971
1345,full+winnable,0.0,2004,national,all,20,1113,94,-0.2066773972720168,0.966745809158049,0.8307133962460893,-2.1014643654268252,1.6881095708827916,0.013985632963917971
1021,controls+winnable,0.25,2004,national,all,20,1113,94,-0.20667739727201614,0.9667458091580493,0.8307133962460899,-2.1014643654268252,1.688109570882793,0.013985632963917971
913,controls+winnable,0.0,2004,national,all,20,1113,94,-0.20667739727201614,0.9667458091580493,0.8307133962460899,-2.1014643654268252,1.688109570882793,0.013985632963917971
1047,controls+winnable,0.25,2009,all,all,35,3416,238,-0.20656304697603478,0.6359856271621976,0.7453384959041127,-1.4530719708990607,1.0399458769469914,0.1718499642104373
1479,full+winnable,0.25,2009,all,all,35,3416,238,-0.20656304697602634,0.6359856271621982,0.745338495904123,-1.4530719708990536,1.0399458769470007,0.1718499642104374
1170,controls+winnable,0.5,2009,national,general,30,759,64,-0.2061245205563861,1.9904943833459205,0.9175229490526599,-4.107421823343654,3.695172782230882,0.14424376439792908
1602,full+winnable,0.5,2009,national,general,30,759,64,-0.2061245205563821,1.9904943833459203,0.9175229490526614,-4.10742182334365,3.6951727822308857,0.14424376439792908
1386,full+winnable,0.0,2009,national,general,30,774,64,-0.2059867181826061,1.9888651240854307,0.9175106131736679,-4.104090731497836,3.6921172951326238,0.1451013939764002
954,controls+winnable,0.0,2009,national,general,30,774,64,-0.20598671818259742,1.9888651240854305,0.9175106131736713,-4.104090731497827,3.6921172951326318,0.1451013939764002
344,none+winnable,1.0,all,national,general,40,1460,121,-0.2053984694258441,1.2632331441391889,0.870835406452667,-2.6812899360159492,2.270492997164261,0.03664802055106142
138,none+winnable,0.25,all,regional,general,30,2595,150,-0.2050118636050116,0.44836228230705094,0.6474942328147486,-1.0837857889530118,0.6737620617429885,0.05271123347478435
1062,controls+winnable,0.25,2009,national,general,30,772,64,-0.20373886848353137,1.9891257205960726,0.9184182768715005,-4.102353641574116,3.6948759046070534,0.14498688675434268
1494,full+winnable,0.25,2009,national,general,30,772,64,-0.2037388684835193,1.9891257205960726,0.9184182768715052,-4.102353641574104,3.6948759046070654,0.14498688675434268
1007,controls+winnable,0.25,all,regional,reserved,35,1303,99,-0.20358283452551718,0.605362295177211,0.7366452793632987,-1.3900711306713558,0.9829054616203216,0.10017815572803768
7,none+winnable,0.0,all,all,general,35,5409,343,-0.2022625044702492,0.4954902362745409,0.6831218256176947,-1.1734055222595914,0.7688805133190929,0.047704658001381794
871,controls+winnable,0.0,all,all,general,35,5409,343,-0.2021848325750418,0.494239373468891,0.6824788896353058,-1.1708762043157093,0.7665065391656257,0.05473474262031419
979,controls+winnable,0.25,all,all,general,35,4142,278,-0.2021099683548213,0.6003241562729594,0.7363671444549328,-1.3787236936992169,0.9745037569895743,0.05656543765040756
1195,controls+winnable,1.0,all,all,general,35,2625,197,-0.20126176603993093,0.8316782985733007,0.8087842460626342,-1.8313212779671502,1.4287977458872883,0.06335914784944408
674,year+winnable,0.5,all,regional,all,30,2735,176,-0.20105120239571217,0.49280016177546326,0.6832904552746921,-1.1669217710511324,0.764819366259708,0.10571003647690247
25,none+winnable,0.0,all,regional,all,20,5613,341,-0.1992629638898186,0.2860027578145025,0.4859799604747286,-0.759818068685375,0.3612921409057379,0.06972378799010703
143,none+winnable,0.25,all,regional,reserved,35,1303,99,-0.19911871107214382,0.6041213778229189,0.7417018411462273,-1.3831748538957793,0.9849374317514917,0.09603871623811666
1111,controls+winnable,0.5,all,regional,general,35,1794,105,-0.19818333895956444,0.6228046282753912,0.7503248218573018,-1.4188579797841874,1.0224913018650585,0.08836395341655556
82,none+winnable,0.0,2009,all,reserved,30,1482,112,-0.1977317539752861,0.6943989540022777,0.775833858577921,-1.558728694722036,1.1632651867714638,0.1907803371715736
615,year+winnable,0.25,2009,all,all,35,3416,238,-0.1977015373672566,4.622777631638013e-10,0.0,-0.19770153827330436,-0.19770153646120883,0.16088537423907778
359,none+winnable,1.0,all,regional,reserved,35,577,43,-0.19721947395030615,1.1864030024062915,0.8679734951970657,-2.5225266298168245,2.1280876819162122,0.10191843971378134
1541,full+winnable,0.5,all,regional,general,20,1794,105,-0.19634447774623254,0.633435542858792,0.7565856158307509,-1.4378553282770428,1.0451663727845775,0.10075343677518434
30,none+winnable,0.0,all,regional,general,30,3860,215,-0.1953421675030294,0.3365519960660381,0.561630103121384,-0.85497195871753,0.4642876237114712,0.05596709136559852
242,none+winnable,0.5,all,regional,all,30,2735,176,-0.1940031090267624,0.49457503111185186,0.6948644613542573,-1.1633523576587688,0.7753461396052439,0.07464132644608368
893,controls+winnable,0.0,all,regional,general,20,3860,215,-0.1917492910943006,0.3354027239588475,0.5675261358547088,-0.8491265503702713,0.46562796818167007,0.06494157677408119
350,none+winnable,1.0,all,regional,all,30,1742,119,-0.1916608711339844,0.6792043813113455,0.7778021303955146,-1.5228769966460314,1.1395552543780625,0.0863788734466826
346,none+winnable,1.0,all,national,reserved,30,591,49,-0.19067670936455722,1.4490782827301891,0.8953126906150615,-3.0308179542948777,2.6494645355657633,0.048060973010692565
661,year+winnable,0.5,all,national,all,20,2171,181,-0.1905975639038516,0.9228248999534533,0.8363714002674916,-1.9993011318493985,1.6181060040416955,0.06850455295610358
187,none+winnable,0.25,2009,all,general,35,2298,151,-0.1899596282777634,0.8777270282530221,0.8286586509213864,-1.910272991911057,1.5303537353555303,0.15181643394120337
619,year+winnable,0.25,2009,all,general,35,2298,151,-0.18995962827776106,0.8777270282530221,0.8286586509213885,-1.9102729919110548,1.5303537353555325,0.1518164339412036
1433,full+winnable,0.25,all,regional,general,20,2595,150,-0.18874921568689387,0.4492728482635051,0.6743966438579255,-1.0693078175150925,0.6918093861413047,0.08612555940051636
226,none+winnable,0.5,all,all,reserved,30,1582,124,-0.18834827147498998,0.7309995027629621,0.7966704389509252,-1.6210809696070834,1.2443844266571034,0.07124383217756436
649,year+winnable,0.5,all,all,all,20,4906,357,-0.1867459916059716,0.5230761501172888,0.7210806338071913,-1.2119564070077242,0.8384644237957811,0.08190667102415505
1001,controls+winnable,0.25,all,regional,general,20,2595,150,-0.18505213891592348,0.4474836312275113,0.6792114184285651,-1.0621039397930487,0.6919996619612017,0.06271459488532727
658,year+winnable,0.5,all,all,reserved,30,1582,124,-0.18442953080571478,0.7141803102562964,0.7962221131604786,-1.5841972173756975,1.2153381557642677,0.10283931896323828
445,year+winnable,0.0,all,national,all,20,2199,181,-0.18330913904696153,0.922681464144801,0.8425208820829342,-1.9917315779734566,1.6251132998795337,0.06822545378153155
553,year+winnable,0.25,all,national,all,20,2196,181,-0.183121886163234,0.9227068473995047,0.8426839183773551,-1.9915940753547587,1.6253503030282908,0.0682128141308963
457,year+winnable,0.0,all,regional,all,20,5613,341,-0.18225879797137495,0.28359015397468035,0.5204292944826914,-0.7380852861319169,0.37356769018916697,0.09105260389283854
1483,full+winnable,0.25,2009,all,general,35,2298,151,-0.17962946815918734,0.8674343245063778,0.8359463294705847,-1.8797695031455177,1.5205105668271433,0.16310462496481137
1051,controls+winnable,0.25,2009,all,general,35,2298,151,-0.1796294681591822,0.8674343245063779,0.8359463294705893,-1.8797695031455128,1.5205105668271486,0.16310462496481126
26,none+winnable,0.0,all,regional,all,30,5613,341,-0.17887616632565745,0.2852717621742494,0.5306344847069113,-0.7379985459934619,0.3802462133421471,0.0707724814287728
410,none+winnable,1.0,2009,national,all,30,983,79,-0.1787582411053744,1.7496188614148327,0.9186218838971685,-3.6079481961504225,3.2504317139396735,0.10836826888650142
1326,full+winnable,0.0,all,regional,general,30,3860,215,-0.1786983692076383,0.33759345803576873,0.5965764985470856,-0.840369388374079,0.4829726499588025,0.07923956936072662
117,none+winnable,0.25,all,all,reserved,20,1952,152,-0.17557984608977573,0.5998809025375037,0.7697582161446705,-1.3513248100766653,1.0001651178971138,0.05482459872363321
133,none+winnable,0.25,all,regional,all,20,3898,249,-0.1744219757437704,0.3552765644879797,0.623463909395189,-0.8707512466913325,0.5219072952037918,0.06372479544996446
1497,full+winnable,0.25,2009,national,reserved,20,311,23,-0.17326198299160386,2.4221890470999607,0.9429750290250604,-4.920665279054919,4.574141313071712,0.13707029548220806
1065,controls+winnable,0.25,2009,national,reserved,20,311,23,-0.17326198299159956,2.4221890470999576,0.9429750290250617,-4.920665279054909,4.57414131307171,0.13707029548220828
217,none+winnable,0.5,all,all,all,20,4906,357,-0.17132934908797842,0.5300553596472344,0.7465216980645748,-1.2102187638089832,0.8675600656330265,0.052498558937612794
889,controls+winnable,0.0,all,regional,all,20,5613,341,-0.17018060844383798,0.2855601439577281,0.5512061948862093,-0.7298682060210582,0.3895069891333822,0.07740704326311076
1331,full+winnable,0.0,all,regional,reserved,35,1753,126,-0.1691812608709708,0.51366285525578,0.741881739949608,-1.1759419573683105,0.8375794356263688,0.14008532508938787
1223,controls+winnable,1.0,all,regional,reserved,35,577,43,-0.16871745434100868,1.1958695101058656,0.8878039794742569,-2.5125786243580635,2.175143715676046,0.10856543997512813
441,year+winnable,0.0,all,all,reserved,20,2403,179,-0.16758739116091545,0.5297022223173145,0.7517138060986956,-1.2057846694336805,0.8706098871118496,0.0841281289171042
246,none+winnable,0.5,all,regional,general,30,1794,105,-0.16733283591842538,0.6266597499316069,0.7894511212693526,-1.3955633763452515,1.0608977045084007,0.0624408860820479
1642,full+winnable,1.0,all,national,reserved,30,591,49,-0.166194133208028,1.4517399450344992,0.9088578762750367,-3.011552140393804,2.679163873977748,0.08937550688733942
343,none+winnable,1.0,all,national,general,35,1460,121,-0.16413778537321977,1.267838418093289,0.8969915372338688,-2.6490554230523014,2.3207798523058614,0.033439743465945915
1389,full+winnable,0.0,2009,national,reserved,20,312,23,-0.1640936961942684,2.4216871499217376,0.9459766284208084,-4.910513291864325,4.582325899475787,0.13687759933939614
957,controls+winnable,0.0,2009,national,reserved,20,312,23,-0.1640936961942635,2.4216871499217385,0.9459766284208101,-4.910513291864321,4.582325899475794,0.13687759933939603
229,none+winnable,0.5,all,national,all,20,2171,181,-0.1640766285757819,0.9391972779360938,0.861316318134973,-2.004869467708581,1.676716210557017,0.03916341416187141
894,controls+winnable,0.0,all,regional,general,30,3860,215,-0.1633836649524409,0.33775260471707463,0.6285720408229498,-0.8253666058825004,0.4985992759776186,0.062287773111996625
1305,full+winnable,0.0,all,all,reserved,20,2403,179,-0.16336812720561503,0.5291663374542789,0.7575289283487888,-1.2005150904469704,0.8737788360357402,0.09367943884138341
103,none+winnable,0.0,2009,regional,general,35,2505,136,-0.16205506930579375,0.37822403895715667,0.6683139448489239,-0.9033605637490951,0.5792504251375077,0.22365196491073813
535,year+winnable,0.0,2009,regional,general,35,2505,136,-0.16205506930578814,0.37822403895715656,0.6683139448489348,-0.9033605637490894,0.579250425137513,0.22365196491073813
458,year+winnable,0.0,all,regional,all,30,5613,341,-0.16159449776953952,0.28288107443616517,0.5678333425525313,-0.7160312155724174,0.39284222003333846,0.0915309056951864
1625,full+winnable,1.0,all,all,general,20,2625,197,-0.16007884609161302,0.8144566604260006,0.8441822099202875,-1.7563845674953429,1.436226875312117,0.11245543391088664
1,none+winnable,0.0,all,all,all,20,7812,522,-0.15779554242658106,0.371391370351703,0.6709265557198438,-0.8857092524848957,0.5701181676317337,0.04880823819793112
842,year+winnable,1.0,2009,national,all,30,983,79,-0.15705772802677445,1.535536508621034e-10,0.0,-0.15705772832773407,-0.15705772772581483,0.10696210891950542
1210,controls+winnable,1.0,all,national,reserved,30,591,49,-0.1565886907714863,1.4710198780630461,0.9152260658620044,-3.0397346723175587,2.726557290774586,0.05788403496586525
967,controls+winnable,0.0,2009,regional,general,35,2505,136,-0.1564425981759696,0.37866207511541505,0.6794998878107272,-0.8986066277133837,0.5857214313614445,0.2249827419860455
1399,full+winnable,0.0,2009,regional,general,35,2505,136,-0.15644259817596776,0.3786620751154152,0.6794998878107309,-0.8986066277133822,0.5857214313614467,0.2249827419860454
1403,full+winnable,0.0,2009,regional,reserved,35,1170,89,-0.15562151121286574,0.6538760673795779,0.8118822718535001,-1.4371950536295242,1.1259520312037925,0.29620511991607335
971,controls+winnable,0.0,2009,regional,reserved,35,1170,89,-0.1556215112128619,0.6538760673795788,0.8118822718535048,-1.437195053629522,1.1259520312037983,0.29620511991607335
981,controls+winnable,0.25,all,all,reserved,20,1952,152,-0.1553023802676773,0.5988870566764596,0.7953896520552486,-1.3290994421607363,1.0184946816253815,0.06164738716487517
1321,full+winnable,0.0,all,regional,all,20,5613,341,-0.15449203146676663,0.2831610501804554,0.5853424723011624,-0.7094774916449982,0.400493428711465,0.10044241658226916
1626,full+winnable,1.0,all,all,general,30,2625,197,-0.15303848927612573,0.8266914926145964,0.8531336245229186,-1.7733240411263949,1.4672470625741432,0.09698683145840781
329,none+winnable,1.0,all,all,general,20,2625,197,-0.15302673761548355,0.8333352449847128,0.8543024213090173,-1.7863338048333832,1.4802803296024163,0.0558834374201308
549,year+winnable,0.25,all,all,reserved,20,1952,152,-0.15246403890069005,0.5909291697959498,0.7964012742357458,-1.3106639291149058,1.005735851313526,0.0847824270461448
662,year+winnable,0.5,all,national,all,30,2171,181,-0.15229304767165708,0.928649522194377,0.8697357841564292,-1.9724126654329657,1.6678265700896515,0.06539097684820594
446,year+winnable,0.0,all,national,all,30,2199,181,-0.15195363393414488,0.9283163744513179,0.8699772877932888,-1.9714202941175267,1.6675130262492368,0.06519271181420472
1439,full+winnable,0.25,all,regional,reserved,35,1303,99,-0.15112486516369594,0.5950828044968005,0.7995295294264244,-1.317465729796515,1.015215999469123,0.1375235823376999
554,year+winnable,0.25,all,national,all,30,2196,181,-0.15101076456429008,0.9283522170313416,0.8707819079850374,-1.9705476749136315,1.668526145785051,0.06518873492442079
565,year+winnable,0.25,all,regional,all,20,3898,249,-0.15086778213048935,0.35357168683301826,0.6696004395922563,-0.84385555427628,0.5421199900153013,0.08953253645952919
467,year+winnable,0.0,all,regional,reserved,35,1753,126,-0.15048844135962147,0.5116768306599425,0.7686750911878251,-1.153356601176709,0.852379718457466,0.13462217047927172
890,controls+winnable,0.0,all,regional,all,30,5613,341,-0.14992756054900686,0.2847709624660627,0.5985514655533646,-0.7080683908252974,0.4082132697272836,0.0775134579450042
134,none+winnable,0.25,all,regional,all,30,3898,249,-0.1494060280550349,0.35535306525013305,0.674161204916849,-0.8458852377412075,0.5470731816311377,0.06578241226828319
433,year+winnable,0.0,all,all,all,20,7812,522,-0.14928142288894264,0.36649417650960747,0.6837709417452433,-0.8675968093914388,0.5690339636135535,0.07264517133976811
121,none+winnable,0.25,all,national,all,20,2196,181,-0.14877578022845017,0.939095337171074,0.8741222497909126,-1.989368819133254,1.6918172586763536,0.03894628305452186
1592,full+winnable,0.5,2009,all,general,40,1721,117,-0.1487380770231041,1.1131307042684553,0.8937019654970694,-2.330434167474982,2.032958013428774,0.17093105459341107
1160,controls+winnable,0.5,2009,all,general,40,1721,117,-0.14873807702309694,1.1131307042684553,0.8937019654970745,-2.330434167474975,2.032958013428781,0.17093105459341107
650,year+winnable,0.5,all,all,all,30,4906,357,-0.14815960774887582,0.5250037352185448,0.7777849683909173,-1.1771480205262264,0.8808288050284747,0.08176491457340085
13,none+winnable,0.0,all,national,all,20,2199,181,-0.14713323833910327,0.9390822692547789,0.875498872657114,-1.9877006645986157,1.6934341879204091,0.038929559881658915
1434,full+winnable,0.25,all,regional,general,30,2595,150,-0.1469795861111272,0.45443069879868353,0.7463645050951406,-1.0376473892259162,0.7436882170036617,0.08409042923728971
109,none+winnable,0.25,all,all,all,20,6094,430,-0.14593584176144597,0.4412832257172081,0.740865146627536,-1.0108350711488332,0.7189633876259414,0.04805293961543544
1002,controls+winnable,0.25,all,regional,general,30,2595,150,-0.14530937631043384,0.4520292315795547,0.7478617205301841,-1.0312703901656768,0.740651637544809,0.06197655062118401
10,none+winnable,0.0,all,all,reserved,30,2403,179,-0.14419559956619465,0.5336962740246308,0.7870195582435016,-1.1902210753376905,0.9018298762053013,0.06979876486278747
107,none+winnable,0.0,2009,regional,reserved,35,1170,89,-0.1441622861670111,0.6450879705181125,0.8231643279570515,-1.4085114752425478,1.1201869029085256,0.29426292839846824
539,year+winnable,0.0,2009,regional,reserved,35,1170,89,-0.14357138672412184,3.2470145962666037e-10,0.0,-0.14357138736052502,-0.14357138608771866,0.29424931838386126
1109,controls+winnable,0.5,all,regional,general,20,1794,105,-0.1396082207857862,0.6265056622668632,0.8236628937141273,-1.367536754939253,1.0883203133676804,0.07145670877351518
541,year+winnable,0.25,all,all,all,20,6094,430,-0.1364023215422788,0.4355708955808062,0.7541609554237706,-0.9901055895945156,0.7173009465099579,0.07454971849317626
1413,full+winnable,0.25,all,all,reserved,20,1952,152,-0.13465073992511845,0.5889129541387385,0.8191465122706357,-1.2888989200661345,1.0195974402158976,0.09599500621643275
1322,full+winnable,0.0,all,regional,all,30,5613,341,-0.13416194619189728,0.28239179075804255,0.6347217397314815,-0.6876396856074315,0.419315793223637,0.09969933793861319
1105,controls+winnable,0.5,all,regional,all,20,2735,176,-0.1317639993333427,0.4936701985032013,0.7895408173263785,-1.0993398086403565,0.8358118099736712,0.08095287160234954
296,none+winnable,0.5,2009,all,general,40,1721,117,-0.1312446023588958,1.1240527425426783,0.9070500983313745,-2.334347494466019,2.0718582897482274,0.16042907459228806
437,year+winnable,0.0,all,all,general,20,5409,343,-0.13100351400422683,0.48583643135059795,0.7874331404632435,-1.0832254218288653,0.8212183938204116,0.06824269387035897
301,none+winnable,0.5,2009,national,all,20,1064,87,-0.13046744815533778,1.6038505061135493,0.9351664826254588,-3.273956676724232,3.0130217804135566,0.11807171814981654
1542,full+winnable,0.5,all,regional,general,30,1794,105,-0.12913257645841353,0.6413549005287555,0.8404300688411579,-1.3861650828030432,1.1278999298862162,0.09881409734604873
728,year+winnable,0.5,2009,all,general,40,1721,117,-0.12750395723522603,9.939288466187224e-10,0.0,-0.12750395918329077,-0.1275039552871613,0.16003422218296792
1537,full+winnable,0.5,all,regional,all,20,2735,176,-0.12745361100435673,0.4923085292969783,0.7957203399814017,-1.0923605977083164,0.8374533756996029,0.11610213557492088
997,controls+winnable,0.25,all,regional,all,20,3898,249,-0.12735873199324074,0.3555115270725143,0.720163120574625,-0.8241485211442052,0.5694310571577237,0.07343238455911782
733,year+winnable,0.5,2009,national,all,20,1064,87,-0.12703149413966852,0.6290915639838075,0.8399726482291552,-1.3600283025259063,1.105965314246569,0.1166575972360937
218,none+winnable,0.5,all,all,all,30,4906,357,-0.12652381542865754,0.5320990981164181,0.8120498483423446,-1.1694188839430817,0.9163712530857665,0.05416801240126856
575,year+winnable,0.25,all,regional,reserved,35,1303,99,-0.12614606519009028,0.5944381518163567,0.8319427527769702,-1.2912234337867023,1.0389313034065217,0.13112221471981167
653,year+winnable,0.5,all,all,general,20,3324,233,-0.12613634037034316,0.705504872336769,0.8581035723331656,-1.508900481067939,1.2566278003272529,0.07885803980469286
417,none+winnable,1.0,2009,national,reserved,20,272,22,-0.12603961906221572,2.5369674382394756,0.9603764280155762,-5.098404427962432,4.846325189838,0.11140676789388215
849,year+winnable,1.0,2009,national,reserved,20,272,22,-0.12603961906220884,2.5369674382394756,0.9603764280155784,-5.098404427962425,4.846325189838007,0.11140676789388215
566,year+winnable,0.25,all,regional,all,30,3898,249,-0.12537952970499522,0.35358510264866294,0.722892979615785,-0.8183935963662726,0.5676345369562822,0.09110879151458073
2,none+winnable,0.0,all,all,all,30,7812,522,-0.12486354359654718,0.37184540315537334,0.7370260359795491,-0.8536671415978555,0.6039400544047612,0.051495114063441316
1173,controls+winnable,0.5,2009,national,reserved,20,305,23,-0.1238307646487869,2.430616134816907,0.9593683553001133,-4.887750849131877,4.640089319834304,0.13945499007308226
1605,full+winnable,0.5,2009,national,reserved,20,305,23,-0.123830764648783,2.430616134816912,0.9593683553001147,-4.8877508491318835,4.640089319834317,0.13945499007308215
434,year+winnable,0.0,all,all,all,30,7812,522,-0.12229047314459678,0.36719249332004306,0.7391026808379064,-0.8419745354453455,0.597393589156152,0.07340985065481687
438,year+winnable,0.0,all,all,general,30,5409,343,-0.12179361279302729,0.48877172327486496,0.8032192153877625,-1.0797685870733402,0.8361813614872857,0.06493075647223034
865,controls+winnable,0.0,all,all,all,20,7812,522,-0.12075987304309974,0.3693810985026595,0.7437246990856147,-0.8447335226781545,0.603213776591955,0.058702057164366384
545,year+winnable,0.25,all,all,general,20,4142,278,-0.12011783500457526,0.5930782843263241,0.8395001801675173,-1.2825299122969767,1.042294242287826,0.07043783957772343
1090,controls+winnable,0.5,all,all,reserved,30,1582,124,-0.11997515142708509,0.7285127928618287,0.8691919001178112,-1.5478339877129579,1.3078836848587878,0.07820821793936261
113,none+winnable,0.25,all,all,general,20,4142,278,-0.11996672283813216,0.6004487574837022,0.8416408294124665,-1.2968246620680137,1.0568912163917492,0.045292485266275495
330,none+winnable,1.0,all,all,general,30,2625,197,-0.11896754682479012,0.8420692434806022,0.8876487449659731,-1.7693929365356602,1.53145784288608,0.049321795271091706
533,year+winnable,0.0,2009,regional,general,20,2505,136,-0.11764465997780961,0.3376736396115893,0.7275416617160255,-0.7794728321450825,0.5441835121894633,0.240726524616245
101,none+winnable,0.0,2009,regional,general,20,2505,136,-0.11764465997780336,0.33767363961158886,0.7275416617160391,-0.7794728321450753,0.5441835121894686,0.24072652461624489
874,controls+winnable,0.0,all,all,reserved,30,2403,179,-0.11543693137666511,0.533922073801981,0.8288275045861021,-1.1619049665794847,0.9310311038261544,0.07649868802068183
5,none+winnable,0.0,all,all,general,20,5409,343,-0.11509575104092833,0.4916787542127153,0.8149172067671786,-1.0787684012613716,0.8485768991795151,0.046136589747604484
230,none+winnable,0.5,all,national,all,30,2171,181,-0.11148104106313107,0.9451533575479104,0.906107105652833,-1.9639475817241439,1.7409854995978817,0.03824398787151262
654,year+winnable,0.5,all,all,general,30,3324,233,-0.10965574737732287,0.7114238060881156,0.8775028054432799,-1.5040207850544367,1.2847092902997912,0.07402195824475954
1297,full+winnable,0.0,all,all,all,20,7812,522,-0.10895619954351916,0.3638109447924139,0.7645694308935383,-0.8220125485181403,0.6041001494311019,0.08528208362745116
546,year+winnable,0.25,all,all,general,30,4142,278,-0.10731441432179614,0.5972128660393229,0.8573943217094246,-1.2778301228628128,1.0632012942192206,0.06696490391130472
110,none+winnable,0.25,all,all,all,30,6094,430,-0.10668850050185455,0.4424866095898486,0.8094688920490517,-0.9739463189391935,0.7605693179354844,0.0503467146537081
765,year+winnable,1.0,all,all,reserved,20,1168,92,-0.1052005469700531,0.9009241861882813,0.9070426432897893,-1.8709795047001423,1.6605784107600363,0.09327512208328648
1522,full+winnable,0.5,all,all,reserved,30,1582,124,-0.10391772880492883,0.7094299985657581,0.8835420070680603,-1.4943749755461169,1.286539517936259,0.11487366430285839
542,year+winnable,0.25,all,all,all,30,6094,430,-0.10313078528713666,0.4368816742352358,0.813385228994722,-0.9594031322937593,0.7531415617194859,0.07499090242466011
122,none+winnable,0.25,all,national,all,30,2196,181,-0.10161629679773287,0.9447687199740231,0.9143472696340571,-1.9533289616668257,1.7500963680713602,0.03822212221670984
769,year+winnable,1.0,all,national,all,20,2051,170,-0.10133872637544161,0.969859013279646,0.9167820107480842,-2.0022274624851017,1.7995500097342183,0.06765926788750987
998,controls+winnable,0.25,all,regional,all,30,3898,249,-0.10125401439459777,0.3555717427366986,0.7758249919984335,-0.7981618240786686,0.595653795289473,0.074469970270988
14,none+winnable,0.0,all,national,all,30,2199,181,-0.10060481925599735,0.9447234577584304,0.9151925660682929,-1.952228771812668,1.7510191333006733,0.03822583514960587
1429,full+winnable,0.25,all,regional,all,20,3898,249,-0.10049461060229314,0.3539994018990622,0.7764996153071053,-0.7943206888731751,0.5933314676685888,0.10234163337583779
6,none+winnable,0.0,all,all,general,30,5409,343,-0.09982741857916186,0.4938225813676769,0.8397975863522558,-1.067701892812409,0.8680470556540852,0.04529801873695238
114,none+winnable,0.25,all,all,general,30,4142,278,-0.09928065929813983,0.6037609785719231,0.8693871182952702,-1.2826304325697686,1.0840691139734888,0.04426021670265501
513,year+winnable,0.0,2009,all,reserved,20,1482,112,-0.0988484789970788,0.17049443917111487,0.5620660994588716,-0.43301143933681896,0.2353144813426614,0.15984507489634048
325,none+winnable,1.0,all,all,all,20,3793,289,-0.09728066998542803,0.6364118780346585,0.8785102290641416,-1.3446250302668563,1.1500636902960002,0.058061618808092574
729,year+winnable,0.5,2009,all,reserved,20,833,65,-0.09726191222528723,2.1316623501996248e-10,0.0,-0.09726191264308537,-0.09726191180748908,0.14381720458046887
221,none+winnable,0.5,all,all,general,20,3324,233,-0.09719109425932371,0.7137576622697238,0.8916883157489277,-1.4961304059974858,1.3017482174788384,0.050255679476759574
866,controls+winnable,0.0,all,all,all,30,7812,522,-0.09718256905767009,0.37044352745131537,0.7930584643700611,-0.823238541168223,0.6288734030528829,0.059250442203779174
1486,full+winnable,0.25,2009,all,reserved,30,1118,87,-0.09655832511418931,0.8364842209145679,0.9081015047181475,-1.7360372717427885,1.54292062151441,0.18854341870789526
1054,controls+winnable,0.25,2009,all,reserved,30,1118,87,-0.0965583251141821,0.8364842209145678,0.9081015047181544,-1.7360372717427812,1.542920621514417,0.18854341870789526
193,none+winnable,0.25,2009,national,all,20,1083,87,-0.09530114307222806,1.603255427400214,0.9525998454348975,-3.2376240387950186,3.0470217526505627,0.11812861165212529
1106,controls+winnable,0.5,all,regional,all,30,2735,176,-0.09445063512711203,0.49408195248843867,0.8483971821939763,-1.0628334674156819,0.8739321971614579,0.0833473582247547
1591,full+winnable,0.5,2009,all,general,35,1721,117,-0.09435808907936893,1.1130346509533517,0.9324398572688029,-2.2758659184930483,2.0871497403343104,0.1637306159339974
1159,controls+winnable,0.5,2009,all,general,35,1721,117,-0.09435808907936474,1.1130346509533513,0.9324398572688057,-2.2758659184930434,2.0871497403343136,0.1637306159339974
965,controls+winnable,0.0,2009,regional,general,20,2505,136,-0.09428890124091491,0.3385835338524039,0.7806435559271484,-0.7579004333499247,0.5693226308680949,0.2468080781170756
1397,full+winnable,0.0,2009,regional,general,20,2505,136,-0.09428890124091283,0.3385835338524037,0.780643555927153,-0.7579004333499223,0.5693226308680966,0.2468080781170756
74,none+winnable,0.0,2009,all,all,30,4761,312,-0.09420592936423336,0.4966256665236403,0.8495504688748379,-1.0675743495487675,0.8791624908203008,0.16845309057396096
770,year+winnable,1.0,all,national,all,30,2051,170,-0.09364330959728374,0.9773836064492535,0.9236713236893647,-2.0092799773176906,1.8219933581231231,0.06264805149998831
1081,controls+winnable,0.5,all,all,all,20,4906,357,-0.09351991924100363,0.5266632881117831,0.8590602106292546,-1.1257609959195405,0.9387211574375331,0.06459625952194425
945,controls+winnable,0.0,2009,all,reserved,20,1482,112,-0.09350772020743241,0.711391745456701,0.8954245910838284,-1.487809920201652,1.3007944797867872,0.17200518804380371
1377,full+winnable,0.0,2009,all,reserved,20,1482,112,-0.09350772020743219,0.7113917454567015,0.8954245910838288,-1.4878099202016526,1.3007944797867883,0.17200518804380371
1298,full+winnable,0.0,all,all,all,30,7812,522,-0.09348786862472157,0.36534204485315797,0.7980347349526411,-0.8095451185751282,0.6225693813256851,0.08288926741508673
1093,controls+winnable,0.5,all,national,all,20,2171,181,-0.09220329036138313,0.9299701537423176,0.9210219484261887,-1.9149112983935026,1.7305047176707362,0.056131626955726266
622,year+winnable,0.25,2009,all,reserved,30,1118,87,-0.09204120411035506,3.0422367763101176e-10,0.0,-0.09204120470662251,-0.09204120351408761,0.1747023336397875
973,controls+winnable,0.25,all,all,all,20,6094,430,-0.09194465234479361,0.4386234484013402,0.8339635478153767,-0.9516308139861832,0.7677415092965959,0.059711297510962824
1309,full+winnable,0.0,all,national,all,20,2199,181,-0.09136660538866544,0.907284721362256,0.9197859567544122,-1.8696119829821454,1.6868787722048144,0.09583440773148777
118,none+winnable,0.25,all,all,reserved,30,1952,152,-0.09126667206911793,0.5963338128133465,0.8783617785018756,-1.2600594679467274,1.0775261238084914,0.06753938362380196
1417,full+winnable,0.25,all,national,all,20,2196,181,-0.09072751065606716,0.9073116187703806,0.9203475202948285,-1.8690256062007489,1.6875705848886144,0.09583400306760481
506,year+winnable,0.0,2009,all,all,30,4761,312,-0.09061500655984069,0.24459626772877985,0.7110340698518254,-0.5700148820611659,0.3887848689414845,0.16775772403764777
442,year+winnable,0.0,all,all,reserved,30,2403,179,-0.09049573535187092,0.5231787006349081,0.8626727317575931,-1.1159071460747536,0.9349156753710117,0.09769751545314709
1302,full+winnable,0.0,all,all,general,30,5409,343,-0.09007845072364602,0.48639018220082436,0.8530737993902319,-1.0433856902711367,0.8632287888238446,0.0751429804773831
85,none+winnable,0.0,2009,national,all,20,1086,87,-0.0900712660792504,1.6031688068847987,0.9551958086428962,-3.2322243887115047,3.0520818565530043,0.11814451542312965
1538,full+winnable,0.5,all,regional,all,30,2735,176,-0.09004339583183005,0.49247020961123145,0.854923334777363,-1.055267270128735,0.8751804784650747,0.11756700205038573
1525,full+winnable,0.5,all,national,all,20,2171,181,-0.08873820800040613,0.9073352037931304,0.9220903853040069,-1.867082529340252,1.6896061133394396,0.09670277031189334
1513,full+winnable,0.5,all,all,all,20,4906,357,-0.08722674597163337,0.5178039191461424,0.866225210678485,-1.1021037785517627,0.9276502866084959,0.09966117384049777
1301,full+winnable,0.0,all,all,general,20,5409,343,-0.08694014574511119,0.482024039473052,0.8568662252824975,-1.0316899027948065,0.8578096113045841,0.08272399495857374
1310,full+winnable,0.0,all,national,all,30,2199,181,-0.08693362807873628,0.9179548056204475,0.9245502555481973,-1.8860919865302794,1.7122247303728069,0.08768927049632458
81,none+winnable,0.0,2009,all,reserved,20,1482,112,-0.08690302007744198,0.7141041522282299,0.9031404453824131,-1.4865214396552806,1.3127153995003968,0.16176352009008532
1621,full+winnable,1.0,all,all,all,20,3793,289,-0.08679083676581378,0.6251527967356316,0.8895833821805942,-1.3120678032021407,1.1384861296705133,0.11060448607842854
97,none+winnable,0.0,2009,regional,all,20,3675,225,-0.08536153517921057,0.3282346992324126,0.7948155665983884,-0.7286897241510761,0.5579666537926551,0.24849748631048585
1418,full+winnable,0.25,all,national,all,30,2196,181,-0.08533503436996126,0.9179846864695206,0.9259360503952352,-1.8845519582095152,1.7138818894695926,0.08771116878259688
517,year+winnable,0.0,2009,national,all,20,1086,87,-0.0852271548516146,4.0071374450546913e-10,0.0,-0.0852271556369991,-0.08522715406623009,0.11629995615042654
529,year+winnable,0.0,2009,regional,all,20,3675,225,-0.08500970889733601,2.917939606791167e-10,0.0,-0.08500970946924166,-0.08500970832543037,0.2484899110076706
625,year+winnable,0.25,2009,national,all,20,1083,87,-0.0845606597805307,1.9763351017204797e-10,0.0,-0.08456066016788527,-0.08456065939317614,0.11673074772431025
985,controls+winnable,0.25,all,national,all,20,2196,181,-0.08365308195435706,0.9299719993685261,0.9283251529252546,-1.9063647073473742,1.73905854343866,0.05581236910326881
877,controls+winnable,0.0,all,national,all,20,2199,181,-0.0822370701485193,0.9299635475793452,0.9295345817248171,-1.9049321303391369,1.7404579900420982,0.05579664754821023
190,none+winnable,0.25,2009,all,reserved,30,1118,87,-0.08173586893459664,0.8408769755030159,0.9225650871873206,-1.7298244563494771,1.566352718480284,0.1788136500924551
938,controls+winnable,0.0,2009,all,all,30,4761,312,-0.07914011817239917,0.4929489139421489,0.8724523600100962,-1.0453022357171455,0.8870219993723472,0.1780299968517437
1370,full+winnable,0.0,2009,all,all,30,4761,312,-0.07914011817238532,0.4929489139421493,0.8724523600101184,-1.0453022357171324,0.8870219993723618,0.1780299968517437
869,controls+winnable,0.0,all,all,general,20,5409,343,-0.07828605817627177,0.4888803574666874,0.8727760164894831,-1.0364739515600463,0.8799018352075029,0.05791963864166061
295,none+winnable,0.5,2009,all,general,35,1721,117,-0.07788700639326834,1.1287434450644906,0.9449870041453211,-2.290183506505335,2.1344094937187985,0.14959074009851547
1622,full+winnable,1.0,all,all,all,30,3793,289,-0.07629276927254744,0.6310694644329874,0.9037746715002419,-1.3131661913041834,1.1605806527590885,0.1020905247417303
1110,controls+winnable,0.5,all,regional,general,30,1794,105,-0.0762519760935498,0.6335964051774582,0.9042075870063582,-1.3180781109754154,1.1655741587883157,0.07109308187497365
249,none+winnable,0.5,all,regional,reserved,20,941,71,-0.07575459926662205,0.8181640475999102,0.9262285212439022,-1.6793266660079604,1.5278174674747165,0.09898817001587223
1526,full+winnable,0.5,all,national,all,30,2171,181,-0.07574597956476682,0.9181840001203241,0.9342527560435048,-1.8753535509815227,1.723861591851989,0.08853389325207228
1306,full+winnable,0.0,all,all,reserved,30,2403,179,-0.07519330279842869,0.522440661411881,0.8855581363209217,-1.0991581832250001,0.9487715776281428,0.10673845661256343
1430,full+winnable,0.25,all,regional,all,30,3898,249,-0.07413742956189236,0.3539824030357896,0.8341061917672501,-0.7679301906729818,0.619655331549197,0.10250588026909513
870,controls+winnable,0.0,all,all,general,30,5409,343,-0.07359460387999578,0.49210125400800886,0.88111827759139,-1.03809533848269,0.8909061307226984,0.053989041900646795
250,none+winnable,0.5,all,regional,reserved,30,941,71,-0.07324977640732057,0.7988846990164886,0.9269443046203855,-1.6390350142797594,1.4925354614651183,0.1101721330065768
222,none+winnable,0.5,all,all,general,30,3324,233,-0.0728708108037911,0.7189571987465283,0.9192676592310995,-1.4820010267727923,1.33625940516521,0.047952062967859144
1292,controls+winnable,1.0,2009,regional,general,40,551,29,-0.07247103427003726,1.2072338142211902,0.9521312210909072,-2.4386058310624885,2.293663762522414,0.3194600557526135
1724,full+winnable,1.0,2009,regional,general,40,551,29,-0.07247103427003307,1.20723381422119,0.95213122109091,-2.438605831062484,2.2936637625224177,0.3194600557526137
961,controls+winnable,0.0,2009,regional,all,20,3675,225,-0.07178233155891468,0.3275954926514401,0.8265575055568543,-0.7138576986533932,0.5702930355355639,0.25505301965085014
1393,full+winnable,0.0,2009,regional,all,20,3675,225,-0.07178233155890824,0.3275954926514402,0.8265575055568697,-0.713857698653387,0.5702930355355705,0.25505301965085014
1405,full+winnable,0.25,all,all,all,20,6094,430,-0.07088843480110633,0.43178221959399204,0.8695923075107851,-0.9171660343700956,0.775389164767883,0.09061728671537472
550,year+winnable,0.25,all,all,reserved,30,1952,152,-0.06948369699981372,0.5849714061185582,0.9054485796400067,-1.2160065849779413,1.0770391909783137,0.09727713395624038
1514,full+winnable,0.5,all,all,all,30,4906,357,-0.06851069291891343,0.5215932240440168,0.8954993152469367,-1.0908146266253176,0.9537932407874907,0.09491750429938062
414,none+winnable,1.0,2009,national,general,30,711,57,-0.06633683714345648,2.2459208547171206,0.9764366393052731,-4.468260824516428,4.335587150229515,0.10376318326808176
977,controls+winnable,0.25,all,all,general,20,4142,278,-0.0654918012791548,0.5959626555693122,0.912494663718613,-1.2335571423258556,1.102573539767546,0.05984668595701115
1082,controls+winnable,0.5,all,all,all,30,4906,357,-0.06433786440184862,0.5301011285774774,0.9033987390805445,-1.1033169845777406,0.9746412557740434,0.06318449342682253
974,controls+winnable,0.25,all,all,all,30,6094,430,-0.0637628284210539,0.44076762677503034,0.884976843829476,-0.9276515024513058,0.8001258456091981,0.059384005239140336
98,none+winnable,0.0,2009,regional,all,30,3675,225,-0.06220554923737513,0.31799490397972924,0.8449091160832878,-0.6854641083049171,0.5610530098301669,0.24879212729625477
530,year+winnable,0.0,2009,regional,all,30,3675,225,-0.06204794055895627,1.8094251153357965e-09,0.0,-0.06204794410536433,-0.06204793701254822,0.24878286312287057
297,none+winnable,0.5,2009,all,reserved,20,833,65,-0.06172101594257857,1.1534765715411026,0.9573266099535875,-2.322493553173879,2.1990515212887214,0.14649603296415414
1271,controls+winnable,1.0,2009,all,reserved,35,540,40,-0.06141368462897567,1.838693507882402,0.9733550365455214,-3.6651867386860975,3.542359369428146,0.20179108660618528
1703,full+winnable,1.0,2009,all,reserved,35,540,40,-0.06141368462896535,1.8386935078824016,0.9733550365455258,-3.665186738686087,3.542359369428156,0.20179108660618528
982,controls+winnable,0.25,all,all,reserved,30,1952,152,-0.060105678189939504,0.5953412488347004,0.9195821789753005,-1.2269530844170506,1.1067417280371719,0.07417218302786621
978,controls+winnable,0.25,all,all,general,30,4142,278,-0.05877119773824206,0.6009174136021446,0.922089158669611,-1.236547686081405,1.1190052906049208,0.05509157037763368
1634,full+winnable,1.0,all,national,all,30,2051,170,-0.05750305753067329,0.9669155826260268,0.9525772754905363,-1.9526227755682486,1.8376166605069022,0.08613710511156047
1094,controls+winnable,0.5,all,national,all,30,2171,181,-0.0570322757613293,0.9396030581928274,0.951599513176079,-1.8986204295829636,1.784555878060305,0.052344043962578635
1079,controls+winnable,0.25,2009,regional,reserved,35,807,64,-0.05603386027420179,0.8508675706583445,0.9474932896382952,-1.7237036543776467,1.611635933829243,0.27887233586821036
1511,full+winnable,0.25,2009,regional,reserved,35,807,64,-0.0560338602741941,0.8508675706583437,0.9474932896383024,-1.7237036543776374,1.6116359338292492,0.2788723358682105
1410,full+winnable,0.25,all,all,general,30,4142,278,-0.05514876296181118,0.5931707473269027,0.9259251463491052,-1.217742064405249,1.1074445384816265,0.08076546912575078
986,controls+winnable,0.25,all,national,all,30,2196,181,-0.055107042961574704,0.9393164426452844,0.9532172041294138,-1.8961334406326154,1.7859193547094658,0.05219048459213882
326,none+winnable,1.0,all,all,all,30,3793,289,-0.054858656675410664,0.6409427732973193,0.9317918957797445,-1.311083408489377,1.2013660951385559,0.056321228416814084
1638,full+winnable,1.0,all,national,general,30,1460,121,-0.05460328762000122,1.226873362107263,0.9645010292802714,-2.459230890941805,2.3500243157018024,0.08853856041918284
878,controls+winnable,0.0,all,national,all,30,2199,181,-0.054472848122882986,0.9392782212927472,0.9537531135580125,-1.8954243333195102,1.7864786370737444,0.05219574216988798
727,year+winnable,0.5,2009,all,general,35,1721,117,-0.0541450268844001,2.045098052286622e-09,0.0,-0.054145030892718625,-0.054145022876081576,0.14771527953386887
1394,full+winnable,0.0,2009,regional,all,30,3675,225,-0.05206090285445435,0.3169779895979787,0.8695411258307002,-0.6733263463584044,0.5692045406494958,0.25312358008655733
962,controls+winnable,0.0,2009,regional,all,30,3675,225,-0.05206090285445385,0.3169779895979787,0.8695411258307015,-0.6733263463584039,0.5692045406494962,0.25312358008655755
1406,full+winnable,0.25,all,all,all,30,6094,430,-0.052008423631796925,0.43436718314452083,0.9046940423046843,-0.9033524586611714,0.7993356113975776,0.0871069947425156
1409,full+winnable,0.25,all,all,general,20,4142,278,-0.05037565868870134,0.5868471342594074,0.9315926592560525,-1.2005749062676816,1.0998235888902788,0.0895499297441208
207,none+winnable,0.25,2009,regional,all,35,2333,151,-0.049876983414684516,0.4425619349972058,0.9102679474002905,-0.9172824369375644,0.8175284701081954,0.23395697130137505
639,year+winnable,0.25,2009,regional,all,35,2333,151,-0.0494358998734186,1.065983512092579e-09,0.0,-0.04943590196270789,-0.04943589778412931,0.23394583555846526
505,year+winnable,0.0,2009,all,all,20,4761,312,-0.049330175244787194,0.20775214314088009,0.8123098367752344,-0.45651689351192215,0.3578565430223478,0.162566342964641
33,none+winnable,0.0,all,regional,reserved,20,1753,126,-0.04876814952539468,0.518933531155488,0.9251269173534344,-1.0658591809603453,0.968322881909556,0.10596023662450449
1184,controls+winnable,0.5,2009,regional,general,40,962,53,-0.048746672106688205,0.6548729988593475,0.9406628015223607,-1.3322741643187492,1.2347808201053727,0.31893780112008674
1616,full+winnable,0.5,2009,regional,general,40,962,53,-0.048746672106680655,0.6548729988593468,0.9406628015223698,-1.3322741643187404,1.234780820105379,0.31893780112008663
1213,controls+winnable,1.0,all,regional,all,20,1742,119,-0.04813647418927894,0.681265114155012,0.9436703645812439,-1.383391561856671,1.2871186134781132,0.0955477526977262
897,controls+winnable,0.0,all,regional,reserved,20,1753,126,-0.04551060885812315,0.518890208101234,0.9301090881054814,-1.0625167286670356,0.9714955109507892,0.11359577077598815
337,none+winnable,1.0,all,national,all,20,2051,170,-0.04536642048500046,0.9842186321417766,0.9632354522530764,-1.9743994923961585,1.8836666514261577,0.03999076002625235
73,none+winnable,0.0,2009,all,all,20,4761,312,-0.04461775566900912,0.4988217353271452,0.9287272334711496,-1.022290391615985,0.9330548802779666,0.16297640875971087
1414,full+winnable,0.25,all,all,reserved,30,1952,152,-0.041854699251089256,0.5827702457389098,0.9427449647625445,-1.1840633921609094,1.1003539936587308,0.10764035830864827
1402,full+winnable,0.0,2009,regional,reserved,30,1170,89,-0.0418272855841956,0.6100189571237821,0.9453341361640567,-1.237442471433492,1.1537879002651006,0.3191927443485434
970,controls+winnable,0.0,2009,regional,reserved,30,1170,89,-0.04182728558418323,0.6100189571237814,0.9453341361640727,-1.2374424714334782,1.1537879002651117,0.3191927443485434
1633,full+winnable,1.0,all,national,all,20,2051,170,-0.04131549656721657,0.9538819404695531,0.9654520216946039,-1.9108897453907205,1.8282587522562872,0.0958966899416932
1518,full+winnable,0.5,all,all,general,30,3324,233,-0.04129528768666568,0.7061019970901359,0.9533635371946328,-1.425229771395138,1.3426391960218067,0.08892486577050696
34,none+winnable,0.0,all,regional,reserved,30,1753,126,-0.040795142731532674,0.5060544830877224,0.9357488273374874,-1.0326437037985023,0.9510534183354371,0.11536001437763144
1071,controls+winnable,0.25,2009,regional,all,35,2333,151,-0.039931915934781494,0.4429827327277565,0.9281733577620723,-0.908162117854317,0.828298285984754,0.2369283861465017
1503,full+winnable,0.25,2009,regional,all,35,2333,151,-0.03993191593478077,0.4429827327277569,0.9281733577620737,-0.908162117854317,0.8282982859847555,0.2369283861465017
1517,full+winnable,0.5,all,all,general,20,3324,233,-0.03943967491030065,0.6972767512309749,0.9548937545804848,-1.4060769945801064,1.3271976447595049,0.09973683492271601
898,controls+winnable,0.0,all,regional,reserved,30,1753,126,-0.037457244764459025,0.5066407501255125,0.941064052145438,-1.0304548681108203,0.9555403785819023,0.12287312944645212
860,year+winnable,1.0,2009,regional,general,40,551,29,-0.03535010667542794,1.801218751855215e-11,0.0,-0.03535010671073118,-0.0353501066401247,0.31503803137222364
428,none+winnable,1.0,2009,regional,general,40,551,29,-0.034817444588505025,1.1831755036134737,0.9765239455149368,-2.353798819060954,2.284163929883944,0.31503946121874116
647,year+winnable,0.25,2009,regional,reserved,35,807,64,-0.03451238732776739,1.2291740926988295e-10,0.0,-0.03451238756868108,-0.034512387086853696,0.2765254817597922
1085,controls+winnable,0.5,all,all,general,20,3324,233,-0.034486924381039286,0.7084857503819193,0.9611767465296411,-1.423093478689436,1.3541196299273575,0.06530217780074787
215,none+winnable,0.25,2009,regional,reserved,35,807,64,-0.033624549043911524,0.8400778757711251,0.9680727851047303,-1.6801469297642304,1.6128978316764073,0.2768178585873392
846,year+winnable,1.0,2009,national,general,30,711,57,-0.032096339046293006,4.3925381719835495e-10,0.0,-0.032096339907214666,-0.032096338185371345,0.10172893769880864
233,none+winnable,0.5,all,national,general,20,1530,128,-0.030779101894444796,1.2075458262444863,0.9796649446073055,-2.3975254310153,2.3359672272264103,0.040960010539925484
737,year+winnable,0.5,2009,national,general,20,759,64,-0.0279110331343064,2.0096230692436903,0.9889187844139509,-3.9666998713527826,3.9108778050841697,0.12101395766981116
305,none+winnable,0.5,2009,national,general,20,759,64,-0.027911033134297256,2.00962306924369,0.9889187844139545,-3.9666998713527724,3.910877805084178,0.12101395766981105
78,none+winnable,0.0,2009,all,general,30,3279,200,-0.02513320290297747,0.6731721593318362,0.9702175195574035,-1.344526390588435,1.2942599847824803,0.16069921594384762
774,year+winnable,1.0,all,national,general,30,1460,121,-0.02492966981833783,1.253600582942576,0.9841339514754074,-2.4819416633842035,2.4320823237475278,0.060328450545718004
338,none+winnable,1.0,all,national,all,30,2051,170,-0.024839565811942892,0.9924466435059226,0.9800321385906297,-1.9699992436612135,1.9203201120373277,0.03671253623772619
1086,controls+winnable,0.5,all,all,general,30,3324,233,-0.024820862605979377,0.7158538450252843,0.9723404215283783,-1.4278686170500539,1.378226891838095,0.05882189511942215
320,none+winnable,0.5,2009,regional,general,40,962,53,-0.023238338252802512,0.6477389971098363,0.9713811663054877,-1.2927834439701757,1.2463067674645707,0.31587630234643815
752,year+winnable,0.5,2009,regional,general,40,962,53,-0.022089237871845975,0.5492647385538724,0.9679209114213658,-1.0986283434152448,1.0544498676715528,0.3158731197616227
1288,controls+winnable,1.0,2009,regional,all,40,819,47,-0.020752806974233387,1.1113087329770373,0.9851010061832974,-2.1988778993140663,2.157372285365599,0.2742490213058748
1720,full+winnable,1.0,2009,regional,all,40,819,47,-0.020752806974228676,1.1113087329770375,0.9851010061833008,-2.198877899314062,2.1573722853656045,0.2742490213058747
534,year+winnable,0.0,2009,regional,general,30,2505,136,-0.020422114523991244,0.3394375916478581,0.9520245688262381,-0.685707569152807,0.6448633401048245,0.22375145657805562
102,none+winnable,0.0,2009,regional,general,30,2505,136,-0.020422114523986307,0.33943759164785775,0.9520245688262496,-0.6857075691528014,0.6448633401048287,0.22375145657805562
1193,controls+winnable,1.0,all,all,general,20,2625,197,-0.01980267302487953,0.8254303909611764,0.9808600074318413,-1.6376165110536014,1.5980111650038424,0.07154031440453235
510,year+winnable,0.0,2009,all,general,30,3279,200,-0.01763951698128598,0.3551831532809811,0.9603908160457869,-0.7137857053273785,0.6785066713648066,0.15933045530196088
234,none+winnable,0.5,all,national,general,30,1530,128,-0.01704667373572404,1.2203852278351977,0.988855293236407,-2.40895776755742,2.3748644200859714,0.035030315820996694
182,none+winnable,0.25,2009,all,all,30,3416,238,-0.014698554822082488,0.6363738654110975,0.981572613347864,-1.2619684117303733,1.2325713020862081,0.15896257519639523
125,none+winnable,0.25,all,national,general,20,1547,128,-0.014179402987622268,1.207705097714963,0.9906324260522568,-2.3812378984543767,2.352879092479132,0.0407383876856503
17,none+winnable,0.0,all,national,general,20,1549,128,-0.012427520654048771,1.2077203809899018,0.9917898612714648,-2.379515970789249,2.354660929481151,0.04072217954519741
1700,full+winnable,1.0,2009,all,general,40,1262,86,-0.011566084295649235,1.4678069103723819,0.9937128620102147,-2.888414764884529,2.8652825962932305,0.18058844681455477
1268,controls+winnable,1.0,2009,all,general,40,1262,86,-0.011566084295646126,1.467806910372381,0.9937128620102164,-2.888414764884524,2.865282596293232,0.180588446814555
1113,controls+winnable,0.5,all,regional,reserved,20,941,71,-0.01146965030604699,0.8062976500970553,0.9886504093520955,-1.5917840053155539,1.56884470470346,0.10749094917467605
1114,controls+winnable,0.5,all,regional,reserved,30,941,71,-0.011201405101028471,0.7887062294133896,0.9886686228500123,-1.5570372091336577,1.5346343989316007,0.11837825804721247
1194,controls+winnable,1.0,all,all,general,30,2625,197,-0.008600700446861762,0.8371721568165303,0.9918030654390253,-1.6494279766669795,1.632226575773256,0.060450524399313976
126,none+winnable,0.25,all,national,general,30,1547,128,-0.008262505208787085,1.2200358024381448,0.9945964905842855,-2.3994887378369754,2.3829637274194013,0.03506493847087233
18,none+winnable,0.0,all,national,general,30,1549,128,-0.00739828960158715,1.219994583904548,0.9951614991183868,-2.3985437353884302,2.3837471561852563,0.035074991590396065
538,year+winnable,0.0,2009,regional,reserved,30,1170,89,-0.006768439624647135,9.508472284893552e-11,0.0,-0.0067684398110097665,-0.006768439438284503,0.3135359964018175
1201,controls+winnable,1.0,all,national,all,20,2051,170,-0.0048235972237609375,0.9757365377054255,0.9960556380460823,-1.9172320695262033,1.9075848750786815,0.056468173246101316
937,controls+winnable,0.0,2009,all,all,20,4761,312,-0.004449312185970527,0.4935487711062157,0.9928072165851728,-0.9717871281681562,0.962888503796215,0.17735953844929386
1369,full+winnable,0.0,2009,all,all,20,4761,312,-0.00444931218596968,0.4935487711062157,0.9928072165851741,-0.9717871281681553,0.9628885037962159,0.17735953844929386
450,year+winnable,0.0,all,national,general,30,1549,128,-0.004408717267712547,1.1983905815231735,0.9970646969690553,-2.3532110964651443,2.344393661929719,0.06413210488017096
942,controls+winnable,0.0,2009,all,general,30,3279,200,-0.004026181213202078,0.667941474457354,0.9951905840575562,-1.3131674149301964,1.3051150525037922,0.17066862419586404
1374,full+winnable,0.0,2009,all,general,30,3279,200,-0.0040261812132018,0.6679414744573541,0.9951905840575566,-1.3131674149301964,1.3051150525037927,0.17066862419586404
106,none+winnable,0.0,2009,regional,reserved,30,1170,89,-0.003630036447263646,0.60350728037558,0.9952008324237743,-1.186482570391117,1.1792224974965897,0.31401683914815937
558,year+winnable,0.25,all,national,general,30,1547,128,-0.003236695721762873,1.1984281166251582,0.9978450886048008,-2.3521126423672403,2.345639250923715,0.06412817420422046
666,year+winnable,0.5,all,national,general,30,1530,128,-0.002484333751094957,1.198696943646045,0.9983463625770207,-2.3518871716755823,2.346918504173392,0.0643555489212001
1398,full+winnable,0.0,2009,regional,general,30,2505,136,-0.0016062946800312475,0.339186751855815,0.9962214534390397,-0.666400112350553,0.6631875229904904,0.22684798409398188
966,controls+winnable,0.0,2009,regional,general,30,2505,136,-0.0016062946800282365,0.3391867518558149,0.9962214534390468,-0.6664001123505499,0.6631875229904933,0.22684798409398188
1202,controls+winnable,1.0,all,national,all,30,2051,170,-0.0015330464802223408,0.9881119019712674,0.9987620899774685,-1.938196787039279,1.9351306940788342,0.050419586170127206
77,none+winnable,0.0,2009,all,general,20,3279,200,-0.0009948370104814344,0.6707934167796255,0.9988166777127798,-1.3157257749651134,1.3137361009441504,0.16378477129909208
1214,controls+winnable,1.0,all,regional,all,30,1742,119,-0.0006710196450223716,0.6823977090041538,0.9992154192175435,-1.338145952425808,1.3368039131357632,0.09573820350698337
1637,full+winnable,1.0,all,national,general,20,1460,121,0.0025051947812541053,1.2028522040734777,0.998338237411106,-2.3550418039273855,2.3600521934898935,0.10523549686564637
614,year+winnable,0.25,2009,all,all,30,3416,238,0.004336784779916947,0.32021092833442255,0.9891941606855967,-0.6232651022116875,0.6319386717715214,0.1573941303660037
509,year+winnable,0.0,2009,all,general,20,3279,200,0.004917595062654737,0.3109852469354097,0.9873836148086431,-0.6046022886540434,0.614437478779353,0.162868762441719
766,year+winnable,1.0,all,all,reserved,30,1168,92,0.006009935793436727,0.8931884991756796,0.9946313697477668,-1.744607353996279,1.7566272255831523,0.10664285066501433
197,none+winnable,0.25,2009,national,general,20,772,64,0.006744064785246973,2.009525628092814,0.9973222660149561,-3.9318537922869,3.9453419218573935,0.12121561307833617
665,year+winnable,0.5,all,national,general,20,1530,128,0.007349154141822302,1.1837814049972495,0.9950466032550769,-2.3128197652210103,2.3275180735046552,0.07377054402390759
209,none+winnable,0.25,2009,regional,general,20,1526,87,0.008049848957302317,0.45473364317055176,0.9858763149498638,-0.8832117142156675,0.8993114121302721,0.2217783666730787
641,year+winnable,0.25,2009,regional,general,20,1526,87,0.008334302697249584,2.0128262008000676e-10,0.0,0.008334302302742898,0.00833430309175627,0.22177261564735962
1097,controls+winnable,0.5,all,national,general,20,1530,128,0.008799051983373406,1.1882762809701355,0.9940918087143524,-2.3201796624012903,2.337777766368037,0.06281704359437035
839,year+winnable,1.0,2009,all,reserved,35,540,40,0.008815402148636187,1.8186140911838944,0.9961324143690462,-3.5556027183488386,3.5732335226461114,0.18513546887018795
407,none+winnable,1.0,2009,all,reserved,35,540,40,0.008815402148639073,1.818614091183895,0.996132414369045,-3.5556027183488372,3.5732335226461154,0.18513546887018784
1593,full+winnable,0.5,2009,all,reserved,20,833,65,0.010995609247788918,1.1317468716116417,0.9922481881280025,-2.2071874987269053,2.2291787172224833,0.16388147908115902
1161,controls+winnable,0.5,2009,all,reserved,20,833,65,0.010995609247790139,1.1317468716116414,0.9922481881280016,-2.2071874987269036,2.229178717222484,0.16388147908115913
89,none+winnable,0.0,2009,national,general,20,774,64,0.011926269657507274,2.0095183705724606,0.9952646710251309,-3.9266573629361297,3.9505099022511443,0.12123853314113897
1618,full+winnable,0.5,2009,regional,reserved,30,528,42,0.012525602162962057,1.1496713439588873,0.9913072662698743,-2.2407888260542173,2.265840030380142,0.29867116325411946
1186,controls+winnable,0.5,2009,regional,reserved,30,528,42,0.012525602162969718,1.1496713439588868,0.991307266269869,-2.240788826054209,2.2658400303801485,0.29867116325411946
424,none+winnable,1.0,2009,regional,all,40,819,47,0.014423211654811276,1.1061216776720875,0.989596323782855,-2.1535354391015025,2.182381862411125,0.27004673757864306
856,year+winnable,1.0,2009,regional,all,40,819,47,0.014423211654814555,1.1061216776720875,0.9895963237828527,-2.1535354391014994,2.182381862411128,0.27004673757864306
1098,controls+winnable,0.5,all,national,general,30,1530,128,0.014886588241532894,1.2055826782038503,0.9901479365122585,-2.348012041423355,2.377785217906421,0.05376193979259569
449,year+winnable,0.0,all,national,general,20,1549,128,0.015510588757356536,1.1838444133711603,0.9895465104183849,-2.3047818247490657,2.335803002263779,0.07343495599166894
557,year+winnable,0.25,all,national,general,20,1547,128,0.015609193979344252,1.1838621777641707,0.9894802162996769,-2.3047180370975857,2.335936425056274,0.0734189051742733
754,year+winnable,0.5,2009,regional,reserved,30,528,42,0.01700548579113481,3.202391225002185e-11,0.0,0.017005485728369095,0.017005485853900527,0.28905757042430535
882,controls+winnable,0.0,all,national,general,30,1549,128,0.01735397558432255,1.2053536454904614,0.9885129224175568,-2.345095758211042,2.3798037093796873,0.05384358100086206
990,controls+winnable,0.25,all,national,general,30,1547,128,0.017766953936657108,1.2053933547225477,0.9882399675582615,-2.3447606085234503,2.3802945163967646,0.05382892117534033
1478,full+winnable,0.25,2009,all,all,30,3416,238,0.020059613468437987,0.6299716949617561,0.9745979831307006,-1.214662219936257,1.254781446873133,0.1716495524665249
1046,controls+winnable,0.25,2009,all,all,30,3416,238,0.020059613468445703,0.6299716949617563,0.9745979831306908,-1.2146622199362498,1.254781446873141,0.1716495524665247
989,controls+winnable,0.25,all,national,general,20,1547,128,0.02069260648948397,1.1885253886688534,0.9861092768086579,-2.3087743500129383,2.350159562991906,0.0627040613097769
881,controls+winnable,0.0,all,national,general,20,1549,128,0.021357056240598544,1.1885099451991603,0.9856630998574637,-2.3080796316174292,2.350793744098626,0.06271417466418805
681,year+winnable,0.5,all,regional,reserved,20,941,71,0.021995736396543758,0.7985297300842973,0.9780248139369321,-1.5430937751531695,1.587085247946257,0.1402611871896582
773,year+winnable,1.0,all,national,general,20,1460,121,0.02298179967535463,1.2360287721375995,0.9851655826515824,-2.3995900775696057,2.445553676920315,0.07222126457416667
1206,controls+winnable,1.0,all,national,general,30,1460,121,0.025120500292597103,1.2570911538243064,0.9840569035823099,-2.4387328864869446,2.4889738870721385,0.05067198877315482
322,none+winnable,0.5,2009,regional,reserved,30,528,42,0.026271280982904877,1.15554538917306,0.9818616870688642,-2.2385560642976134,2.291098626263423,0.28974163168536116
333,none+winnable,1.0,all,all,reserved,20,1168,92,0.02687334902277566,0.9124418535240653,0.9765040032626651,-1.7614798218713636,1.815226519916915,0.06262662135080965
682,year+winnable,0.5,all,regional,reserved,30,941,71,0.028729416872467533,0.7737846545254924,0.9703825960696312,-1.4878606377872658,1.5453194715322007,0.15266791802650725
211,none+winnable,0.25,2009,regional,general,35,1526,87,0.02875352296139196,0.4726011749629232,0.9514858461411341,-0.8975277590172502,0.9550348049400342,0.22527328860711993
643,year+winnable,0.25,2009,regional,general,35,1526,87,0.02932351926668925,0.37490094362649123,0.9376556682128862,-0.7054688280113146,0.7641158665446932,0.22526569253598416
1629,full+winnable,1.0,all,all,reserved,20,1168,92,0.031156403409986433,0.9034322733963611,0.9724890429364679,-1.739538314918025,1.801851121737998,0.11037077106690996
629,year+winnable,0.25,2009,national,general,20,772,64,0.03153065015268647,0.8213655995497064,0.9693782630050727,-1.5783163431048866,1.6413776434102594,0.1196362346463532
1189,controls+winnable,1.0,all,all,all,20,3793,289,0.032957198140438224,0.6331411336187982,0.9584860817650421,-1.2079766208832683,1.2738910171641447,0.07085911874679585
315,none+winnable,0.5,2009,regional,all,35,1490,95,0.033251998634778776,0.6847708740373113,0.9612705005313459,-1.3088742521403653,1.375378249409923,0.23888447041592886
810,year+winnable,1.0,2004,national,general,30,749,64,0.03372888239772697,1.268687821222375,0.9787902238710999,-2.4528535548227186,2.5203113196181723,0.0003044361356279168
378,none+winnable,1.0,2004,national,general,30,749,64,0.03372888239772764,1.268687821222375,0.9787902238710995,-2.4528535548227177,2.5203113196181732,0.0003044361356279168
290,none+winnable,0.5,2009,all,all,30,2554,182,0.03378643854305825,0.8293331096283333,0.9675037420719672,-1.5916765875150833,1.6592494646011997,0.15783600641947715
747,year+winnable,0.5,2009,regional,all,35,1490,95,0.03391290302314347,0.4892179296196908,0.9447343919607184,-0.9249366196227015,0.9927624256689883,0.23887963289493597
1314,full+winnable,0.0,all,national,general,30,1549,128,0.03481654496965007,1.175504840230189,0.9763714093918039,-2.269130605534031,2.338763695473331,0.09248672735095753
186,none+winnable,0.25,2009,all,general,30,2298,151,0.03689331053029821,0.8834993453229255,0.966691486216182,-1.694733586667352,1.7685202077279485,0.15180665971076146
618,year+winnable,0.25,2009,all,general,30,2298,151,0.03689331053029922,0.8834993453229255,0.966691486216181,-1.694733586667351,1.7685202077279496,0.15180665971076168
1329,full+winnable,0.0,all,regional,reserved,20,1753,126,0.036944907362352855,0.5069683405297404,0.9419062324176227,-0.956694781377976,1.0305845961026818,0.1470912049116062
521,year+winnable,0.0,2009,national,general,20,774,64,0.037624537973490274,3.1742068208323086e-10,0.0,0.03762453735135717,0.037624538595623376,0.11941499238392228
1422,full+winnable,0.25,all,national,general,30,1547,128,0.03771599670914459,1.1755212660244176,0.9744046746691276,-2.266263347759642,2.341695341177931,0.09255125591925739
941,controls+winnable,0.0,2009,all,general,20,3279,200,0.040703883387271364,0.6630202505858404,0.9510473307153505,-1.2587919287816975,1.34019969555624,0.18008235378972004
1373,full+winnable,0.0,2009,all,general,20,3279,200,0.04070388338727331,0.6630202505858401,0.9510473307153482,-1.258791928781695,1.3401996955562416,0.18008235378971993
722,year+winnable,0.5,2009,all,all,30,2554,182,0.040783853496498344,1.1334233394941342e-09,0.0,0.04078385127502942,0.04078385571796727,0.15682472269951953
404,none+winnable,1.0,2009,all,general,40,1262,86,0.042253366799195745,1.4906793965379865,0.9773869584638448,-2.8794245629111597,2.963931296509551,0.16408157795135114
1005,controls+winnable,0.25,all,regional,reserved,20,1303,99,0.04504365976023016,0.5871590299325398,0.9388506036824575,-1.1057668921050234,1.1958542116254838,0.10490012638891899
1330,full+winnable,0.0,all,regional,reserved,30,1753,126,0.045349811051456766,0.49234579977126436,0.9266109024873044,-0.9196302244397901,1.0103298465427037,0.15683800627949462
141,none+winnable,0.25,all,regional,reserved,20,1303,99,0.04602217782629569,0.590263050181087,0.9378527688283838,-1.1108721419333936,1.202916497585985,0.09720599580266509
1530,full+winnable,0.5,all,national,general,30,1530,128,0.04668099796609957,1.1756924007057243,0.968328226432355,-2.257633764314554,2.350995760246753,0.09279700914015687
1006,controls+winnable,0.25,all,regional,reserved,30,1303,99,0.04728324521671653,0.5746133381024646,0.9344184400126306,-1.0789382025004515,1.1735046929338844,0.11196914689367499
342,none+winnable,1.0,all,national,general,30,1460,121,0.047365938181822165,1.2719909263066478,0.9702955282959012,-2.4456904660409498,2.540422342404594,0.03292210825420527
613,year+winnable,0.25,2009,all,all,20,3416,238,0.0483894654446978,0.27108493552180957,0.8583279908676771,-0.48292724492941175,0.5797061758188073,0.15255860447591008
142,none+winnable,0.25,all,regional,reserved,30,1303,99,0.04865166583215965,0.5764396500941954,0.9327381874863698,-1.0811492876133342,1.1784526192776534,0.10461649274946905
811,year+winnable,1.0,2004,national,general,35,749,64,0.04911784265541356,1.2613083653400226,0.968936648305461,-2.423001126810119,2.5212368121209465,0.0003791087787932135
379,none+winnable,1.0,2004,national,general,35,749,64,0.04911784265541378,1.2613083653400223,0.9689366483054609,-2.4230011268101186,2.521236812120946,0.0003791087787932135
836,year+winnable,1.0,2009,all,general,40,1262,86,0.049155548331379625,1.1651465659902651,0.9663485926100892,-2.2344897577200613,2.3328008543828207,0.1636517373558064
1190,controls+winnable,1.0,all,all,all,30,3793,289,0.049307543380265016,0.6397259275424992,0.9385630508617959,-1.2045322345795137,1.3031473213400437,0.06523569932527529
1507,full+winnable,0.25,2009,regional,general,35,1526,87,0.04997096587524593,0.4724856404958294,0.9157712887322441,-0.8760838727089194,0.9760258044594113,0.2282830514219426
1075,controls+winnable,0.25,2009,regional,general,35,1526,87,0.04997096587525079,0.4724856404958293,0.915771288732236,-0.8760838727089144,0.9760258044594159,0.2282830514219426
465,year+winnable,0.0,all,regional,reserved,20,1753,126,0.05170740324095169,0.5079373790632885,0.91891639757801,-0.943831566124763,1.0472463726066663,0.13704825551892275
181,none+winnable,0.25,2009,all,all,20,3416,238,0.051756268803079486,0.6376591228939337,0.9353099028816835,-1.1980326464824307,1.3015451840885897,0.1533466045598758
1165,controls+winnable,0.5,2009,national,all,20,1064,87,0.054138078933213096,1.5594879370135655,0.9723067671119429,-3.0024021119380437,3.1106782698044695,0.1531395438492975
1597,full+winnable,0.5,2009,national,all,20,1064,87,0.054138078933219536,1.5594879370135657,0.9723067671119395,-3.0024021119380375,3.1106782698044766,0.1531395438492975
1611,full+winnable,0.5,2009,regional,all,35,1490,95,0.05685534338334058,0.6841750845122292,0.9337715681112385,-1.2841031813802763,1.3978138681469574,0.24283716341443684
1179,controls+winnable,0.5,2009,regional,all,35,1490,95,0.05685534338335469,0.6841750845122306,0.9337715681112223,-1.284103181380265,1.3978138681469745,0.24283716341443684
1489,full+winnable,0.25,2009,national,all,20,1083,87,0.05800246035760142,1.5592520956907312,0.9703264169195983,-2.9980754900148336,3.1140804107300366,0.15246141201619168
1057,controls+winnable,0.25,2009,national,all,20,1083,87,0.05800246035760343,1.5592520956907314,0.9703264169195972,-2.9980754900148323,3.114080410730039,0.15246141201619168
1205,controls+winnable,1.0,all,national,general,20,1460,121,0.05819171184670241,1.236145556199549,0.9624533493285768,-2.364609057953647,2.4809924816470517,0.06208648283547047
621,year+winnable,0.25,2009,all,reserved,20,1118,87,0.058356337282113355,4.1618923937322727e-10,0.0,0.058356336466397436,0.05835633809782927,0.14959806303670786
969,controls+winnable,0.0,2009,regional,reserved,20,1170,89,0.05940132010766445,0.6538361369436758,0.9276114068592908,-1.222093960092739,1.3408966003080678,0.27713341703982697
1401,full+winnable,0.0,2009,regional,reserved,20,1170,89,0.05940132010767045,0.6538361369436774,0.9276114068592837,-1.2220939600927359,1.3408966003080767,0.27713341703982697
1505,full+winnable,0.25,2009,regional,general,20,1526,87,0.06003918001483278,0.4591641225406151,0.8959670973741082,-0.8399059631577088,0.9599843231873744,0.23118130621872557
1073,controls+winnable,0.25,2009,regional,general,20,1526,87,0.06003918001483418,0.45916412254061495,0.8959670973741057,-0.8399059631577072,0.9599843231873756,0.23118130621872546
1601,full+winnable,0.5,2009,national,general,20,759,64,0.060823250150719294,1.9567103642027284,0.9752021970279701,-3.7742585918628806,3.8959050921643192,0.1600508400691676
1169,controls+winnable,0.5,2009,national,general,20,759,64,0.060823250150724,1.9567103642027273,0.9752021970279681,-3.7742585918628735,3.895905092164322,0.1600508400691678
466,year+winnable,0.0,all,regional,reserved,30,1753,126,0.060968466364116465,0.4928256425646205,0.9015432771377001,-0.9049520437203497,1.0268889764485827,0.1470823159381368
949,controls+winnable,0.0,2009,national,all,20,1086,87,0.06136904764715481,1.5591266965515354,0.968602439445133,-2.9944631249287643,3.1172012202230737,0.15251786693394875
1381,full+winnable,0.0,2009,national,all,20,1086,87,0.061369047647155506,1.5591266965515358,0.9686024394451327,-2.9944631249287643,3.1172012202230754,0.15251786693394898
185,none+winnable,0.25,2009,all,general,20,2298,151,0.0652053970166261,0.8788788758305869,0.94085795952558,-1.6573655463843742,1.7877763404176266,0.15415445079416767
617,year+winnable,0.25,2009,all,general,20,2298,151,0.0652053970166354,0.8788788758305865,0.9408579595255715,-1.6573655463843646,1.7877763404176352,0.15415445079416756
380,none+winnable,1.0,2004,national,general,40,749,64,0.06609976495010278,1.2561427565330565,0.9580337088921801,-2.3958947972955538,2.528094327195759,0.00013190165602572357
812,year+winnable,1.0,2004,national,general,40,749,64,0.06609976495010322,1.2561427565330563,0.9580337088921798,-2.395894797295553,2.528094327195759,0.00013190165602572357
189,none+winnable,0.25,2009,all,reserved,20,1118,87,0.07169487938578203,0.8603442839157273,0.9335869376930875,-1.6145489313939463,1.7579386901655105,0.15177267183293597
1244,controls+winnable,1.0,2004,national,general,40,749,64,0.07238930482157528,1.246683412103819,0.9536964491685246,-2.371065283025416,2.515843892668567,0.017348232018047693
1676,full+winnable,1.0,2004,national,general,40,749,64,0.07238930482157639,1.24668341210382,0.9536964491685239,-2.371065283025417,2.5158438926685696,0.017348232018047693
1529,full+winnable,0.5,all,national,general,20,1530,128,0.07277536651477837,1.1541491339652619,0.9497223676932465,-2.1893153688452287,2.334866101874786,0.10780886517532728
1313,full+winnable,0.0,all,national,general,20,1549,128,0.07284674745187476,1.1541870870397661,0.9496747715362508,-2.1893183745672635,2.335011869471013,0.10760077262260015
1421,full+winnable,0.25,all,national,general,20,1547,128,0.07447277212812413,1.1542198517569817,0.9485544529642543,-2.18775656755672,2.3367021118129685,0.10761589358098034
1053,controls+winnable,0.25,2009,all,reserved,20,1118,87,0.0758919431103622,0.851905373652854,0.9290144021997131,-1.5938119074853692,1.7455957937060935,0.1642823167908274
1485,full+winnable,0.25,2009,all,reserved,20,1118,87,0.07589194311037152,0.8519053736528545,0.9290144021997044,-1.5938119074853607,1.7455957937061037,0.16428231679082728
341,none+winnable,1.0,all,national,general,20,1460,121,0.0762083048776993,1.2553270844096385,0.9515918185729741,-2.3841875693828642,2.536604179138263,0.041790958474175466
1695,full+winnable,1.0,2009,all,all,35,1802,126,0.07798976772694047,1.1440328657267431,0.9456495792276193,-2.164273446227624,2.3202529816815045,0.17285535681437758
1263,controls+winnable,1.0,2009,all,all,35,1802,126,0.07798976772695046,1.1440328657267427,0.9456495792276123,-2.1642734462276128,2.320252981681514,0.17285535681437758
1675,full+winnable,1.0,2004,national,general,35,749,64,0.0781328945449435,1.2510767552813973,0.9502024726149854,-2.373932487701826,2.530198276791713,0.017269423532239703
1243,controls+winnable,1.0,2004,national,general,35,749,64,0.07813289454494417,1.2510767552813964,0.9502024726149848,-2.3739324877018237,2.5301982767917117,0.017269423532239703
270,none+winnable,0.5,2004,national,general,30,771,64,0.08099265301006557,1.2698096254625488,0.9491427728850611,-2.407788480118825,2.5697737861389567,0.0006236299965456382
702,year+winnable,0.5,2004,national,general,30,771,64,0.08099265301006567,1.2698096254625488,0.9491427728850611,-2.407788480118825,2.5697737861389567,0.0006236299965456382
1050,controls+winnable,0.25,2009,all,general,30,2298,151,0.08195949518958015,0.8738406261624347,0.9252741729504657,-1.6307366603167213,1.7946556506958815,0.1657031499942937
1482,full+winnable,0.25,2009,all,general,30,2298,151,0.0819594951895877,0.8738406261624349,0.9252741729504588,-1.630736660316714,1.7946556506958893,0.16570314999429359
1061,controls+winnable,0.25,2009,national,general,20,772,64,0.08352471039135251,1.9562778042060693,0.9659440828398915,-3.7507093296076426,3.9177587503903477,0.16043704669168024
1493,full+winnable,0.25,2009,national,general,20,772,64,0.08352471039135734,1.9562778042060698,0.9659440828398896,-3.7507093296076386,3.9177587503903535,0.16043704669168002
1154,controls+winnable,0.5,2009,all,all,30,2554,182,0.08399006905344651,0.8182887537618291,0.9182478110915369,-1.519826417273903,1.6878065553807962,0.17358361790646637
1586,full+winnable,0.5,2009,all,all,30,2554,182,0.08399006905344696,0.8182887537618297,0.9182478110915365,-1.519826417273904,1.687806555380798,0.17358361790646637
205,none+winnable,0.25,2009,regional,all,20,2333,151,0.08406177496168893,0.4293558394434983,0.8447778277583546,-0.7574602068995298,0.9255837568229075,0.22820051973998723
637,year+winnable,0.25,2009,regional,all,20,2333,151,0.0842978897371139,0.21400728519835116,0.693653421033112,-0.33514868168084616,0.503744461155074,0.2281944151130596
1385,full+winnable,0.0,2009,national,general,20,774,64,0.08479379380320648,1.9560475448219012,0.965422887850849,-3.748988946095717,3.9185765337021303,0.16055604809410373
953,controls+winnable,0.0,2009,national,general,20,774,64,0.08479379380321403,1.9560475448219012,0.9654228878508458,-3.7489889460957095,3.918576533702138,0.16055604809410373
594,year+winnable,0.25,2004,national,general,30,775,64,0.08586101449599498,1.2698976859731579,0.9460940687515222,-2.40309271406215,2.57481474305414,0.000665264896827944
162,none+winnable,0.25,2004,national,general,30,775,64,0.08586101449599498,1.2698976859731574,0.9460940687515221,-2.403092714062149,2.574814743054139,0.000665264896828166
54,none+winnable,0.0,2004,national,general,30,775,64,0.08586101449599498,1.2698976859731574,0.9460940687515221,-2.403092714062149,2.574814743054139,0.000665264896828166
486,year+winnable,0.0,2004,national,general,30,775,64,0.08586101449599498,1.2698976859731579,0.9460940687515222,-2.40309271406215,2.57481474305414,0.000665264896827944
1545,full+winnable,0.5,all,regional,reserved,20,941,71,0.08956864992731525,0.7812171294809663,0.9087204098317732,-1.4415887879611429,1.6207260878157732,0.15392937216580926
1267,controls+winnable,1.0,2009,all,general,35,1262,86,0.09027368120664414,1.4665135664252078,0.950915889473064,-2.784040091826151,2.9645874542394397,0.16447652305539684
1699,full+winnable,1.0,2009,all,general,35,1262,86,0.0902736812066599,1.4665135664252087,0.9509158894730555,-2.7840400918261374,2.964587454239457,0.1644765230553964
537,year+winnable,0.0,2009,regional,reserved,20,1170,89,0.09190816453809467,3.803363531992538e-10,0.0,0.09190816379264911,0.09190816528354022,0.27136688152803
1546,full+winnable,0.5,all,regional,reserved,30,941,71,0.09202319836989976,0.7571113929257728,0.9032592755833052,-1.3918878640495682,1.5759342607893678,0.1659335357863959
105,none+winnable,0.0,2009,regional,reserved,20,1170,89,0.0969541489736459,0.64942783731751,0.8813235091366467,-1.175901022726411,1.3698093206737028,0.27199629360110544
1674,full+winnable,1.0,2004,national,general,30,749,64,0.09824827675477961,1.254831113599377,0.9375925866298237,-2.3611755125802887,2.5576720660898475,0.017361782051795394
1242,controls+winnable,1.0,2004,national,general,30,749,64,0.09824827675478005,1.2548311135993775,0.9375925866298234,-2.361175512580289,2.557672066089849,0.017361782051795505
809,year+winnable,1.0,2004,national,general,20,749,64,0.09943615493966235,1.2555860651174695,0.936877511064653,-2.361467312180941,2.5603396220602654,0.00043849377228744046
377,none+winnable,1.0,2004,national,general,20,749,64,0.09943615493966279,1.2555860651174686,0.9368775110646527,-2.3614673121809386,2.560339622060264,0.00043849377228744046
399,none+winnable,1.0,2009,all,all,35,1802,126,0.10020010901205464,1.1597988298203397,0.9311529087285849,-2.17296382674751,2.3733640447716193,0.15478905391935827
271,none+winnable,0.5,2004,national,general,35,771,64,0.1049942894749336,1.261168946436096,0.9336515114641827,-2.3668514239601395,2.5768400029100063,0.0006816647851519697
703,year+winnable,0.5,2004,national,general,35,771,64,0.10499428947493405,1.2611689464360967,0.9336515114641823,-2.3668514239601404,2.576840002910008,0.0006816647851519697
206,none+winnable,0.25,2009,regional,all,30,2333,151,0.10615593454310933,0.41642567505206973,0.7987835876538356,-0.710023390796727,0.9223352598829457,0.23261454996106146
638,year+winnable,0.25,2009,regional,all,30,2333,151,0.10635542355635738,1.0060725138218524e-09,0.0,0.10635542158449149,0.10635542552822327,0.23260606884442503
831,year+winnable,1.0,2009,all,all,35,1802,126,0.10994354705137922,0.8273698531256442,0.8942857598470152,-1.5116715669690777,1.731558661071836,0.15346237057404555
163,none+winnable,0.25,2004,national,general,35,775,64,0.11082661385730504,1.2610940104653336,0.929970998860248,-2.360872227773927,2.5825254554885366,0.0007203045470800529
55,none+winnable,0.0,2004,national,general,35,775,64,0.11082661385730504,1.2610940104653336,0.929970998860248,-2.360872227773927,2.5825254554885366,0.0007203045470800529
487,year+winnable,0.0,2004,national,general,35,775,64,0.11082661385730572,1.2610940104653336,0.9299709988602476,-2.360872227773926,2.5825254554885375,0.0007203045470802749
595,year+winnable,0.25,2004,national,general,35,775,64,0.11082661385730572,1.2610940104653336,0.9299709988602476,-2.360872227773926,2.5825254554885375,0.0007203045470802749
1437,full+winnable,0.25,all,regional,reserved,20,1303,99,0.1121952047380368,0.5742532367280282,0.8450987341555896,-1.0133204572544523,1.2377108667305259,0.14487627091679722
1501,full+winnable,0.25,2009,regional,all,20,2333,151,0.11315586899140415,0.4293778928922907,0.792138670567923,-0.7284093368351825,0.9547210748179908,0.23730267367873703
1069,controls+winnable,0.25,2009,regional,all,20,2333,151,0.1131558689914055,0.42937789289229084,0.7921386705679206,-0.7284093368351814,0.9547210748179924,0.23730267367873703
1136,controls+winnable,0.5,2004,national,general,40,771,64,0.11410207620620576,1.2466364113638326,0.927073097864061,-2.3292603918831656,2.557464544295577,0.017131581856966505
1568,full+winnable,0.5,2004,national,general,40,771,64,0.11410207620620606,1.2466364113638329,0.9270730978640608,-2.3292603918831656,2.557464544295578,0.017131581856966505
1713,full+winnable,1.0,2009,national,reserved,20,272,22,0.11501991032990011,2.5348708499801687,0.9638083618131521,-4.853235661091665,5.083275481751466,0.14663565315423832
1281,controls+winnable,1.0,2009,national,reserved,20,272,22,0.11501991032990366,2.5348708499801678,0.963808361813151,-4.853235661091659,5.083275481751468,0.1466356531542381
1438,full+winnable,0.25,all,regional,reserved,30,1303,99,0.11525614208613104,0.5580955300803287,0.8363871883285411,-0.9785909968041037,1.2091032809763658,0.15268763134051933
1352,full+winnable,0.0,2004,national,general,40,775,64,0.11538472288959498,1.246688291081072,0.9262586957689393,-2.3280794275770935,2.5588488733562835,0.017293125692816158
1460,full+winnable,0.25,2004,national,general,40,775,64,0.11538472288959498,1.246688291081072,0.9262586957689393,-2.3280794275770935,2.5588488733562835,0.017293125692816158
920,controls+winnable,0.0,2004,national,general,40,775,64,0.11538472288959563,1.2466882910810717,0.9262586957689388,-2.3280794275770926,2.5588488733562835,0.017293125692816158
1028,controls+winnable,0.25,2004,national,general,40,775,64,0.11538472288959563,1.2466882910810717,0.9262586957689388,-2.3280794275770926,2.5588488733562835,0.017293125692816158
1135,controls+winnable,0.5,2004,national,general,35,771,64,0.11579999366386094,1.251768869120493,0.9262935727858813,-2.3376219067807376,2.5692218941084595,0.017060245774928928
1567,full+winnable,0.5,2004,national,general,35,771,64,0.11579999366386173,1.2517688691204922,0.9262935727858808,-2.3376219067807353,2.569221894108459,0.017060245774928928
1027,controls+winnable,0.25,2004,national,general,35,775,64,0.11697823476315791,1.2518885972181202,0.9255528945703686,-2.336678328440728,2.5706347979670436,0.017222063533215426
919,controls+winnable,0.0,2004,national,general,35,775,64,0.11697823476315791,1.2518885972181202,0.9255528945703686,-2.336678328440728,2.5706347979670436,0.017222063533215426
1351,full+winnable,0.0,2004,national,general,35,775,64,0.11697823476315926,1.2518885972181204,0.9255528945703677,-2.336678328440727,2.5706347979670454,0.017222063533215426
1459,full+winnable,0.25,2004,national,general,35,775,64,0.11697823476315926,1.2518885972181204,0.9255528945703677,-2.336678328440727,2.5706347979670454,0.017222063533215426
1045,controls+winnable,0.25,2009,all,all,20,3416,238,0.12260268682599107,0.628347352197821,0.8452995645678181,-1.1089354932628428,1.354140866914825,0.1720046621256276
1477,full+winnable,0.25,2009,all,all,20,3416,238,0.12260268682602876,0.6283473521978238,0.8452995645677718,-1.1089354932628106,1.3541408669148682,0.17200466212562748
573,year+winnable,0.25,all,regional,reserved,20,1303,99,0.1264457077135764,0.5794469907290661,0.8272593359498429,-1.0092495250655078,1.2621409404926605,0.13311792462787553
1197,controls+winnable,1.0,all,all,reserved,20,1168,92,0.12659617517848726,0.9154609806173731,0.8900137524811029,-1.6676743760832846,1.920866726440259,0.07191747025390793
1566,full+winnable,0.5,2004,national,general,30,771,64,0.129514945562905,1.2565345189422272,0.9179049307321707,-2.333247456895223,2.5922773480210326,0.017104418337434812
1134,controls+winnable,0.5,2004,national,general,30,771,64,0.129514945562905,1.2565345189422275,0.9179049307321707,-2.333247456895223,2.5922773480210335,0.017104418337434812
272,none+winnable,0.5,2004,national,general,40,771,64,0.12963633986647818,1.2551403782976853,0.9177373076269993,-2.330393597138964,2.5896662768719203,0.000288708162361373
704,year+winnable,0.5,2004,national,general,40,771,64,0.12963633986647918,1.2551403782976862,0.9177373076269988,-2.330393597138965,2.589666276871923,0.000288708162361373
1458,full+winnable,0.25,2004,national,general,30,775,64,0.13065542998250088,1.2566804600803025,0.9171941900838814,-2.3323930118501175,2.593703871815119,0.01726542341902948
1350,full+winnable,0.0,2004,national,general,30,775,64,0.13065542998250088,1.2566804600803025,0.9171941900838814,-2.3323930118501175,2.593703871815119,0.01726542341902948
918,controls+winnable,0.0,2004,national,general,30,775,64,0.13065542998250132,1.2566804600803025,0.917194190083881,-2.332393011850117,2.5937038718151193,0.017265423419029702
1026,controls+winnable,0.25,2004,national,general,30,775,64,0.13065542998250132,1.2566804600803025,0.917194190083881,-2.332393011850117,2.5937038718151193,0.017265423419029702
1502,full+winnable,0.25,2009,regional,all,30,2333,151,0.13090681461628143,0.41530620792736395,0.7526056048375083,-0.683078395477255,0.9448920247098178,0.23912163578306245
1070,controls+winnable,0.25,2009,regional,all,30,2333,151,0.1309068146162864,0.4153062079273639,0.7526056048374992,-0.6830783954772499,0.9448920247098227,0.23912163578306245
574,year+winnable,0.25,all,regional,reserved,30,1303,99,0.1312048767448686,0.5623952287710715,0.8155311234112549,-0.9710695167235959,1.233479270213333,0.1414866597594051
334,none+winnable,1.0,all,all,reserved,30,1168,92,0.1331546113676359,0.9106870102623894,0.8837529559520474,-1.651759129935106,1.9180683526703777,0.07521600791417382
289,none+winnable,0.5,2009,all,all,20,2554,182,0.13414019316983197,0.830148594388603,0.8716320702618814,-1.4929211536483795,1.7612015399880436,0.1521345133614206
1630,full+winnable,1.0,all,all,reserved,30,1168,92,0.13480598831547014,0.8948069142147145,0.8802488842829254,-1.618983336662792,1.8885953132937323,0.1220338347049712
403,none+winnable,1.0,2009,all,general,35,1262,86,0.13622709556680052,1.495789098385329,0.927434004661346,-2.7954656657360837,3.067919856869685,0.1444753742237299
596,year+winnable,0.25,2004,national,general,40,775,64,0.13652972936486318,1.254916488521845,0.9133644007631728,-2.323061391743425,2.596120850473151,0.0003100197103178548
488,year+winnable,0.0,2004,national,general,40,775,64,0.13652972936486318,1.254916488521845,0.9133644007631728,-2.323061391743425,2.596120850473151,0.0003100197103178548
56,none+winnable,0.0,2004,national,general,40,775,64,0.13652972936486418,1.2549164885218438,0.9133644007631722,-2.3230613917434217,2.5961208504731506,0.0003100197103178548
164,none+winnable,0.25,2004,national,general,40,775,64,0.13652972936486418,1.2549164885218438,0.9133644007631722,-2.3230613917434217,2.5961208504731506,0.0003100197103178548
721,year+winnable,0.5,2009,all,all,20,2554,182,0.13863581787162532,5.938165247449192e-10,0.0,0.1386358167077663,0.13863581903548433,0.15087214573110352
1510,full+winnable,0.25,2009,regional,reserved,30,807,64,0.14267380744671115,0.7654304705493551,0.85213358415572,-1.3575423474995714,1.6428899623929936,0.2946231965303784
1078,controls+winnable,0.25,2009,regional,reserved,30,807,64,0.14267380744671304,0.765430470549355,0.852133584155718,-1.3575423474995691,1.6428899623929953,0.2946231965303784
210,none+winnable,0.25,2009,regional,general,30,1526,87,0.1438096371951265,0.45983244402115325,0.7544754955837699,-0.7574453920093643,1.0450646663996173,0.21191171015917387
642,year+winnable,0.25,2009,regional,general,30,1526,87,0.14422012426099004,0.3428516223382517,0.6740115518668046,-0.5277567075631115,0.8161969560850917,0.21190206088186359
1241,controls+winnable,1.0,2004,national,general,20,749,64,0.1465211634309226,1.234651654994126,0.90553356348168,-2.2733516138103367,2.5663939406721816,0.02090542827994879
1673,full+winnable,1.0,2004,national,general,20,749,64,0.14652116343092328,1.2346516549941255,0.9055335634816795,-2.273351613810335,2.5663939406721816,0.02090542827994879
1049,controls+winnable,0.25,2009,all,general,20,2298,151,0.14676874797309222,0.8647277757239674,0.86522384168172,-1.5480665488773133,1.8416040448234976,0.1758178781918911
1481,full+winnable,0.25,2009,all,general,20,2298,151,0.14676874797309425,0.8647277757239679,0.8652238416817182,-1.548066548877312,1.8416040448235007,0.17581787819189132
835,year+winnable,1.0,2009,all,general,35,1262,86,0.1495951783663118,4.0515008423841756e-09,0.0,0.14959517042551607,0.14959518630710755,0.14299898139416822
1296,controls+winnable,1.0,2009,regional,reserved,40,268,18,0.15124955295640685,2.2783905000044116,0.9470718014552704,-4.314313769770446,4.61681287568326,0.18368570282075758
1728,full+winnable,1.0,2009,regional,reserved,40,268,18,0.15124955295641462,2.2783905000044107,0.9470718014552677,-4.314313769770436,4.616812875683266,0.1836857028207578
1709,full+winnable,1.0,2009,national,general,20,711,57,0.15345699222559972,2.1542284157522906,0.9432105300037177,-4.068753117121668,4.375667101572867,0.15507127078970728
1277,controls+winnable,1.0,2009,national,general,20,711,57,0.15345699222561043,2.1542284157522893,0.9432105300037137,-4.068753117121655,4.375667101572875,0.15507127078970728
269,none+winnable,0.5,2004,national,general,20,771,64,0.1561928549120467,1.2593035689547554,0.9012906207489434,-2.3119967858420263,2.62438249566612,0.00010573328356777711
701,year+winnable,0.5,2004,national,general,20,771,64,0.15619285491204687,1.2593035689547554,0.9012906207489433,-2.3119967858420263,2.62438249566612,0.00010573328356777711
161,none+winnable,0.25,2004,national,general,20,775,64,0.16231510766541965,1.2597197644719202,0.8974762052846994,-2.3066902613128235,2.631320476643663,8.636004963136212e-05
53,none+winnable,0.0,2004,national,general,20,775,64,0.16231510766541965,1.2597197644719202,0.8974762052846994,-2.3066902613128235,2.631320476643663,8.636004963136212e-05
485,year+winnable,0.0,2004,national,general,20,775,64,0.1623151076654202,1.2597197644719198,0.8974762052846991,-2.306690261312822,2.6313204766436624,8.636004963136212e-05
593,year+winnable,0.25,2004,national,general,20,775,64,0.1623151076654202,1.2597197644719198,0.8974762052846991,-2.306690261312822,2.6313204766436624,8.636004963136212e-05
646,year+winnable,0.25,2009,regional,reserved,30,807,64,0.18632538551748093,6.466639759365296e-11,0.0,0.18632538539073712,0.18632538564422474,0.2885799374290037
1727,full+winnable,1.0,2009,regional,reserved,35,268,18,0.1879188980167097,2.6924383086274726,0.9443567777446085,-5.089163217489075,5.465001013522494,0.2749153910501331
1295,controls+winnable,1.0,2009,regional,reserved,35,268,18,0.18791889801671946,2.692438308627476,0.9443567777446056,-5.089163217489072,5.465001013522511,0.2749153910501331
1074,controls+winnable,0.25,2009,regional,general,30,1526,87,0.18851312381583799,0.4610129759985905,0.6826052201140576,-0.7150557055470277,1.0920819531787036,0.21748461298215638
1506,full+winnable,0.25,2009,regional,general,30,1526,87,0.18851312381584176,0.46101297599859103,0.6826052201140519,-0.715055705547025,1.0920819531787085,0.21748461298215638
214,none+winnable,0.25,2009,regional,reserved,30,807,64,0.19090851439743525,0.7576025980478434,0.8010485528017938,-1.2939652923703129,1.6757823211651832,0.28901204929752844
1133,controls+winnable,0.5,2004,national,general,20,771,64,0.19180882366422583,1.2389654296319548,0.8769681895452894,-2.2365187965046003,2.6201364438330517,0.019708684571808965
1565,full+winnable,0.5,2004,national,general,20,771,64,0.19180882366422597,1.2389654296319554,0.8769681895452893,-2.236518796504601,2.6201364438330534,0.019708684571809076
917,controls+winnable,0.0,2004,national,general,20,775,64,0.19461687536985856,1.2393541459528619,0.8752205092468125,-2.234472614788148,2.6237063655278656,0.019839423961552027
1025,controls+winnable,0.25,2004,national,general,20,775,64,0.19461687536985856,1.2393541459528619,0.8752205092468125,-2.234472614788148,2.6237063655278656,0.019839423961552027
1349,full+winnable,0.0,2004,national,general,20,775,64,0.1946168753698599,1.239354145952862,0.8752205092468116,-2.2344726147881473,2.6237063655278674,0.019839423961552027
1457,full+winnable,0.25,2004,national,general,20,775,64,0.1946168753698599,1.239354145952862,0.8752205092468116,-2.2344726147881473,2.6237063655278674,0.019839423961552027
409,none+winnable,1.0,2009,national,all,20,983,79,0.19553310885548308,1.730746267957113,0.9100494367105934,-3.1966672427175684,3.5877334604285345,0.1172165187823706
1273,controls+winnable,1.0,2009,national,all,20,983,79,0.19613070645716327,1.6810961605815644,0.9071228761374174,-3.0987572228312663,3.4910186357455926,0.15093982779368043
1705,full+winnable,1.0,2009,national,all,20,983,79,0.19613070645716793,1.6810961605815635,0.9071228761374152,-3.0987572228312597,3.4910186357455957,0.15093982779368043
864,year+winnable,1.0,2009,regional,reserved,40,268,18,0.21652940592452663,2.093520504197422,0.9176229996796997,-3.886695383198555,4.319754195047608,0.17415474375160855
294,none+winnable,0.5,2009,all,general,30,1721,117,0.22666317448114073,1.135390249129621,0.841766368140362,-1.9986608222108762,2.451987171173158,0.151168035043597
1198,controls+winnable,1.0,all,all,reserved,30,1168,92,0.22827709690433368,0.9142498127170807,0.8028287322802552,-1.563619608893634,2.0201738027023013,0.08304031617513108
726,year+winnable,0.5,2009,all,general,30,1721,117,0.23018443310815445,0.5888568283953759,0.6958707787733708,-0.9239537425972655,1.3843226088135743,0.14958121183637285
432,none+winnable,1.0,2009,regional,reserved,40,268,18,0.23354562200119555,2.2717950010049606,0.918119924951007,-4.2190907602266625,4.686182004229054,0.18222132520629142
790,year+winnable,1.0,all,regional,reserved,30,577,43,0.24123246485527428,1.0619274053270245,0.8202956429736685,-1.8401070037817613,2.32257193349231,0.15695555678347284
1585,full+winnable,0.5,2009,all,all,20,2554,182,0.2430854710739711,0.8135241456157036,0.765088471069516,-1.3513925548865264,1.8375634970344688,0.17531058515872378
1153,controls+winnable,0.5,2009,all,all,20,2554,182,0.2430854710739903,0.8135241456157043,0.7650884710694982,-1.3513925548865087,1.8375634970344892,0.1753105851587239
841,year+winnable,1.0,2009,national,all,20,983,79,0.25056127741051737,1.1299815975177005e-10,0.0,0.25056127718904503,0.2505612776319897,0.1160808998551669
753,year+winnable,0.5,2009,regional,reserved,20,528,42,0.250804799459448,1.4777599701299317e-11,0.0,0.25080479943048445,0.25080479948841156,0.2371109078861101
789,year+winnable,1.0,all,regional,reserved,20,577,43,0.25313794238822207,1.0980409097617634,0.8176753046412425,-1.8989826942964296,2.405258579072874,0.1409049382096882
1158,controls+winnable,0.5,2009,all,general,30,1721,117,0.25611212962279534,1.1211349886262778,0.8193041592834451,-1.9412720698924322,2.453496329138023,0.16775903178578278
1590,full+winnable,0.5,2009,all,general,30,1721,117,0.25611212962280305,1.1211349886262776,0.8193041592834398,-1.941272069892424,2.45349632913803,0.16775903178578255
1617,full+winnable,0.5,2009,regional,reserved,20,528,42,0.26217857949851897,1.226981695242103,0.8307984324600869,-2.1426613528659035,2.6670185118629415,0.24672638582806616
1185,controls+winnable,0.5,2009,regional,reserved,20,528,42,0.2621785794985296,1.2269816952421024,0.8307984324600801,-2.1426613528658915,2.667018511862951,0.24672638582806639
313,none+winnable,0.5,2009,regional,all,20,1490,95,0.26381286759318406,0.6601312970569297,0.6894239266075276,-1.0300206997061099,1.5576464348924781,0.23035157857218902
745,year+winnable,0.5,2009,regional,all,20,1490,95,0.26425335968387254,0.2975361472710246,0.37446616103735764,-0.31890677306614124,0.8474134924338863,0.2303508214866281
321,none+winnable,0.5,2009,regional,reserved,20,528,42,0.2647845254046486,1.2353005763283378,0.8302754887719916,-2.1563601142804654,2.685929165089763,0.2382380641362587
293,none+winnable,0.5,2009,all,general,20,1721,117,0.27393199158316917,1.126867457386965,0.8079344531694763,-1.9346876402455067,2.4825516234118448,0.15480894764224018
725,year+winnable,0.5,2009,all,general,20,1721,117,0.28468408560190606,1.5894300437951873e-09,0.0,0.2846840824866804,0.2846840887171317,0.15344322053296622
314,none+winnable,0.5,2009,regional,all,30,1490,95,0.28502417365337457,0.639121268272529,0.6556242719520138,-0.9676304939143443,1.5376788412210933,0.24080658113098496
746,year+winnable,0.5,2009,regional,all,30,1490,95,0.28532798385177344,0.3236886490664532,0.3780532047266889,-0.34909011052289945,0.9197460782264464,0.24080377854535584
1077,controls+winnable,0.25,2009,regional,reserved,20,807,64,0.29942482293513145,0.8160649190826296,0.7136839184643833,-1.300033027513416,1.898882673383679,0.25492971737808934
1509,full+winnable,0.25,2009,regional,reserved,20,807,64,0.29942482293513417,0.8160649190826295,0.7136839184643807,-1.300033027513413,1.8988826733836814,0.25492971737808934
645,year+winnable,0.25,2009,regional,reserved,20,807,64,0.33464083799840505,1.180346875073344e-10,0.0,0.3346408377670613,0.33464083822974877,0.24725270507627828
213,none+winnable,0.25,2009,regional,reserved,20,807,64,0.34219519639918095,0.8115860662748212,0.6732895615350357,-1.2484842638540061,1.932874656652368,0.24931583615119934
1178,controls+winnable,0.5,2009,regional,all,30,1490,95,0.3511096955168958,0.6328247339676303,0.5790114333708556,-0.8892039915858005,1.591423382619592,0.24986650333152993
1610,full+winnable,0.5,2009,regional,all,30,1490,95,0.351109695516897,0.6328247339676306,0.5790114333708545,-0.8892039915857999,1.591423382619594,0.24986650333152993
413,none+winnable,1.0,2009,national,general,20,711,57,0.3511620873073185,2.2135080588184595,0.873948536799169,-3.987233987466029,4.689558162080666,0.11928846157381656
1589,full+winnable,0.5,2009,all,general,20,1721,117,0.3519848961647359,1.1051720141661894,0.7501141975402891,-1.8141124483225857,2.5180822406520575,0.18057204437131824
1157,controls+winnable,0.5,2009,all,general,20,1721,117,0.3519848961647441,1.1051720141661887,0.7501141975402832,-1.8141124483225761,2.518082240652064,0.18057204437131824
1609,full+winnable,0.5,2009,regional,all,20,1490,95,0.35325521729621867,0.6554554318689779,0.589923974351445,-0.9314138226381252,1.6379242572305626,0.242659538222188
1177,controls+winnable,0.5,2009,regional,all,20,1490,95,0.35325521729621895,0.6554554318689785,0.589923974351445,-0.9314138226381261,1.637924257230564,0.242659538222188
845,year+winnable,1.0,2009,national,general,20,711,57,0.3729556255925415,4.0787011369123396e-10,0.0,0.3729556247931307,0.37295562639195223,0.11776075447754197
1654,full+winnable,1.0,all,regional,reserved,30,577,43,0.3799665538186122,1.0366330375578305,0.7139628324651398,-1.6517968649790928,2.4117299726163175,0.17739355609985896
863,year+winnable,1.0,2009,regional,reserved,35,268,18,0.4072945015269851,2.4708889193416036e-11,0.0,0.40729450147855656,0.40729450157541364,0.2643762158805498
431,none+winnable,1.0,2009,regional,reserved,35,268,18,0.41338706762047117,2.668977968928818,0.8769112658821934,-4.817713627010876,5.644487762251818,0.2649088342162301
1653,full+winnable,1.0,all,regional,reserved,20,577,43,0.41739228082910634,1.0773360322576004,0.6984379103037621,-1.6941475416430725,2.528932103301285,0.16178299423395526
317,none+winnable,0.5,2009,regional,general,20,962,53,0.4337556455876697,0.680943349498335,0.5241298828702348,-0.9008687949411376,1.768380086116477,0.23104479466894778
749,year+winnable,0.5,2009,regional,general,20,962,53,0.4339312091647544,0.47549510365762554,0.36145917550084405,-0.49802206882933137,1.3658844871588403,0.23104446825388392
406,none+winnable,1.0,2009,all,reserved,30,540,40,0.4435863066319364,1.6583769528175158,0.7890979216389165,-2.806772793681675,3.693945406945548,0.16392822110198269
838,year+winnable,1.0,2009,all,reserved,30,540,40,0.44358630663193926,1.6583769528175147,0.789097921638915,-2.80677279368167,3.6939454069455486,0.16392822110198269
319,none+winnable,0.5,2009,regional,general,35,962,53,0.45209778464187667,0.7178778414501614,0.5288452071677766,-0.9549169298997949,1.8591124991835484,0.23618512188474594
358,none+winnable,1.0,all,regional,reserved,30,577,43,0.45256188339911746,1.0705519513723176,0.672487182232369,-1.6456813848697005,2.5508051516679355,0.11254964384469202
751,year+winnable,0.5,2009,regional,general,35,962,53,0.45317665098032667,4.6683362583525945e-11,0.0,0.45317665088882897,0.45317665107182437,0.23618251471451412
1615,full+winnable,0.5,2009,regional,general,35,962,53,0.4537390612489427,0.721926187758268,0.5296687793625376,-0.9612102662535635,1.868688388751449,0.23956223893863704
1183,controls+winnable,0.5,2009,regional,general,35,962,53,0.4537390612489462,0.7219261877582673,0.529668779362534,-0.9612102662535587,1.8686883887514512,0.23956223893863715
1270,controls+winnable,1.0,2009,all,reserved,30,540,40,0.45585609578327874,1.6628491492834174,0.7839758198844681,-2.803268348535287,3.7149805401018448,0.18375887259389823
1702,full+winnable,1.0,2009,all,reserved,30,540,40,0.45585609578328506,1.6628491492834176,0.7839758198844651,-2.803268348535281,3.7149805401018514,0.18375887259389845
398,none+winnable,1.0,2009,all,all,30,1802,126,0.46460566197839936,1.1567100488707949,0.6879333094253385,-1.8025043743639242,2.731715698320723,0.14602201443527207
357,none+winnable,1.0,all,regional,reserved,20,577,43,0.4751068868103236,1.0967900685048597,0.6648844280321868,-1.67456214606042,2.6247759196810674,0.09924705203972572
830,year+winnable,1.0,2009,all,all,30,1802,126,0.4773038330575764,0.5748200323475617,0.406338940773988,-0.6493227279357935,1.6039303940509462,0.14502199496731583
402,none+winnable,1.0,2009,all,general,30,1262,86,0.48246829461534,1.5239368839499912,0.7515521767039806,-2.5043931126388386,3.4693297018695186,0.1394064942518266
1266,controls+winnable,1.0,2009,all,general,30,1262,86,0.4916463801827861,1.501828157472492,0.7433916311227164,-2.451882719431447,3.435175479797019,0.15942358412304125
1698,full+winnable,1.0,2009,all,general,30,1262,86,0.49164638018279216,1.5018281574724923,0.7433916311227136,-2.4518827194314414,3.4351754797970258,0.15942358412304125
834,year+winnable,1.0,2009,all,general,30,1262,86,0.5024402001552649,0.7924917517627151,0.5260804683904514,-1.0508150913447136,2.0556954916552437,0.1375012549139185
1694,full+winnable,1.0,2009,all,all,30,1802,126,0.504430632246907,1.1425586630895468,0.6588567739600903,-1.7349431976328384,2.7438044621266524,0.1653353347610549
1262,controls+winnable,1.0,2009,all,all,30,1802,126,0.5044306322469158,1.142558663089547,0.6588567739600848,-1.73494319763283,2.7438044621266617,0.16533533476105478
1181,controls+winnable,0.5,2009,regional,general,20,962,53,0.5271680606118299,0.6911040491657156,0.44558795285945885,-0.8273709853227713,1.881707106546431,0.2429376114479922
1613,full+winnable,0.5,2009,regional,general,20,962,53,0.5271680606118361,0.6911040491657157,0.44558795285945363,-0.8273709853227653,1.8817071065464375,0.2429376114479922
1222,controls+winnable,1.0,all,regional,reserved,30,577,43,0.5761990193284137,1.0604815385049844,0.5868976886457928,-1.5023066024109821,2.6547046410678092,0.12414548291016958
833,year+winnable,1.0,2009,all,general,20,1262,86,0.618423738243915,4.150899963750687e-10,0.0,0.6184237374303536,0.6184237390574765,0.14891977319328664
401,none+winnable,1.0,2009,all,general,20,1262,86,0.6194774519542918,1.50448026003143,0.6805189187215825,-2.329249673158766,3.56820457706735,0.15026110702065876
1221,controls+winnable,1.0,all,regional,reserved,20,577,43,0.6216509432943197,1.086106129913658,0.5670735945906522,-1.5070779547246311,2.7503798413132707,0.111918530569036
423,none+winnable,1.0,2009,regional,all,35,819,47,0.6451702570826612,1.2416027348036909,0.6033236022150477,-1.7883263862390089,3.078666900404331,0.23764915517743546
855,year+winnable,1.0,2009,regional,all,35,819,47,0.6451702570826707,1.2416027348036907,0.6033236022150423,-1.7883263862389989,3.0786669004043405,0.23764915517743546
318,none+winnable,0.5,2009,regional,general,30,962,53,0.6509984084879362,0.6891032820632265,0.34481017626336863,-0.6996192059843339,2.0016160229602065,0.22443031374817812
750,year+winnable,0.5,2009,regional,general,30,962,53,0.6514357394358028,3.5634640600312785e-11,0.0,0.6514357393659602,0.6514357395056454,0.2244300108430387
1287,controls+winnable,1.0,2009,regional,all,35,819,47,0.6650393744162051,1.2486146568381764,0.594295414819062,-1.7822003835554592,3.1122791323878696,0.24488036006229474
1719,full+winnable,1.0,2009,regional,all,35,819,47,0.6650393744162071,1.2486146568381766,0.5942954148190609,-1.7822003835554576,3.112279132387872,0.24488036006229486
397,none+winnable,1.0,2009,all,all,20,1802,126,0.6931332535085949,1.151513305381177,0.5472190864602089,-1.563791352757185,2.950057859774375,0.14699206039450285
829,year+winnable,1.0,2009,all,all,20,1802,126,0.6990483414748072,0.46255658358740476,0.13071942446409857,-0.20754590316839716,1.6056425861180115,0.14582081696967364
1697,full+winnable,1.0,2009,all,general,20,1262,86,0.6994800997498651,1.4692990205754388,0.6340289138543553,-2.1802930630979707,3.579253262597701,0.179628195801392
1265,controls+winnable,1.0,2009,all,general,20,1262,86,0.6994800997498674,1.4692990205754397,0.6340289138543544,-2.18029306309797,3.579253262597705,0.179628195801392
1614,full+winnable,0.5,2009,regional,general,30,962,53,0.7132380399838889,0.6939310086850143,0.3040332382724009,-0.6468417447942907,2.0733178247620687,0.2313002320085189
1182,controls+winnable,0.5,2009,regional,general,30,962,53,0.7132380399838949,0.6939310086850144,0.3040332382723968,-0.6468417447942849,2.073317824762075,0.2313002320085188
1693,full+winnable,1.0,2009,all,all,20,1802,126,0.8198505274902401,1.1267167642830562,0.4668305419341592,-1.3884737512820555,3.0281748062625358,0.17530909162559716
1261,controls+winnable,1.0,2009,all,all,20,1802,126,0.8198505274902429,1.1267167642830564,0.46683054193415785,-1.3884737512820533,3.028174806262539,0.17530909162559716
425,none+winnable,1.0,2009,regional,general,20,551,29,0.8245834414189072,1.230755883152287,0.502869703346772,-1.587653763320362,3.2368206461581766,0.23577704414376
857,year+winnable,1.0,2009,regional,general,20,551,29,0.8255564208930568,3.728088058365863e-11,0.0,0.8255564208199876,0.825556420966126,0.23576271073681632
859,year+winnable,1.0,2009,regional,general,35,551,29,0.8550256736123005,3.863433535162537e-11,0.0,0.8550256735365787,0.8550256736880224,0.23300670185983519
427,none+winnable,1.0,2009,regional,general,35,551,29,0.8558637011081924,1.3068630623641035,0.5125325927501954,-1.7055408338511733,3.4172682360675584,0.23300765978593263
1291,controls+winnable,1.0,2009,regional,general,35,551,29,0.8793140045182554,1.3234835490369763,0.5064384256436576,-1.7146660857254687,3.4732940947619797,0.23849235077135278
1723,full+winnable,1.0,2009,regional,general,35,551,29,0.8793140045182674,1.3234835490369758,0.5064384256436516,-1.7146660857254559,3.473294094761991,0.23849235077135256
837,year+winnable,1.0,2009,all,reserved,20,540,40,0.8881356134685331,1.6839384612728672,0.5979049303776256,-2.4123231228080835,4.188594349745149,0.13937188929190214
405,none+winnable,1.0,2009,all,reserved,20,540,40,0.8881356134685339,1.683938461272867,0.5979049303776254,-2.412323122808082,4.18859434974515,0.13937188929190225
1269,controls+winnable,1.0,2009,all,reserved,20,540,40,1.020539457139876,1.668452212912094,0.5407571883694697,-2.2495667900939824,4.290645704373734,0.16756229100404585
1701,full+winnable,1.0,2009,all,reserved,20,540,40,1.020539457139881,1.6684522129120927,0.5407571883694675,-2.249566790093975,4.290645704373737,0.16756229100404596
1289,controls+winnable,1.0,2009,regional,general,20,551,29,1.065650719686589,1.2614439329433285,0.39823009119156694,-1.4067339573988937,3.538035396772072,0.25374621556188415
1721,full+winnable,1.0,2009,regional,general,20,551,29,1.0656507196865925,1.2614439329433278,0.39823009119156505,-1.4067339573988888,3.5380353967720737,0.25374621556188404
858,year+winnable,1.0,2009,regional,general,30,551,29,1.2481250566879394,4.843195521268073e-11,0.0,1.2481250565930144,1.2481250567828643,0.22489218615431272
426,none+winnable,1.0,2009,regional,general,30,551,29,1.249774421014235,1.2385738578090644,0.31295395829863715,-1.1777857324843652,3.677334574512835,0.2249061621790861
853,year+winnable,1.0,2009,regional,all,20,819,47,1.2606683763721427,1.1421833184852763,0.26970785328127755,-0.9779697916014412,3.4993065443457265,0.2277167741893903
421,none+winnable,1.0,2009,regional,all,20,819,47,1.2606683763721482,1.1421833184852768,0.26970785328127556,-0.9779697916014365,3.4993065443457327,0.2277167741893904
422,none+winnable,1.0,2009,regional,all,30,819,47,1.2677859772126292,1.0997934243952356,0.24901334561740962,-0.8877695250360074,3.423341479461266,0.23404563297099867
854,year+winnable,1.0,2009,regional,all,30,819,47,1.267785977212631,1.0997934243952356,0.24901334561740873,-0.8877695250360056,3.4233414794612678,0.23404563297099867
1718,full+winnable,1.0,2009,regional,all,30,819,47,1.4101852856432864,1.0953508232726383,0.1979451609933378,-0.7366628784073825,3.5570334496939555,0.24784083710589522
1286,controls+winnable,1.0,2009,regional,all,30,819,47,1.4101852856432937,1.0953508232726386,0.1979451609933356,-0.7366628784073757,3.557033449693963,0.24784083710589522
1726,full+winnable,1.0,2009,regional,reserved,30,268,18,1.4153996515660607,2.1694870125185868,0.5141353387167409,-2.836716757897767,5.667516061029888,0.2792406202887481
1294,controls+winnable,1.0,2009,regional,reserved,30,268,18,1.4153996515660672,2.169487012518586,0.5141353387167387,-2.8367167578977583,5.667516061029893,0.27924062028874796
1290,controls+winnable,1.0,2009,regional,general,30,551,29,1.4262565296928134,1.250528912972715,0.254068628527815,-1.0247351013597317,3.877248160745358,0.23540622437915526
1722,full+winnable,1.0,2009,regional,general,30,551,29,1.4262565296928176,1.2505289129727146,0.25406862852781353,-1.0247351013597266,3.8772481607453617,0.23540622437915526
862,year+winnable,1.0,2009,regional,reserved,30,268,18,1.464272541459464,0.8240308445835796,0.07557428379611016,-0.15079823607447462,3.0793433189934025,0.2608052427983263
1285,controls+winnable,1.0,2009,regional,all,20,819,47,1.467308139437946,1.1476005952975499,0.20104224254599157,-0.7819476959819778,3.71656397485787,0.24678241858360261
1717,full+winnable,1.0,2009,regional,all,20,819,47,1.4673081394379475,1.1476005952975503,0.20104224254599123,-0.7819476959819771,3.716563974857872,0.24678241858360261
430,none+winnable,1.0,2009,regional,reserved,30,268,18,1.4749330862921548,2.17625043524895,0.49793623448330593,-2.790439388135404,5.7403055607197135,0.2615977339290122
861,year+winnable,1.0,2009,regional,reserved,20,268,18,2.042406435274017,0.7021474492395312,0.0036281899286342597,0.6662227229278701,3.418590147620164,0.20791785330427126
429,none+winnable,1.0,2009,regional,reserved,20,268,18,2.0792245200872848,2.3184012226868895,0.3698067017581922,-2.4647583780926445,6.623207418267214,0.21435692465612843
1293,controls+winnable,1.0,2009,regional,reserved,20,268,18,2.141368325263757,2.309703548974647,0.3538651387140075,-2.3855674456908957,6.66830409621841,0.23272238693755176
1725,full+winnable,1.0,2009,regional,reserved,20,268,18,2.1413683252637625,2.3097035489746425,0.3538651387140054,-2.3855674456908815,6.668304096218407,0.23272238693755176
